bare_barcode	fragment_records	chr1_22_X_records	matching_RNA_sample_prefixes	n_matching_RNA_samples
AAACAGCCAAGGACCA-1	15508	15504	1,3	2
AAACAGCCACAGCCAT-1	18668	18643	6	1
AAACAGCCATCCGTAA-1	33394	33345	8	1
AAACAGCCATTAAGCT-1	19114	19088	1	1
AAACATGCACGGTTTA-1	20895	20875	5	1
AAACCAACAACCGCCA-1	45090	45025	1,2	2
AAACCAACATCACAGC-1	27030	26998	2	1
AAACCAACATGTTGGC-1	63226	63112	2	1
AAACCGAAGCCTGATG-1	9565	9560	6	1
AAACCGCGTAACGTGC-1	18331	18324	6	1
AAACCGCGTGAGAAAC-1	9903	9893	1	1
AAACCGGCAGTTTGTG-1	13618	13609	8	1
AAACCGGCATCTAGCA-1	19259	19246	4	1
AAACGCGCACAGAACG-1	32783	32769	4	1
AAACGCGCATTATGCG-1	11384	11377	5	1
AAACGGATCGATATTG-1	26571	26548	1,4,5	3
AAACGTACAGGTTCAC-1	25085	25060	1	1
AAAGCCCGTGGAAGGC-1	13129	13107	2	1
AAAGCGGGTAAACAAG-1	16897	16891	3	1
AAAGGACGTATTGCAG-1	18876	18871	5	1
AAAGGAGCAATCCTAG-1	18303	18284	1	1
AAAGGCTCAACCTGGT-1	14949	14943	3	1
AAAGGCTCAACGTGCT-1	57608	57556	5	1
AAAGGCTCACTAGCGT-1	17731	17721	8	1
AAAGGCTCAGGCATGA-1	21969	21942	1	1
AAATCCGGTGCCGCAA-1	32375	32347	2	1
AAATGCCTCATTGCAA-1	13658	13651	3	1
AAATGGCCAAGGTCGA-1	9334	9326	1	1
AAATGGCCACAAAGCG-1	22469	22460	8	1
AACAAAGGTTCGCTCA-1	8249	8242	5	1
AACAAGCCAAGGTCGA-1	8421	8410	1	1
AACAAGCCAGCATGTC-1	33542	33490	6	1
AACAAGCCAGGCAAGC-1	28178	28145	5	1
AACAGATAGCAGGCCT-1	17407	17391	4	1
AACAGATAGCTTATGA-1	43161	43116	6	1
AACAGCAAGACACCGC-1	28527	28518	3	1
AACAGCAAGGTTTACA-1	16702	16686	5	1
AACAGGATCCGGTTGA-1	11428	11407	4,5	2
AACAGGATCTAGCGTG-1	27624	27598	6	1
AACATAGCAGAGGGAG-1	19786	19775	3,5	2
AACATAGCATGATTGT-1	52489	52427	6	1
AACATCATCCTAAGAC-1	6907	6901	1,5	2
AACATCATCGCTCCAT-1	18021	18014	7,8	2
AACATCATCTTGTCCA-1	3523	3516	1	1
AACATTGTCGATTCTT-1	19982	19960	2	1
AACCCGCAGGTAAGGC-1	47704	47659	6	1
AACCGCTCAGAAATGC-1	15868	15862	6	1
AACCGGCTCTTTAGGA-1	34828	34809	8	1
AACCTAATCAGCTAAC-1	48788	48775	7	1
AACCTAATCATAACGC-1	16558	16539	6	1
AACCTAATCCGGCTAA-1	56924	56906	7	1
AACCTAATCCTAAGAC-1	6394	6390	8	1
AACCTAATCGCTAGCA-1	27230	27201	5	1
AACCTAATCTTTAGGA-1	16043	16024	5	1
AACCTCACAATAATGG-1	20214	20193	5	1
AACCTCACAGGACCTT-1	23763	23741	1	1
AACCTCACATCATGTG-1	42131	42112	8	1
AACCTCCTCCAAGTGT-1	18586	18568	5	1
AACCTTGCACATAACT-1	12037	12033	8	1
AACGACAAGCCTGACA-1	26501	26490	3,7	2
AACGACAAGGATGATG-1	88323	88286	8	1
AACGACAAGGTCCTGA-1	53976	53940	3	1
AACGACAAGTCATTGA-1	18112	18087	1	1
AACGCCCAGCATTATG-1	15864	15852	3	1
AACGCCCAGCGAGTAA-1	12986	12977	8	1
AACGCCCAGTTAGGCT-1	33743	33734	7	1
AACGCTAGTGAGGTGA-1	14739	14728	8	1
AACGCTAGTGGATGTC-1	57978	57935	5	1
AACGCTAGTTCACTGT-1	24657	24629	6	1
AACTACTCATGAGTTT-1	29852	29845	4	1
AACTAGCTCCATTACT-1	5029	5018	6	1
AACTAGCTCCTCCTAA-1	29583	29534	2	1
AACTAGTGTGAAACAA-1	60646	60597	6	1
AACTCACAGCACTAGT-1	13444	13439	3	1
AACTGTTCATCTAGCA-1	27063	27024	6	1
AACTTAGTCCAGGTTG-1	26136	26120	4	1
AACTTAGTCGTAATCA-1	7659	7648	5	1
AAGAACAGTCCACAAA-1	21905	21879	6	1
AAGAACAGTTTACGTC-1	8193	8190	5	1
AAGAATCAGTTAGCTA-1	25190	25163	6	1
AAGACAAGTGCATCGG-1	10956	10946	6	1
AAGACATAGAATCTCA-1	23614	23587	6	1
AAGACATAGCGGTTAT-1	16891	16874	4	1
AAGACATAGTTAGAGG-1	16528	16518	4	1
AAGACCAAGGCCAATT-1	13909	13901	7	1
AAGACCAAGGTCATTA-1	13664	13658	8	1
AAGCAAGTCGCTATAA-1	25372	25344	2	1
AAGCATGAGCAGGCCT-1	38718	38696	4	1
AAGCATGAGCATGAAG-1	25329	25313	4,6	2
AAGCATGAGTGTTGCG-1	16566	16560	4	1
AAGCCACGTATTGTCC-1	12214	12195	6	1
AAGCCTCCATCACTTC-1	14690	14661	3,6	2
AAGCCTGTCCTAGTTT-1	18286	18280	3	1
AAGCCTTAGCGCAATT-1	15499	15485	3	1
AAGCCTTAGTTGCCTC-1	6162	6159	3	1
AAGCGAATCATAATCG-1	14103	14095	7	1
AAGCGAGGTAAGCACC-1	13234	13231	8	1
AAGCGAGGTTTGCAGA-1	34284	34242	6	1
AAGCGCTGTAATGGCC-1	20592	20567	1	1
AAGCGCTGTCATGCAA-1	18551	18524	6	1
AAGCGCTGTTTGTGGA-1	6090	6087	3	1
AAGCGGGTCATAATCG-1	14316	14312	8	1
AAGCGGGTCCGTGACA-1	27104	27094	7	1
AAGCGGGTCTAATCTC-1	10992	10989	7	1
AAGCGTTTCCTGATGG-1	21893	21867	1	1
AAGCGTTTCGTTTCTG-1	45513	45456	2	1
AAGCGTTTCTTTGTAC-1	16753	16733	5	1
AAGCTAGAGATGGAGC-1	27202	27172	6	1
AAGCTAGAGCTGGACC-1	27231	27226	3	1
AAGCTAGAGCTTTGTT-1	96661	96540	6	1
AAGCTAGAGGCCTAAT-1	19353	19346	4	1
AAGCTAGAGTCATTTC-1	19628	19618	4	1
AAGCTATGTAATAGCT-1	59636	59601	4	1
AAGCTATGTTAGACCA-1	13532	13529	2,7	2
AAGCTCCCAAACTGTT-1	54673	54613	5	1
AAGCTCCCAATACTGT-1	5028	5025	3	1
AAGCTCCCAGCAACAG-1	14462	14451	8	1
AAGCTCCCATGCTTAG-1	15119	15103	5	1
AAGCTTGGTAATCGTG-1	36491	36452	5	1
AAGCTTGGTACGATTG-1	4419	4417	7	1
AAGCTTGGTGCTCCGT-1	26081	26035	5	1
AAGCTTGGTGCTTAGA-1	27100	27054	6	1
AAGCTTGGTTAATGCG-1	14273	14266	7	1
AAGCTTGGTTAGTGAT-1	20890	20864	5	1
AAGCTTGGTTTATGGG-1	10972	10958	1	1
AAGGAAGCAGAACCGA-1	6340	6339	8	1
AAGGATCCAGCCAGAA-1	16473	16465	3	1
AAGGATCCAGCCGCTA-1	3366	3365	7	1
AAGGATCCATATTGAC-1	24400	24369	5	1
AAGGATGTCCTTTACG-1	28665	28631	6	1
AAGGATGTCTACCTAT-1	4086	4085	4	1
AAGGATGTCTACCTGC-1	14526	14520	3	1
AAGGATTAGCTATATG-1	24601	24575	5	1
AAGGATTAGTGAACGA-1	28363	28339	6	1
AAGGCCCTCATTGCAA-1	18570	18559	4	1
AAGGTCAAGTCACTCC-1	14758	14752	4	1
AAGGTGCAGGACTTAC-1	32052	32037	8	1
AAGGTGCAGGCTACTG-1	32581	32561	3	1
AAGGTGCAGTTGGATC-1	12877	12862	2	1
AAGTAGCCAGGAATCG-1	13265	13249	5	1
AAGTCTATCACCTGTC-1	7269	7262	3	1
AAGTGAAGTAACCAGC-1	3127	3125	4	1
AAGTGAAGTGGCTTCC-1	17586	17582	6	1
AAGTGAAGTGTGCAAC-1	8628	8623	6	1
AAGTGAAGTTGTAACG-1	15492	15469	6	1
AAGTGCAAGGCGTAAA-1	83674	83639	3	1
AAGTTACGTAAACAAG-1	19924	19900	1	1
AAGTTACGTAACCTAG-1	18146	18139	3	1
AAGTTAGCAGTTAAAG-1	13594	13585	8	1
AAGTTAGCATTTAAGC-1	26378	26369	3	1
AAGTTTGTCACTTCAT-1	28485	28452	2	1
AAGTTTGTCCTGATGG-1	25285	25261	1	1
AAGTTTGTCTAACTGA-1	31860	31821	5	1
AATACCGGTTTGCAGA-1	12411	12398	6,7	2
AATACCGGTTTGCTGT-1	40371	40352	4	1
AATAGAGGTGATCATG-1	4894	4885	1	1
AATAGAGGTGGGTACT-1	25159	25134	2,4	2
AATAGAGGTGTCCAAA-1	21303	21272	1	1
AATAGCTGTCACGAAC-1	12673	12670	7	1
AATATCCCAAACAACA-1	58894	58831	6	1
AATATCCCAAGGCCAA-1	18704	18687	5	1
AATATCCCACAAAGCG-1	23873	23845	2	1
AATATCCCACAGGAAT-1	24369	24345	2	1
AATATCCCATTCCTGT-1	15538	15530	8	1
AATCAGGAGGTTTGCG-1	19490	19485	3,6	2
AATCAGGAGTTTAACG-1	18074	18058	5	1
AATCATCCAAGGTGGC-1	19997	19970	2,5	2
AATCATCCAATACTGT-1	58371	58340	4	1
AATCATGTCACTAATG-1	28194	28165	5	1
AATCATGTCATGCATA-1	30509	30499	4,7	2
AATCATGTCTAGCGAT-1	25997	25961	2	1
AATCCATCATAATCGT-1	39479	39466	8	1
AATCCCTGTGCCGCAA-1	16240	16223	6	1
AATCCCTGTTAGGACC-1	26247	26227	5	1
AATCCGTAGCATTAGC-1	28706	28673	2	1
AATCCGTAGCTTCCCG-1	24018	24003	8	1
AATCCGTAGTCTCACC-1	15713	15702	3,5	2
AATCCGTAGTGTTGTA-1	22154	22144	3	1
AATCGCCCAGTTTCTC-1	35165	35115	6	1
AATCTCAAGAGAAGGG-1	18545	18514	5	1
AATCTCAAGCAGCTAT-1	4206	4200	3	1
AATCTCAAGCTATATG-1	27008	26972	1	1
AATCTCAAGTTGGGCC-1	31167	31149	8	1
AATCTTGAGCTGTCAG-1	43621	43595	4	1
AATCTTGAGGCGAAAC-1	15681	15674	7	1
AATCTTGAGGTTACAC-1	27867	27863	4	1
AATGAAGGTGCATCGG-1	9109	9106	2	1
AATGAAGGTTACCTGT-1	16851	16828	1	1
AATGAAGGTTAGTTGG-1	4506	4506	4	1
AATGCAACAATTATGC-1	32827	32789	2	1
AATGCAACACAGGGAC-1	21589	21568	6	1
AATGCAACATCCGTAA-1	15656	15649	3	1
AATGCAACATCCTAGA-1	14615	14585	1	1
AATGCATGTCAAAGAA-1	7543	7538	3	1
AATGCATGTTAGTTGG-1	24069	24042	5	1
AATGCGCGTGAACAAA-1	24604	24591	6	1
AATGCGCGTGCTCACC-1	96460	96414	7	1
AATGTCATCGTTTCTG-1	7889	7886	1	1
AATGTCCAGCGCTCAA-1	16608	16598	5	1
AATGTCCAGTCACCTC-1	4986	4982	1	1
AATTACCCAGCTACGT-1	12469	12463	5	1
AATTAGGCACACAATT-1	22931	22903	5	1
AATTCGTCAAATTCGT-1	9226	9221	7	1
AATTGACGTATTGTCC-1	10991	10988	3	1
AATTGCCAGGCTTAAC-1	15713	15702	6	1
AATTGCTCAGCTAATT-1	14656	14646	3	1
AATTGGACAAACGCGA-1	18079	18063	3	1
AATTGGACAAATTGCT-1	6102	6099	3	1
AATTGGGAGTAGCTTA-1	34039	34023	3	1
AATTGTGTCAAATCGC-1	25172	25153	6	1
AATTTCCTCCTAGTTT-1	15929	15924	3	1
AATTTGCCATGTCGCG-1	47656	47639	8	1
AATTTGGTCAGCTAAC-1	14718	14708	7	1
AATTTGGTCATGCAAC-1	19736	19727	4	1
AATTTGGTCCCGCATT-1	18013	18005	6	1
ACAAACTGTTAGTGAT-1	3413	3409	5	1
ACAAACTGTTTGCTGT-1	6645	6642	3	1
ACAAAGGTCAATGTCA-1	23249	23211	5	1
ACAAAGGTCATTGACA-1	19943	19917	3,6,8	3
ACAAAGGTCCCGTTAC-1	24508	24492	5	1
ACAAAGGTCCTTAATC-1	5781	5771	6	1
ACAAAGGTCTTGGATA-1	22004	21983	3	1
ACAACAACAAATTCGT-1	30028	30019	8	1
ACAACAACAAGTGTTT-1	29000	28969	2	1
ACAACAACAGTTTGTG-1	35073	35028	5	1
ACAACACTCATTGTTC-1	11216	11213	3	1
ACAACACTCCCTCAGT-1	20810	20787	5	1
ACAACACTCCTTCTAG-1	18942	18934	3	1
ACAACAGAGTGCTGTG-1	38594	38549	1	1
ACAACATGTAAAGCAA-1	21861	21836	5	1
ACAACATGTAGCTGCG-1	5960	5953	2	1
ACACAATGTCAGTAAT-1	17433	17427	3	1
ACACAATGTTAGAGCC-1	23065	23038	2	1
ACACGGACATTGTGAT-1	9324	9321	3	1
ACACTAATCCGCAAAT-1	11736	11729	4	1
ACACTAATCCTGCGAA-1	7463	7461	3	1
ACACTAATCTTTGAGA-1	15795	15785	4	1
ACACTAGGTGGATGTC-1	21910	21896	6,7	2
ACACTAGGTGTCCAAA-1	57197	57146	4	1
ACACTAGGTTGCGCGA-1	38184	38157	7	1
ACACTTAAGCGCATTG-1	19846	19812	6	1
ACACTTAAGGCAGGTG-1	12037	12034	8	1
ACACTTGCAACAGGTG-1	40043	40001	1	1
ACACTTGCAATTGAGA-1	26999	26984	8	1
ACACTTGCACCCACCT-1	44210	44170	6	1
ACACTTGCACTAGGTC-1	17061	17056	4	1
ACACTTGCAGGTCCTG-1	33208	33172	5	1
ACACTTGCATGATTGT-1	17243	17222	6	1
ACAGCCGGTGCTCACC-1	47986	47967	7	1
ACAGCGCTCAAACACC-1	55640	55615	4,7	2
ACAGGAATCACTTCAT-1	18338	18327	3	1
ACAGGAATCGCTTGCT-1	13881	13870	7	1
ACAGGAATCTCCTCAA-1	21136	21112	2	1
ACAGGATCAGATAGAC-1	38138	38123	7	1
ACAGGCTGTACCGTTT-1	27851	27841	7	1
ACAGGTAAGCTCATAA-1	41520	41503	8	1
ACAGGTAAGGGTTATC-1	27082	27069	3	1
ACATTGCAGATTGAGG-1	16541	16529	3,4	2
ACATTGCAGCGATACT-1	25546	25531	7	1
ACATTGCAGCGCATTG-1	75537	75510	7	1
ACATTGCAGCTTCCCG-1	38369	38341	7	1
ACATTGCAGGAGGGTT-1	18627	18616	4	1
ACATTGCAGTTGTCCC-1	15322	15316	7	1
ACCAAACTCGGTACGC-1	40968	40954	4	1
ACCAAGCGTGATTTGG-1	39947	39926	4	1
ACCAAGCGTGCCTCAC-1	48301	48272	3	1
ACCAAGCGTGTTTGAG-1	33123	33083	6	1
ACCAAGTTCACTCAAA-1	24394	24363	5	1
ACCAAGTTCATAATCG-1	14683	14676	3	1
ACCAAGTTCGAGGAGT-1	54801	54781	8	1
ACCAATATCAATGAGG-1	38044	38020	3	1
ACCACATAGAGGGACT-1	17871	17858	6	1
ACCACATAGCAGGTGG-1	30491	30448	5	1
ACCACATAGTTACTTC-1	5551	5551	7	1
ACCAGCTCATTGTGGC-1	37853	37818	6	1
ACCAGGCTCTGTGCAG-1	89125	89089	4	1
ACCAGGGAGTCACCAG-1	27956	27946	7	1
ACCATAATCATGCTCC-1	17588	17572	5	1
ACCATTAAGGTTTGAC-1	40487	40473	3	1
ACCCAACCACCTAATG-1	21854	21844	4	1
ACCCAACCAGGATGGC-1	27107	27094	8	1
ACCCAACCAGGTTACC-1	80735	80683	3	1
ACCCAACCAGTTTCTC-1	16134	16110	5	1
ACCCAGGGTTAAGGCC-1	6285	6277	2	1
ACCCGCTGTAGCTGCG-1	3191	3185	1	1
ACCCGCTGTCATCCTG-1	22073	22058	4	1
ACCCGGTAGCCGCTAA-1	29424	29409	4	1
ACCCGGTAGCCTGTTC-1	20046	20033	3	1
ACCCGGTAGGCATGTT-1	19473	19456	6	1
ACCCGTAAGCAAACCT-1	14400	14396	3	1
ACCCGTAAGCACCACA-1	13517	13512	7	1
ACCCGTAAGGTGTCCA-1	13978	13965	1	1
ACCCGTAAGTACCGCA-1	23679	23648	2,4	2
ACCCTCCCAGTAATAG-1	7649	7642	2	1
ACCCTCCCAGTAGGTG-1	6710	6708	7	1
ACCCTCCCATAAACCT-1	7294	7287	7	1
ACCCTCCCATTAGGCC-1	63553	63517	3	1
ACCCTGTTCTAGCTTT-1	36221	36188	5	1
ACCGAAGCAAACGCGA-1	74087	74056	7	1
ACCGAAGCAAGTAAGC-1	24336	24328	8	1
ACCGAAGCATTCAGCA-1	12942	12935	3	1
ACCGCAATCCTTGAGG-1	32130	32097	5	1
ACCGGCTAGACTTACA-1	7155	7151	7	1
ACCGGCTAGTACCGCA-1	17099	17080	5	1
ACCTAAATCCGCAAAT-1	28685	28675	8	1
ACCTAAGGTATACTGG-1	21976	21951	6	1
ACCTAAGGTCACACCC-1	37218	37177	6	1
ACCTAAGGTCCTCCAA-1	58238	58223	7	1
ACCTACCTCATGGCTG-1	21314	21289	5	1
ACCTACCTCTCGACCT-1	30596	30584	7	1
ACCTCACTCTCCTCAA-1	7258	7249	5	1
ACCTGGATCCCTGTTA-1	47662	47594	2	1
ACCTGGTCAAGCCACT-1	18488	18473	6	1
ACCTGGTCACCAACCG-1	24277	24253	1	1
ACCTGGTCACTCAACA-1	26392	26365	5	1
ACCTGGTCAGCATGAG-1	86455	86349	5	1
ACCTGGTCATTGTCCT-1	22318	22306	4	1
ACCTGTTGTTGTCCAT-1	4990	4983	1	1
ACCTTCATCCTTTACG-1	26970	26962	4	1
ACCTTCCAGCAGCTAT-1	13506	13491	5	1
ACCTTCCAGCCGCAGT-1	7433	7426	1,2	2
ACCTTCCAGGCTAGAA-1	16297	16288	7	1
ACCTTCCAGGTATTGC-1	11091	11086	3	1
ACCTTGCTCCCTGGTT-1	14628	14613	1	1
ACCTTGCTCTTTGTAC-1	18773	18745	5	1
ACCTTGTGTCACAAAT-1	57891	57815	1	1
ACGAACAAGGGACTAA-1	67380	67347	7	1
ACGAACAAGTTATGGC-1	12343	12328	5	1
ACGAACAAGTTGTCAA-1	27946	27930	3	1
ACGAAGTCAGTTTGTG-1	44720	44674	6	1
ACGAATCTCGAGCAAA-1	25958	25930	1	1
ACGAATCTCTAAGGAG-1	47001	46967	2,3	2
ACGAATCTCTTAGCCC-1	49397	49380	4,7	2
ACGACAAAGAATCGCT-1	19028	19002	6	1
ACGACAAAGGCCTTAG-1	18049	18028	2	1
ACGAGTAAGCTCCCTG-1	20639	20614	5	1
ACGAGTAAGTCATTAG-1	18880	18871	4	1
ACGAGTAAGTGCACGC-1	18250	18224	5	1
ACGAGTAAGTTCCTCA-1	23354	23331	1	1
ACGATTCAGTTAGACC-1	30222	30193	4,5	2
ACGCACGGTAAGCACC-1	56025	55958	6	1
ACGCACGGTTTATCGC-1	15855	15847	3	1
ACGCCACAGCGATAAG-1	22345	22331	2	1
ACGCCACAGCTCAAAC-1	26528	26515	3	1
ACGCCACAGGCGCATC-1	16918	16901	1	1
ACGCCTTTCTGCAACG-1	30735	30726	3	1
ACGCTTGAGACCATAC-1	17567	17545	2	1
ACGCTTGAGGGTTATC-1	17815	17789	5	1
ACGGGAAGTCATAAGT-1	14037	14022	1	1
ACGGGAAGTGAGACTC-1	43297	43278	8	1
ACGGTACGTGTTTGCT-1	20714	20712	8	1
ACGGTACGTTTGGGCG-1	41993	41948	6	1
ACGGTTTAGACAACAG-1	8762	8751	2	1
ACGGTTTAGCAGCTAT-1	19727	19715	8	1
ACGTACCCAAACGGGC-1	23212	23203	8	1
ACGTACCCACTAGGTC-1	16786	16766	1	1
ACGTCAAGTACCGGAT-1	22356	22341	2,4	2
ACGTCAAGTCGACTAA-1	18202	18187	6	1
ACGTCCAAGCACGTTG-1	17242	17231	3	1
ACGTCCAAGTAAGGGC-1	25798	25767	1	1
ACGTCCAAGTTTGGTA-1	68941	68903	4	1
ACGTCCTTCACACAGT-1	32384	32345	5	1
ACGTCCTTCACCAATA-1	24123	24096	1	1
ACGTCCTTCATCACTT-1	51414	51391	7	1
ACGTCCTTCCACCTGT-1	31518	31475	2	1
ACGTCCTTCCATAATG-1	21508	21500	8	1
ACGTCCTTCCGGTTAG-1	29938	29903	2	1
ACGTTACAGAACCTGT-1	22681	22662	1	1
ACGTTACAGAATCGCT-1	17423	17409	5	1
ACGTTACAGGCACAGG-1	16101	16092	3	1
ACGTTACAGGCTGTGC-1	31715	31677	2	1
ACGTTACAGGTGAGAC-1	3980	3979	3,8	2
ACGTTGTAGGTATTGC-1	2519	2518	3	1
ACTAAAGCAAACCCTA-1	23055	23046	7	1
ACTAAAGCAACAGGTG-1	48624	48577	5	1
ACTAAAGCATACTCCT-1	6954	6949	3	1
ACTAACGGTTACGCAA-1	26433	26412	6	1
ACTAACGGTTACTTGC-1	12260	12254	7	1
ACTAACTCAATTATGC-1	11179	11169	5	1
ACTAACTCACCGTTCC-1	18988	18975	2	1
ACTAACTCAGCAAGGC-1	32047	32024	4	1
ACTAACTCAGCAGGTA-1	26132	26117	4,7	2
ACTAACTCATGCTATG-1	11624	11619	3	1
ACTAATCCAAGTAAGC-1	56246	56227	7	1
ACTAATCCAATACTGT-1	16712	16707	4	1
ACTAATCCAGCCGCTA-1	23673	23652	2	1
ACTATCCGTGAATCGC-1	20833	20812	1	1
ACTATCCGTTGAATCG-1	9571	9570	8	1
ACTATGTCAAGCCAGA-1	23559	23531	1	1
ACTATGTCACGCAACT-1	4031	4028	4	1
ACTATGTCACGTTACA-1	19004	18985	1	1
ACTATGTCATGCTCCC-1	7672	7666	1	1
ACTCACCTCCGGTTGA-1	51225	51170	5	1
ACTCACCTCGGTCAAT-1	23039	23012	2	1
ACTCACCTCGTACCGA-1	22630	22624	3	1
ACTCACCTCTGTGCCT-1	16830	16813	5	1
ACTCACTGTGGAAACG-1	5588	5586	7,8	2
ACTCCTCAGGCCTGGT-1	18198	18179	6	1
ACTCCTCAGGGATGAC-1	31215	31200	3,4	2
ACTCCTCAGTAGCGCC-1	52080	52026	3,6	2
ACTCGCGCATAAAGCA-1	25912	25832	2	1
ACTGAAACAACAGGTG-1	20050	20025	6	1
ACTGAAACAATATACC-1	17743	17726	1	1
ACTGAAACAGCAAGTG-1	23342	23330	5	1
ACTGAATGTTGTGATG-1	26426	26409	3	1
ACTTACAAGAGAAGGG-1	14337	14323	5	1
ACTTACAAGCCACAAT-1	47862	47808	5	1
ACTTACAAGGAACGGT-1	10036	10025	6	1
ACTTACAAGGCCTTAG-1	8851	8849	3	1
ACTTACTTCCAGGTTG-1	31696	31688	8	1
ACTTACTTCGATAACC-1	24738	24711	2	1
ACTTACTTCGGTCATG-1	11360	11357	4	1
ACTTAGGGTGGACATC-1	6269	6268	3	1
ACTTAGGGTTTAGTCC-1	25162	25148	7	1
ACTTATCTCACTCAAA-1	21616	21588	5	1
ACTTATCTCTAGCTAA-1	47406	47332	5	1
ACTTATGAGAGGCTAA-1	17901	17893	3	1
ACTTATGAGCATTAGC-1	19404	19381	2	1
ACTTATGAGGTCCTAG-1	13306	13301	8	1
ACTTCGCTCGTGCTAG-1	7351	7348	8	1
ACTTCGCTCTAAGTCA-1	16927	16878	5	1
ACTTGTAAGCGCTCAA-1	18514	18508	3	1
ACTTGTAAGGTCATTA-1	2908	2905	3	1
ACTTGTCGTGCAACTA-1	18078	18070	4	1
ACTTGTCGTGTTGTAG-1	16740	16730	5,8	2
ACTTGTCGTTTAGCGA-1	55740	55702	7	1
ACTTTGTTCCCTGACT-1	23580	23570	8	1
ACTTTGTTCCTGATTT-1	15984	15972	3	1
AGAAACCCACAGGAAT-1	12629	12628	5	1
AGAAACCCAGGCATCT-1	25203	25164	6	1
AGAAACTAGCCAAATC-1	6144	6138	5	1
AGAAACTAGCTTAGTA-1	19396	19376	2,3	2
AGAAACTAGGACCAGG-1	5608	5604	6	1
AGAAACTAGGCTTAAC-1	27063	27050	4	1
AGAAACTAGGGTCCAC-1	28985	28947	6	1
AGAAACTAGTGAGCGG-1	90656	90534	5	1
AGAACAAGTGAAGCCT-1	13341	13324	2	1
AGAACAAGTGTGCAAC-1	24680	24643	2	1
AGAACCAAGACACTTA-1	17572	17564	3	1
AGAACCAAGAGGAGTC-1	25929	25920	7	1
AGAACCAAGCAGCTCA-1	67051	66977	6	1
AGAACCAAGCTTAACA-1	18227	18206	6	1
AGAACCAAGGAGGCAT-1	15519	15515	4	1
AGAACCAAGGTGCTGC-1	21455	21428	6	1
AGAACCAAGTTTGGTA-1	79523	79471	4	1
AGAACCGCATAGCTGC-1	26171	26162	8	1
AGAAGGTGTCGCAATA-1	42318	42281	6	1
AGAAGGTGTTACCTGT-1	12620	12616	3	1
AGAAGGTGTTGAGCCG-1	17520	17513	3	1
AGAATCGAGCAGGCCT-1	33314	33273	6	1
AGAATCTGTGGGTGAA-1	22335	22309	1	1
AGACACGCAAGACTCC-1	22652	22627	2	1
AGACACGCACCTAAGC-1	23191	23185	7	1
AGACACGCAGGCTAGA-1	27697	27682	4	1
AGACACGCATCCTAGA-1	15652	15644	7	1
AGACCCGGTTAATGCG-1	20040	20026	4	1
AGAGAAGCAAACGGGC-1	16403	16381	6	1
AGAGAAGCAATCATGT-1	23092	23076	6	1
AGAGAGGAGGTGAAGC-1	44771	44758	8	1
AGAGAGGAGTCATCCC-1	91728	91627	6	1
AGAGATTAGCAAGGTA-1	13344	13325	5	1
AGAGATTAGCGATAGA-1	37116	37090	4	1
AGAGATTAGGTGAGAC-1	3529	3526	1	1
AGAGATTAGTGAAGTG-1	12680	12678	3,4	2
AGAGGAACAAGTGAAC-1	69916	69825	6	1
AGAGGAACAATTAGCT-1	21474	21456	5	1
AGAGGAACAGTTATCG-1	25764	25733	2	1
AGAGGAACATACCCGG-1	9943	9934	4	1
AGAGGAACATGGAGGC-1	25036	25026	8	1
AGAGGATGTGACCTGG-1	16870	16850	6	1
AGAGGATGTGCCGCAA-1	23325	23299	5	1
AGATGAAGTTAATGAC-1	23841	23822	3,4	2
AGATGCTTCATGGCCA-1	14559	14543	2	1
AGCAAATAGCGGATAA-1	14944	14939	3	1
AGCAAATAGTCACTAA-1	18943	18936	8	1
AGCAAATAGTGAACCT-1	10306	10301	3	1
AGCAACAAGCGGATAA-1	35432	35413	3	1
AGCAATACATTGCAGC-1	20746	20728	7	1
AGCACAGCATACCCGG-1	16797	16792	7	1
AGCACAGCATATAACC-1	11851	11845	3	1
AGCACAGCATTGCGGT-1	21410	21383	5	1
AGCACTAGTCCGGTTC-1	20046	20031	2,7	2
AGCACTAGTCTTTATG-1	20625	20614	7	1
AGCAGGTAGATGGACA-1	33694	33638	6	1
AGCAGGTAGGTGAAAT-1	34746	34731	8	1
AGCATCCCAATCTCTC-1	4066	4066	3	1
AGCATCCCACCTCACC-1	19311	19287	6	1
AGCATCCCAGCATTAT-1	8209	8196	5	1
AGCATTTCAATAATGG-1	23132	23111	2	1
AGCATTTCACTGACTA-1	29361	29316	2	1
AGCATTTCATCCTGAA-1	16837	16832	7	1
AGCCAGTGTACCTTAC-1	26634	26598	5	1
AGCCAGTGTATTGCAG-1	61917	61892	4	1
AGCCAGTGTCAATAGT-1	81043	80925	6	1
AGCCAGTGTTACGCAA-1	38439	38391	6	1
AGCCGCTAGTCTCACC-1	24150	24120	1,4	2
AGCCGGTTCGAGCTAT-1	27484	27469	7	1
AGCCTAAGTGTTGCAA-1	20787	20763	6,8	2
AGCCTAGTCAGGGCCT-1	24965	24936	2,4	2
AGCCTAGTCCCTGGAA-1	41250	41234	7	1
AGCCTAGTCCCTGTTA-1	16779	16773	4	1
AGCCTCCGTTAACGGC-1	28792	28753	5	1
AGCCTGGGTACTGAAT-1	64765	64747	7	1
AGCCTGGGTTACCTGT-1	20827	20807	2	1
AGCCTGGGTTGCGGAT-1	54275	54241	3	1
AGCGATTTCCAATAGC-1	50140	50114	2,8	2
AGCGATTTCGCTCCAT-1	25060	25050	7	1
AGCGCCTAGAGGAAGG-1	19590	19578	6	1
AGCGGACCAAAGCTAA-1	54528	54465	5	1
AGCGGACCATAATCAC-1	15317	15314	1,4	2
AGCGGATAGCTAATCA-1	21757	21752	7	1
AGCGGATAGCTCATAA-1	25787	25765	2	1
AGCGGATAGGACCGCT-1	11661	11651	4	1
AGCGGATAGGCGCTTA-1	23291	23260	5	1
AGCGGATAGTCATTGA-1	2988	2984	6	1
AGCGGATAGTCCTTCA-1	51820	51798	8	1
AGCGGATAGTTTAACG-1	20901	20871	6	1
AGCGTGCTCATGTTTC-1	17613	17598	4,6	2
AGCGTGCTCCTAAGAC-1	25167	25126	1	1
AGCGTGCTCTCTAGCC-1	22715	22704	8	1
AGCTAAACAAGTTATC-1	35378	35345	1	1
AGCTAAACAATCATGT-1	19709	19680	1	1
AGCTAAACAGCAAGTG-1	15102	15094	3	1
AGCTAAACAGGAACTG-1	22732	22716	2	1
AGCTAAACATTGTGTG-1	42701	42637	5	1
AGCTAACTCAATCTCT-1	14483	14476	4,7	2
AGCTAACTCCTGATGG-1	14966	14953	2,6	2
AGCTAACTCTGCAAGT-1	23241	23214	6	1
AGCTACGTCATGCATA-1	29059	29044	3	1
AGCTACGTCCCTCATA-1	31146	31117	1	1
AGCTACGTCTCCATGC-1	23846	23825	1	1
AGCTACTAGGAGTCGG-1	38293	38261	1	1
AGCTACTAGGTAAGCA-1	25082	25054	2	1
AGCTAGTTCGAAGCGG-1	9030	9026	8	1
AGCTATATCAGTTCCC-1	36617	36567	5	1
AGCTATATCATGCATA-1	49839	49811	4	1
AGCTCATAGGAAACTG-1	37110	37090	4	1
AGCTTAATCAATCTAG-1	9729	9711	6	1
AGCTTAATCCTGGCTT-1	19349	19326	5	1
AGCTTAATCTTGCTAT-1	50413	50359	2	1
AGCTTCCTCCCGAAGC-1	5840	5836	3	1
AGCTTCCTCTCCATAT-1	20149	20130	1	1
AGCTTGGTCCTAGTTT-1	9933	9930	3	1
AGCTTTAAGTATTGCA-1	14475	14471	7	1
AGGAAACGTAGTAAGA-1	46657	46605	1	1
AGGAAACGTTCAAGAT-1	9611	9603	1	1
AGGAACCAGCGATAGA-1	44028	43977	5	1
AGGAACCAGCTATATG-1	20534	20524	6	1
AGGAACGGTTAGAGCC-1	70045	69967	5	1
AGGACGTAGCCGGTAC-1	77973	77897	5	1
AGGACGTAGTCATGCG-1	18475	18448	5	1
AGGACTAAGCTTTGGG-1	31082	31061	2	1
AGGACTAAGGAACCAA-1	71397	71305	5	1
AGGACTAAGGAGCATA-1	17454	17444	7	1
AGGAGCTAGCTTCTCA-1	11331	11323	7	1
AGGATATAGCAGCTCA-1	36889	36858	1	1
AGGATATAGGAGGACT-1	29593	29556	4,6	2
AGGATATAGGTTAGCT-1	21243	21205	6	1
AGGATCCGTAAGCACC-1	36902	36859	6	1
AGGATCCGTTGGTGAC-1	28213	28189	2	1
AGGATGCAGACAGGTA-1	19309	19289	5	1
AGGATGTCAACCTAAT-1	44818	44805	7	1
AGGATGTCACCTCAGG-1	16404	16392	3	1
AGGCAATCACTCGCTC-1	25700	25676	2	1
AGGCAATCATATTGAC-1	16036	16005	2	1
AGGCAGGTCCTGTTCA-1	17149	17140	3	1
AGGCAGGTCTCATCAT-1	42390	42346	6	1
AGGCCCAGTAAATTGC-1	23679	23650	2	1
AGGCGGATCAAGCTTA-1	26003	25988	3	1
AGGCTAAAGCAAGATG-1	15898	15892	3	1
AGGCTAAAGTCAGTAC-1	16995	16988	4	1
AGGCTAGCACGAATCC-1	6865	6860	4	1
AGGGCCTTCAGGTCCA-1	17605	17578	5	1
AGGGCCTTCCGCATGA-1	26488	26459	5	1
AGGGCCTTCGTTATAG-1	17172	17164	6	1
AGGGCTACAGATTCAT-1	21385	21378	4	1
AGGGTTGCACTTAGGC-1	10790	10774	2	1
AGGGTTGCATGTCAAT-1	47346	47327	3	1
AGGTAACCATTAAACC-1	4347	4347	5	1
AGGTACGCAGGCATGA-1	20519	20507	3	1
AGGTACGCAGGCCTTG-1	28262	28215	2	1
AGGTATTGTGCGCAAT-1	37682	37671	7	1
AGGTATTGTTACGCGG-1	48764	48701	5	1
AGGTCAAAGACAACAG-1	42791	42780	8	1
AGGTCAAAGCCATCAG-1	17320	17295	1	1
AGGTCAAAGCGAGCGA-1	18287	18273	3	1
AGGTCAAAGTTATTCC-1	112040	111992	1,8	2
AGGTCCGGTTGACTTC-1	15511	15506	2	1
AGGTCTTAGCTGTCAG-1	29078	29063	6	1
AGGTCTTAGGAGTCGG-1	37894	37853	6	1
AGGTCTTAGGTTACGT-1	46056	46040	8	1
AGGTCTTAGTTCCTCA-1	23462	23444	2,3	2
AGGTGAATCAGGTTTA-1	6740	6738	3	1
AGGTGAATCGTCAAGT-1	26208	26200	6	1
AGGTGAGGTGGGTACT-1	16939	16924	6	1
AGGTGAGGTTACATCC-1	32902	32858	2	1
AGGTGAGGTTAGCCAA-1	17944	17921	2	1
AGGTGAGGTTCACCCA-1	17832	17805	1	1
AGGTGAGGTTCCAGGG-1	18189	18168	5	1
AGGTGAGGTTTGTTGC-1	56317	56235	6	1
AGGTTAACAGCAAGTG-1	23199	23192	7	1
AGGTTACTCATTTGTC-1	45670	45621	4,5	2
AGGTTAGAGCCAAATC-1	15537	15520	5	1
AGGTTGCGTTATCGAG-1	17552	17547	4	1
AGGTTTATCATTAGTG-1	17372	17361	1,3	2
AGGTTTATCCTTAGGG-1	12688	12671	5	1
AGGTTTGGTAGTTGGC-1	38884	38852	6	1
AGGTTTGGTATTTGCC-1	17173	17156	6	1
AGGTTTGGTCCTAAGA-1	35432	35422	7	1
AGTAACACATCATGGC-1	13625	13612	7	1
AGTAAGTAGTTGGGCC-1	10494	10480	7	1
AGTAATCGTCATTGAG-1	18012	17996	5	1
AGTAATCGTCCCGAAG-1	17936	17928	3	1
AGTACGCGTGTGTCCC-1	18256	18238	5	1
AGTAGGATCGGTCAGC-1	26134	26121	3	1
AGTAGGATCTACTAAG-1	17740	17730	6	1
AGTATAGCAAGGTACG-1	13038	13030	7	1
AGTATAGCAGGTTAAA-1	19982	19946	5	1
AGTCAAGAGATGGACA-1	30150	30138	3	1
AGTCAAGAGCAACATC-1	12345	12336	3	1
AGTCAAGAGGGTCTAT-1	60912	60884	4	1
AGTCAATGTGATTTGG-1	20335	20322	3	1
AGTCAGGCACTAAGTT-1	18644	18629	5	1
AGTCCTGAGATTGAGG-1	16631	16623	3	1
AGTCCTGAGCTTACTT-1	28774	28761	3	1
AGTCCTTGTCATTACC-1	28914	28900	4	1
AGTCCTTGTTGAATCG-1	3933	3922	5	1
AGTCCTTGTTGGTGAC-1	53281	53259	7	1
AGTCGCATCCGCAAGC-1	28173	28144	5	1
AGTCTTGCAATTAACC-1	26572	26544	6	1
AGTCTTGCATGTCGCG-1	15110	15083	6	1
AGTGAACCAAGTGTTT-1	6947	6944	8	1
AGTGAACCAGTTAGCC-1	21335	21309	2	1
AGTGAGTCAACACTTG-1	54752	54730	8	1
AGTGATGAGGAGCACG-1	13359	13352	8	1
AGTGATGAGGCTGGCT-1	16977	16961	5,6	2
AGTGATGAGTCATTAG-1	14374	14366	7	1
AGTGCACGTAACCACA-1	77002	76891	6	1
AGTGCACGTACCAGGT-1	17828	17800	5	1
AGTGCACGTGGCTTCC-1	20568	20554	4,5	2
AGTGCACGTTTATCTG-1	4638	4637	8	1
AGTGCCGGTGCTAGAC-1	17513	17477	2	1
AGTGCCGGTTAATGCG-1	16257	16253	3	1
AGTGCCGGTTACGCAA-1	11076	11066	1	1
AGTGCGGAGCTGTACG-1	21867	21847	6	1
AGTGCGGAGGCTGTGC-1	29035	28980	1	1
AGTGCGGAGTTTGCGG-1	16598	16570	6	1
AGTGGACAGCTGGAAA-1	47943	47882	1	1
AGTGTGGCAATAATGG-1	17027	17024	5	1
AGTGTGGCAGGGAGCT-1	26783	26761	1,5	2
AGTTACATCCGTTATT-1	66069	66039	4	1
AGTTACTCAAGCCACT-1	89787	89741	7	1
AGTTGCAGTTCCTGAT-1	17867	17846	6	1
AGTTGCAGTTTATCGC-1	25006	24968	5	1
AGTTGCAGTTTGTCTA-1	38128	38073	5	1
AGTTGCGTCCCTCACG-1	10392	10378	5	1
AGTTGCGTCGAGGAAC-1	21285	21266	1	1
AGTTGGCGTCATCAAG-1	21790	21778	4	1
AGTTGGCGTCGAAGTC-1	27756	27742	7	1
AGTTGTCAGCATGAAG-1	17883	17865	5	1
AGTTGTCAGGCCCAGT-1	58789	58767	8	1
AGTTTGATCACAGCGC-1	50840	50819	7,8	2
AGTTTGCAGACTCGCA-1	26114	26085	2	1
AGTTTGCAGGAGTAAT-1	3329	3327	1	1
ATAACGACAAGCTTAT-1	16639	16631	3	1
ATAACGACAGGATGGC-1	90523	90407	5	1
ATAAGCCTCACAGCGC-1	3470	3464	2	1
ATAAGCCTCCTGCGAA-1	4199	4197	5	1
ATAATGGCACTCAACA-1	2544	2544	7	1
ATACCGGTCATGTGGT-1	9337	9328	2,7	2
ATACCGGTCATTATGG-1	19120	19104	6	1
ATAGATGCAAGGTCCT-1	22666	22629	6	1
ATAGATGCAGTTAGCC-1	26982	26970	7	1
ATATAGGCAAAGCTCC-1	33940	33903	6	1
ATATAGGCAACTAGCC-1	37547	37516	1,5	2
ATATAGGCAATAATGG-1	17530	17517	1	1
ATATAGGCACTTCATC-1	19242	19221	6	1
ATATGCATCATGCTCC-1	24064	24054	3	1
ATATGCATCCTAATTC-1	17359	17350	5	1
ATATGCATCCTTAGGG-1	28394	28377	6	1
ATATGCTCAAGTAAGC-1	26282	26256	6	1
ATATGGTGTAGCTAGC-1	15793	15785	3	1
ATATGGTGTGCAATGC-1	5809	5806	3	1
ATATGTCCAAAGCGGC-1	17906	17881	1	1
ATCAAGACAAAGCTAA-1	44762	44738	7	1
ATCAAGACAAGTGTCC-1	3140	3137	8	1
ATCAAGACACATTAAC-1	26713	26659	1	1
ATCAAGCTCCACCCTG-1	20130	20103	6	1
ATCAATCCAATCCCTT-1	17500	17489	4	1
ATCAATCCAGCTACGT-1	4762	4762	3	1
ATCAATCCAGGGAGGA-1	55114	55090	4	1
ATCACAATCAGGATGA-1	13360	13352	5	1
ATCACAATCGCTAGTG-1	27699	27684	3	1
ATCACACAGCACAGCC-1	40033	40015	3	1
ATCACACAGGCGAAAC-1	25104	25076	5	1
ATCACACAGGGTCCAC-1	7634	7630	1	1
ATCACCCTCAGAAACG-1	16733	16729	7	1
ATCACTAAGGCGGATG-1	26550	26541	7	1
ATCACTAAGTATTGTG-1	8305	8296	2	1
ATCAGGTTCCTCACTA-1	28080	28069	4	1
ATCATCAAGTCTTGAA-1	75948	75875	6	1
ATCATCAAGTGCACGC-1	25089	25054	1	1
ATCATGTCACATTGCA-1	19044	19026	4	1
ATCATGTCATTGGGAG-1	26702	26678	2	1
ATCCAACAGCCTGAGC-1	14119	14110	7	1
ATCCAACAGTAAACCC-1	18089	18061	5	1
ATCCACCTCCAATTAG-1	16770	16768	3,4	2
ATCCACCTCTGTTCAT-1	39584	39562	7	1
ATCCATAAGCGGCTGT-1	14885	14871	6	1
ATCCATAAGGACCTTG-1	19412	19387	2	1
ATCCATAAGGCGGATG-1	69407	69375	4	1
ATCCATAAGGCTACAT-1	29010	28986	2	1
ATCCATAAGTCCTTTG-1	10545	10539	4	1
ATCCCGCGTAAAGCGG-1	36479	36470	4	1
ATCCCGCGTTGGTTGA-1	7364	7356	2	1
ATCCGTGAGAACAAGT-1	24390	24382	5	1
ATCCGTGAGCTGCACA-1	14495	14489	7	1
ATCCGTGAGTCACTAA-1	30577	30560	7	1
ATCCTCATCATAACTG-1	12323	12304	5	1
ATCCTCATCGATAACC-1	10333	10324	6	1
ATCCTCATCGTTAGCG-1	2945	2944	3	1
ATCCTTAGTTCGGTAA-1	18736	18720	5	1
ATCGCCCGTAGCTGCG-1	26831	26806	2	1
ATCGCCCGTCATTGAG-1	75220	75102	6	1
ATCGCCCGTGATTACG-1	19660	19638	5	1
ATCGCCCGTGCCGCAA-1	47785	47759	7	1
ATCGCCCGTTGGTTCT-1	47181	47122	6	1
ATCGGCCAGACACTTA-1	21192	21185	8	1
ATCGGCCAGACAGGCG-1	15194	15190	7	1
ATCGGCCAGCTTGCTC-1	16779	16769	7	1
ATCGGCCAGGGTTATC-1	97636	97498	6	1
ATCGGCCAGGTCAAAG-1	29243	29215	2	1
ATCGGCCAGTAAGAAC-1	27761	27737	2	1
ATCGGCCAGTGAGCAA-1	23624	23606	1	1
ATCTATGAGCTCATAA-1	25933	25906	2	1
ATCTATGAGTCAGGCC-1	19141	19135	7	1
ATCTATGAGTTGGCCA-1	48775	48750	8	1
ATGAAGTAGCTGGCTA-1	26109	26076	1	1
ATGAAGTAGTAGCGGG-1	21954	21933	6	1
ATGAAGTAGTGAACCT-1	13842	13826	1	1
ATGAATGCAAACGCGA-1	27893	27866	6	1
ATGAATGCACGCAACT-1	23135	23114	2,7	2
ATGAATGCACGTTACA-1	17980	17971	5	1
ATGAATGCAGGACCAA-1	15282	15271	5	1
ATGACAACAGAACCGA-1	40396	40365	1	1
ATGACAACAGCACGTT-1	56700	56630	6	1
ATGACAACAGGCTTCG-1	26337	26313	6	1
ATGACGAAGCCGCAAC-1	26496	26485	8	1
ATGAGCCGTAAGTCGC-1	10975	10970	5	1
ATGAGCCGTATTCGTC-1	22005	21967	5	1
ATGATGGAGAACCTAC-1	21238	21230	6	1
ATGATGGAGCCGCAAC-1	14108	14101	8	1
ATGATGGAGGTTACGT-1	15283	15273	3	1
ATGCAAACAGCCAGAA-1	19427	19419	6	1
ATGCAGGCAATCTCTC-1	26015	25998	2	1
ATGCAGGCATGTCGCG-1	14147	14143	7	1
ATGCATTCACAAGCCT-1	89188	89154	7	1
ATGCATTCAGTTGCGT-1	60478	60448	8	1
ATGCATTCATAGCTGC-1	25384	25360	5	1
ATGCATTCATCACTTC-1	14889	14874	6	1
ATGCCTGAGGTAGCTT-1	15211	15185	5	1
ATGCCTGAGTCAGGCC-1	29909	29889	7	1
ATGCCTGAGTTAGTTG-1	53313	53232	2	1
ATGCGATTCTTGAGGT-1	20672	20642	6	1
ATGCGATTCTTTGACT-1	6857	6850	1	1
ATGGACAAGCTTAACA-1	14153	14142	8	1
ATGGACAAGGATCACT-1	17017	16993	5	1
ATGGACAAGTCACTCC-1	15668	15656	5	1
ATGGACAAGTGAACAG-1	82468	82364	2	1
ATGGCCCAGCCGCTTT-1	20226	20221	3	1
ATGGCCCAGGACTAAG-1	2699	2697	1	1
ATGGCCGGTACTTAGG-1	14534	14529	7	1
ATGGCCGGTAGGTGTC-1	19857	19851	4	1
ATGGCCGGTCCTAGTT-1	5304	5299	8	1
ATGGCCGGTCTTACTA-1	43429	43412	7	1
ATGGCCGGTGCCTCAC-1	7008	7002	2	1
ATGGCCGGTTAAGGTT-1	30136	30106	6	1
ATGGCCGGTTACTTCA-1	17838	17827	7	1
ATGGCTAGTTGTAAAC-1	15620	15611	3	1
ATGGCTGTCCGCAAAT-1	17130	17112	4	1
ATGGCTGTCCTAACGG-1	6552	6538	5	1
ATGGCTGTCGGGATTT-1	16380	16368	3,7	2
ATGGCTTAGGGTTATC-1	8104	8097	5	1
ATGGTCTAGCTAATCA-1	44140	44119	4	1
ATGGTCTAGCTGGCTA-1	22803	22778	5	1
ATGGTCTAGTGAGCGG-1	15037	15033	3	1
ATGGTGCGTTAAGCCA-1	20366	20332	1,7	2
ATGGTGCGTTTCGCCA-1	9539	9529	5	1
ATGGTTATCGATCAGT-1	16690	16678	4	1
ATGGTTATCGCCTAAG-1	58015	57988	7	1
ATGTAACGTCCTAAGA-1	51376	51331	5	1
ATGTAACGTTTCCTCC-1	46735	46724	8	1
ATGTAAGCAATTAAGG-1	2800	2799	5	1
ATGTCAATCCGGTTAG-1	16939	16930	3	1
ATGTCAATCGTAATCA-1	15721	15713	7	1
ATGTCATCAGGACCAA-1	11588	11583	3,7	2
ATGTCATCATCGCTCC-1	17345	17340	4	1
ATGTGAGAGTTTGTCT-1	24447	24410	2	1
ATGTTCAAGACAGGCG-1	31235	31223	7	1
ATGTTCAAGGAGGTTA-1	24854	24833	3,5	2
ATGTTCAAGTTATTCC-1	74925	74892	8	1
ATGTTGTCAATTTGGT-1	16438	16433	7	1
ATGTTGTCATGAAGTA-1	8498	8488	8	1
ATGTTTGAGGAGCATA-1	35307	35278	6	1
ATGTTTGAGGCATTAC-1	49389	49370	7	1
ATTACCCGTGAACAAA-1	15666	15661	5	1
ATTACCGCACAATACT-1	25534	25519	7	1
ATTACGTCAAGGTACG-1	40323	40282	6	1
ATTACGTCAGGGAGGA-1	24043	23997	6	1
ATTAGCGGTCCCGGAA-1	13926	13919	3	1
ATTAGCGGTGGATGTC-1	20343	20340	3	1
ATTAGCGGTTGTCATC-1	16666	16647	5	1
ATTAGCTCAAGGTCGA-1	38526	38504	4	1
ATTAGCTCAATCATGT-1	23135	23113	2	1
ATTAGCTCATAATCCG-1	19164	19152	6	1
ATTAGCTCATGCTCCC-1	14412	14405	3	1
ATTAGGTGTCTTGCAT-1	11956	11947	3	1
ATTAGGTGTGAGCACT-1	68949	68913	8	1
ATTCAACCAATTTAGC-1	85738	85656	6	1
ATTCAACCACGGTACT-1	39607	39576	1	1
ATTCAACCAGCACGTT-1	12894	12890	3	1
ATTCAACCATTAAACC-1	94072	94029	7	1
ATTCACTTCCGGAACC-1	23023	23014	4	1
ATTCACTTCCGGTATG-1	14742	14737	8	1
ATTCACTTCCTTGAGG-1	19352	19342	4	1
ATTCACTTCTCACTAT-1	13195	13191	3	1
ATTCATGAGTAAACCC-1	25518	25481	2	1
ATTCCGGAGGCAATAG-1	6189	6188	7	1
ATTCCGGAGTCCTGAG-1	16761	16748	5	1
ATTCCTAGTAAATTGC-1	20119	20096	1	1
ATTCCTAGTACAATGT-1	38462	38412	1	1
ATTCCTAGTGTGCACG-1	16289	16270	5	1
ATTCCTCCACAGAACG-1	16830	16818	5	1
ATTCCTCCACCAGCAT-1	25362	25352	7	1
ATTCGTTTCCAAATCA-1	55618	55565	6	1
ATTCGTTTCTATTGTC-1	82125	82089	7,8	2
ATTCGTTTCTGCAAGT-1	49823	49767	2	1
ATTGAAGCAACTAGAA-1	52938	52908	8	1
ATTGAAGCAAGCTTTG-1	39919	39881	5	1
ATTGAAGCACCTCAGG-1	28932	28916	4	1
ATTGAAGCATTAAACC-1	17560	17543	5	1
ATTGACTCACCTGTAA-1	26314	26285	1	1
ATTGACTCATCCCGCT-1	22352	22339	8	1
ATTGCACAGACTATTG-1	48042	47982	5	1
ATTGCACAGAGAAGGG-1	62627	62607	8	1
ATTGCACAGTGAGAGC-1	14819	14813	7	1
ATTGCAGGTACCGAAC-1	13632	13620	8	1
ATTGCAGGTGTGCACG-1	24118	24098	6	1
ATTGCGCCAATTAACC-1	25915	25863	2	1
ATTGCGCCATAATCAC-1	14793	14789	4	1
ATTGCTCGTCGACTAA-1	18351	18334	5	1
ATTGGCTAGGCGAAAC-1	25127	25112	8	1
ATTGGTTCAACTAGAA-1	44317	44248	5	1
ATTGGTTCAATGAGGT-1	12327	12321	7	1
ATTGGTTCAGTTTGTG-1	40324	40313	4	1
ATTGTCCGTCAGTAAT-1	37727	37648	5	1
ATTGTCCGTGTTGCAA-1	14922	14914	3	1
ATTTAGCCAAACCTTG-1	64319	64248	1	1
ATTTAGGTCATCCTAT-1	7376	7374	4	1
ATTTAGGTCCGCCAAA-1	21217	21186	1	1
ATTTAGGTCGCTAGTG-1	23661	23634	1	1
ATTTAGGTCTTTGTAC-1	28490	28475	4	1
ATTTGCAAGGCCTAAT-1	25981	25953	6	1
ATTTGCAAGTAGCGGG-1	24789	24768	2	1
ATTTGCGCACCTAAGC-1	16685	16682	3	1
ATTTGCGCATGGCCCA-1	19672	19647	5	1
ATTTGCGCATTAGCGC-1	15782	15776	4	1
ATTTGTGAGCACCACA-1	18220	18195	6	1
ATTTGTGAGCATGACT-1	17249	17240	3	1
ATTTGTGAGTAAGAAC-1	41356	41342	7	1
ATTTGTGAGTTTGGTA-1	19634	19613	5	1
CAAACAACAAATATCC-1	9642	9637	4	1
CAAACAACAGGAACAT-1	47969	47928	6	1
CAAACAACATTATGCG-1	22408	22377	2	1
CAAACACTCCTTGAGG-1	29120	29091	2	1
CAAACACTCGCAGGCT-1	15770	15751	5	1
CAAACATGTTTGAGCA-1	27447	27435	8	1
CAAACCGTCACATTGA-1	17834	17814	1	1
CAAACGCGTCCTTCAG-1	60886	60801	6	1
CAAACGCGTTAGAGCC-1	31566	31552	3	1
CAAACGCGTTCCTCCT-1	13681	13674	8	1
CAAACTGGTAGGATTT-1	28567	28526	5	1
CAAACTGGTTGCTGGG-1	45415	45354	5	1
CAAACTGGTTGTAAAC-1	18265	18255	7	1
CAAACTGGTTTAGTCC-1	15716	15710	3	1
CAAAGCGCAAATACCT-1	36141	36097	6	1
CAAAGTGAGTACCGCA-1	19944	19929	4	1
CAACAGGCACAAAGAC-1	15722	15711	5	1
CAACCCGCAGAGGGAG-1	3358	3351	5	1
CAACCCTTCACAAGCT-1	39915	39855	5	1
CAACCCTTCCCTTGCG-1	19563	19540	1	1
CAACCCTTCTAGCTTT-1	42237	42194	5	1
CAACCCTTCTCAATAG-1	13165	13160	8	1
CAACTAATCATAGACC-1	22500	22471	1	1
CAACTAATCATGGTTA-1	6359	6350	4	1
CAACTAATCGCTAGTG-1	18560	18547	4	1
CAACTAATCGGTTACG-1	14936	14927	6	1
CAACTAGGTGTGCACG-1	15798	15785	7	1
CAAGAACCATCGTTCT-1	76800	76768	4	1
CAAGACAAGTGCTGTG-1	15195	15188	5	1
CAAGACAAGTTTGTCT-1	22640	22624	1,6	2
CAAGGCTGTAGCTGCG-1	3844	3841	3	1
CAAGGCTGTTCGCTCA-1	15540	15524	2	1
CAAGGTAAGCAGGTGG-1	63902	63873	8	1
CAAGGTAAGCCTCTGT-1	10887	10886	3	1
CAAGGTAAGCTATTGA-1	31753	31713	6	1
CAAGGTAAGGGCTTAT-1	16521	16510	4	1
CAAGGTAAGTAAAGGT-1	19733	19707	6	1
CAAGGTTTCCCGAACA-1	18837	18818	6	1
CAAGGTTTCCCTCAAC-1	30298	30270	5	1
CAAGGTTTCCTAAATG-1	22284	22255	1	1
CAAGGTTTCCTCAGTC-1	22372	22357	8	1
CAAGTAACACGGTTTA-1	81888	81845	3	1
CAAGTAACAGGCAAGC-1	39620	39603	8	1
CAAGTATGTAATGGAA-1	38548	38534	8	1
CAAGTATGTCTCAGCC-1	29976	29961	8	1
CAAGTATGTTCACCCA-1	19670	19660	4	1
CAAGTGAAGACAAGTG-1	59893	59865	8	1
CAAGTGAAGGCTTAGT-1	15445	15419	1	1
CAAGTGAAGGTCAAAG-1	59691	59619	6	1
CAAGTGAAGTAACGAG-1	62585	62529	6	1
CAAGTTATCATTGCAA-1	16068	16059	3	1
CAAGTTATCCACAATA-1	9263	9255	1	1
CAATAAGCAATAGTCT-1	13713	13705	3	1
CAATAAGCAGAAATGC-1	19322	19279	5	1
CAATAGCTCACCTGTC-1	23307	23296	4	1
CAATAGCTCATTGTTC-1	15654	15646	7	1
CAATATGTCCGGTTGA-1	23464	23443	1	1
CAATATGTCTTGCTAT-1	42111	42098	8	1
CAATCCCTCATGGCTG-1	20645	20613	2	1
CAATCCCTCCAGCACA-1	11609	11604	4	1
CAATCCCTCCTAAGTA-1	66163	66134	4	1
CAATCGCCAGCAACCT-1	15671	15663	5	1
CAATCTAAGCGAAGTA-1	20290	20275	6	1
CAATGAACAAACTCAT-1	9657	9650	5	1
CAATGAACATCCCGCT-1	14209	14184	1	1
CAATGACTCAATGAGG-1	24582	24554	2	1
CAATGACTCTTAAGTG-1	24646	24639	8	1
CAATGCCCAATGAATG-1	73367	73329	7	1
CAATGCCCACACTAAT-1	40534	40519	8	1
CAATGCCCATGCAACC-1	24782	24748	2	1
CAATGTCAGACAGGCG-1	18973	18953	5	1
CAATGTCAGCGGCTGT-1	82609	82517	5	1
CAATGTCAGGAACCGG-1	21977	21945	1	1
CAATGTGGTAGTTAAC-1	18846	18841	4	1
CAATGTGGTTAGAGCC-1	26165	26125	5,8	2
CACAGGCTCAAATCGC-1	44919	44882	2	1
CACAGGCTCACCTGTC-1	28672	28638	5	1
CACAGGCTCAGGCTAT-1	5562	5556	6	1
CACAGGGAGTCATTGA-1	7318	7310	1	1
CACATAATCATCCTGC-1	6469	6461	2	1
CACATAATCATTTGTC-1	8651	8640	5	1
CACATAATCGGTTAGT-1	6730	6722	2	1
CACATAATCTGCAAAC-1	15642	15630	4,6	2
CACATACAGGCATGTT-1	18144	18125	5	1
CACATACAGGTCGAGG-1	27761	27744	3	1
CACATTAAGGTCGATT-1	44498	44486	8	1
CACATTAAGTTATTCC-1	21549	21513	5	1
CACCAACCAGGCGAGT-1	34056	34033	5	1
CACCAACCATGGAGGC-1	20855	20831	5	1
CACCGGTAGTAACCAC-1	17910	17903	7	1
CACCGGTAGTGAGCGG-1	14791	14780	7	1
CACCTCAGTAAGCTTG-1	17258	17247	7	1
CACCTCAGTTACGCGG-1	41793	41735	6	1
CACCTGTTCATAACCA-1	53243	53226	7	1
CACCTGTTCCCAGTAG-1	16565	16552	1	1
CACGCAATCACCAATA-1	28167	28131	2	1
CACGCAATCATTACAG-1	14261	14254	3	1
CACGCAATCCTTGAGG-1	40178	40154	3,7	2
CACGCTAAGCCTAACG-1	23280	23253	5	1
CACTAAGGTTCCAGGG-1	29284	29273	3	1
CACTAAGGTTGGTTGA-1	2948	2946	2	1
CACTGACCACAGACTC-1	8106	8098	6	1
CACTGACCACCGGTAT-1	20980	20967	1	1
CACTTAAAGACAACGA-1	15231	15223	8	1
CACTTAAAGCCTCTCG-1	20108	20078	6	1
CACTTAAAGGCCTGGT-1	20370	20350	6	1
CACTTAAAGTCTATGA-1	19483	19458	3,6	2
CACTTTGTCAGCAAGA-1	22955	22930	2	1
CACTTTGTCAGGAAGC-1	20396	20374	5	1
CACTTTGTCATGGCCA-1	16898	16887	6	1
CACTTTGTCTGTGAGT-1	29509	29490	5	1
CAGAACCGTGGGTACT-1	13337	13333	3	1
CAGAATCTCCAAACAC-1	18989	18984	8	1
CAGAATCTCGGTTAGT-1	26326	26316	3	1
CAGATTCAGGAACACA-1	14269	14252	5	1
CAGCAAGCAATAGCAA-1	4956	4953	1	1
CAGCATGTCATGCGTG-1	48776	48753	4	1
CAGCATGTCCCATAAA-1	25479	25446	2	1
CAGCATGTCGTTAAGC-1	63347	63319	8	1
CAGCATTAGCGCCTAA-1	22091	22064	2	1
CAGCCAATCCGTGACA-1	17516	17495	6	1
CAGCCTAAGGAAGCTA-1	55944	55920	4	1
CAGCCTAAGGATCACT-1	9959	9954	4	1
CAGCCTTTCGAAGTGA-1	20975	20961	3,4	2
CAGCTAAGTCCTAATC-1	42493	42482	3,8	2
CAGCTAAGTCTTGCTG-1	4536	4529	1	1
CAGCTATAGCATGCAT-1	42112	42058	6	1
CAGCTATAGCGATAGA-1	48509	48452	6	1
CAGCTATAGCTCAATA-1	20798	20768	1	1
CAGCTATAGCTCATAA-1	19582	19554	5	1
CAGCTCAAGAGGGACT-1	24282	24261	5	1
CAGGAAGGTAGGTTTG-1	24519	24490	2,7	2
CAGGAAGGTTTGGTTC-1	25024	24999	6	1
CAGGACCTCAATGTGC-1	16885	16863	1	1
CAGGACCTCCTTTACG-1	21154	21127	6	1
CAGGATGCAGCCAGTT-1	45528	45501	4	1
CAGGCTATCAAACCTA-1	26685	26659	5	1
CAGGCTATCAAGCTTA-1	58336	58310	8	1
CAGGCTATCGCAGGCT-1	24183	24170	8	1
CAGGCTGGTTGCACGG-1	8137	8132	3	1
CAGGCTGGTTGGCGTG-1	29658	29622	2	1
CAGGCTGGTTGTTGGA-1	25229	25191	2	1
CAGGGCTTCCAGGAAA-1	19459	19438	2,5	2
CAGGGTGAGACCATAC-1	23682	23650	1	1
CAGGGTGAGCTGCACA-1	35701	35650	6	1
CAGGGTGAGGACGTAA-1	21055	21033	6	1
CAGGTGGAGAACAAGT-1	14141	14135	7	1
CAGGTGGAGGACTAAG-1	6377	6372	5	1
CAGGTGGAGGTAACGA-1	74754	74670	5	1
CAGGTGGAGGTTACAC-1	15651	15640	3,6	2
CAGGTGGAGTGAACAG-1	28619	28585	6	1
CAGGTTAGTCAGGCCA-1	16316	16303	5	1
CAGGTTAGTGGGAACA-1	10652	10646	2	1
CAGGTTAGTGTTTCAC-1	5343	5343	3	1
CAGGTTTAGCACGATT-1	17253	17242	7	1
CAGGTTTAGTAGGATG-1	29131	29114	3	1
CAGGTTTAGTGTTGTA-1	13173	13169	3	1
CAGTACCCACTAGGTC-1	20663	20627	2,5	2
CAGTACCCATAGCTTG-1	26834	26811	3	1
CAGTATGGTCTAGCTT-1	27420	27364	2	1
CATAAGCTCAATGTCA-1	35765	35745	6	1
CATAAGCTCACTCAAA-1	28942	28917	6	1
CATAAGCTCATGCCTC-1	8921	8917	7	1
CATAAGCTCGCTAAGT-1	24815	24782	2	1
CATAATCCAGCTCATA-1	47286	47199	4,6	2
CATAATGTCCGTTAAA-1	30855	30841	4	1
CATAATGTCTACCTGC-1	13685	13683	7	1
CATAGCTAGAAGGTGC-1	38872	38847	6	1
CATAGCTAGGTGTCCA-1	14940	14936	8	1
CATAGCTAGTTTGGTA-1	4851	4846	5	1
CATAGGCGTAAATTGC-1	77365	77328	3	1
CATAGGCGTAGGATTT-1	20513	20503	3	1
CATAGGCGTATTTGGG-1	28118	28104	8	1
CATAGGCGTGGATTGC-1	10563	10556	1	1
CATAGGCGTGTGAGAG-1	9682	9670	1	1
CATAGGTTCAAGTGAG-1	34104	34065	1	1
CATAGTCAGGCGCTTA-1	22186	22168	4	1
CATCAATCATAGCGAG-1	17377	17372	3	1
CATCACACAGCTTAAT-1	58319	58288	7	1
CATCACACATATTGAC-1	30038	30019	4	1
CATCATAAGAGAGGCT-1	6619	6613	1	1
CATCATAAGGCACAGG-1	22837	22822	4	1
CATCATAAGGGACTAA-1	24598	24591	8	1
CATCATGCATACTCCT-1	8100	8086	5,6	2
CATCCCAGTAGCTGCG-1	14054	14052	7	1
CATCCCAGTCAGGAAG-1	8600	8597	3	1
CATCCCAGTCATCCTG-1	31035	31022	7	1
CATCCCAGTTAGGTTG-1	21247	21237	4	1
CATCCTCAGCAAGGGT-1	13278	13266	5	1
CATCCTCAGCATGAAG-1	11985	11966	5	1
CATCCTCAGGCGAAAC-1	45827	45794	5	1
CATCCTCAGTTAACCA-1	23892	23854	2	1
CATCCTGGTCACCTAT-1	12921	12911	8	1
CATCCTGGTCGCGCAA-1	20368	20361	4	1
CATCCTGGTTAATCGG-1	10725	10713	2	1
CATCCTGGTTATTGCC-1	17989	17970	5	1
CATCGCTTCGGTAACT-1	57342	57300	6	1
CATCGCTTCTTTGAGA-1	28010	27982	5,8	2
CATGAGGCACAAACTT-1	33711	33658	2	1
CATGCGCAGTCAGTAC-1	16164	16155	4	1
CATGCGCAGTGAACGA-1	22807	22782	5	1
CATGCGGGTGCTCCGT-1	39156	39139	4,5	2
CATGGATTCGTGCTAG-1	6574	6567	6	1
CATTATCTCCGTTAAA-1	17218	17204	7	1
CATTATCTCCTGAGTG-1	63098	63016	6	1
CATTATGAGTGAGCGG-1	18531	18522	4	1
CATTCATTCCCTCAAC-1	58351	58299	1	1
CATTCATTCCTAATGA-1	21893	21875	2	1
CATTCATTCGTTTCGC-1	20242	20234	4	1
CATTCATTCTGTAAGC-1	14984	14973	7	1
CATTCATTCTTGTCCA-1	28246	28226	4	1
CATTCCTCAACAACAA-1	29535	29516	7	1
CATTCCTCAGTTTACG-1	27372	27340	5	1
CATTGCGAGAAGGTGC-1	33123	33108	3	1
CATTGCGAGACTTATG-1	15370	15364	4	1
CATTGCGAGCTGGCTA-1	37087	37037	5	1
CATTGCGAGGAGGCAT-1	33852	33816	5	1
CATTGCGAGGATTGCT-1	8198	8191	3	1
CATTGCGAGGGTCTAT-1	28650	28621	2	1
CATTGTAAGAGGAGTC-1	19499	19482	1	1
CATTGTAAGCGTGCGT-1	21913	21890	5	1
CATTGTAAGGACCTTG-1	37862	37825	6,8	2
CATTGTGCACGAACAG-1	16515	16506	3	1
CCAAACCCAATAACGA-1	26073	26060	2,7	2
CCAAACTAGCCTCTCG-1	23094	23065	3,5	2
CCAAACTAGCTCAAAC-1	72107	71994	6	1
CCAAACTAGGGTCCAC-1	36935	36884	6	1
CCAAATCAGCCTGATG-1	27570	27560	7	1
CCAAATCAGTAGCGGG-1	17915	17908	7	1
CCAACATAGAGAAGGG-1	24880	24834	1	1
CCAACCAAGGAACCAA-1	20316	20296	6	1
CCAACCCGTATCTGGA-1	15118	15112	3	1
CCAAGGCTCACATTGA-1	4269	4268	4	1
CCAAGGCTCATAACTG-1	4632	4625	5	1
CCAAGTTAGCGATAGA-1	24116	24101	4	1
CCAATATCACGTGCTG-1	4668	4665	5	1
CCAATATCAGCTACGT-1	27546	27530	4	1
CCAATATCATCACAGC-1	24113	24106	7	1
CCACAATAGAACCTGT-1	21454	21449	7	1
CCACAATAGGTTTACA-1	49373	49310	6	1
CCACACAAGGATTGAG-1	11127	11120	3	1
CCACAGGGTGCTCCAC-1	16534	16523	7	1
CCACAGGGTGTCCAAA-1	54901	54874	3,7	2
CCACATTGTCAGGCCA-1	20075	20050	5	1
CCACATTGTCATTGTC-1	16692	16684	4	1
CCACATTGTGTTGTAG-1	45419	45367	5	1
CCACTTGGTGCAATGC-1	27732	27715	6	1
CCACTTGGTTAGCAGC-1	14716	14710	3	1
CCAGACTCAAATTGCT-1	11290	11278	3,6	2
CCAGACTCAATCCTGA-1	12114	12097	5	1
CCAGCCTGTAAATTGC-1	18322	18312	3	1
CCAGCCTGTCATGCCC-1	15731	15721	7	1
CCAGCCTGTTTCAGGA-1	3278	3277	8	1
CCAGCTAAGCTTACTT-1	85897	85807	5	1
CCAGCTAAGTAAACCC-1	60953	60774	6	1
CCAGCTAAGTCAATTG-1	55684	55654	4	1
CCAGGAACACAGGATG-1	17280	17259	6	1
CCAGGAACATGTTGGC-1	36386	36374	7	1
CCAGGATGTAGTTACG-1	3025	3019	2	1
CCAGGATGTCCCGAAG-1	13554	13550	3	1
CCATAAATCAATAGCC-1	17363	17344	2	1
CCATAAATCCCTGATC-1	12985	12980	8	1
CCATAAATCCTAGTTT-1	31640	31598	6	1
CCATAAGGTTAGAGGG-1	12405	12395	3	1
CCATAAGGTTCACCAT-1	32187	32147	2	1
CCATAAGGTTCACCCA-1	13879	13871	3	1
CCATAATCACAAAGGT-1	36486	36453	6	1
CCATAGCCACCTAATG-1	17498	17492	3	1
CCATATTTCACTCGCT-1	2891	2890	6	1
CCATATTTCAGCACGC-1	5080	5072	2	1
CCATATTTCGCCTGTT-1	19122	19098	6	1
CCATATTTCTGTTCAT-1	24547	24538	7	1
CCATCACTCATAGCCG-1	17146	17130	6	1
CCATCATGTACAAAGA-1	28568	28524	2	1
CCATCATGTTCGGGAT-1	13074	13068	4	1
CCATCATGTTTGAGCA-1	63012	62999	7	1
CCATTGTGTCATGAGC-1	45379	45344	5	1
CCATTGTGTGGGAACA-1	48774	48750	3	1
CCATTGTGTTACTTGC-1	15490	15487	4	1
CCCAAACCAAGCGAGC-1	10839	10834	8	1
CCCAAACCAGTTATCG-1	19337	19324	6	1
CCCAAATAGGGTTATC-1	35337	35321	4	1
CCCAAATAGTTCCCGT-1	19007	18988	6	1
CCCAACCGTTTGGCGG-1	24364	24338	6	1
CCCAATTGTCACTCGC-1	10688	10680	8	1
CCCAATTGTCAGGCAT-1	27027	26996	2,3	2
CCCAATTGTCTATCGT-1	23890	23861	2	1
CCCAATTGTTATAGCG-1	45777	45741	6	1
CCCAATTGTTTAACCC-1	30267	30220	6	1
CCCAGTTTCCTTTACG-1	31030	31005	4	1
CCCGCAACAGGAACCA-1	44552	44531	7	1
CCCGTAAAGCTAAGTC-1	38928	38914	8	1
CCCGTAAAGCTAATTG-1	25077	25051	2	1
CCCGTAAAGGAATAAC-1	18893	18883	3	1
CCCGTAAAGGCTACTG-1	26477	26448	6	1
CCCGTTGTCCATTACT-1	20466	20455	3	1
CCCGTTGTCCGCCTAT-1	11808	11795	2	1
CCCTCACCACTAAGTT-1	55995	55941	5	1
CCCTCACCATCATGTG-1	25487	25463	6	1
CCCTCATAGACTTATG-1	21210	21200	3	1
CCCTCATAGCAAGGTA-1	60990	60907	5	1
CCCTGGACAATTTAGC-1	25214	25200	3	1
CCCTGGACAGGACCAA-1	46895	46853	2	1
CCCTGTTAGATGGACA-1	26014	25974	5	1
CCCTGTTAGTGAACCT-1	4249	4243	5	1
CCGACAGGTCCTAATC-1	5032	5026	6	1
CCGACAGGTGGTTATG-1	14595	14575	5	1
CCGACAGGTTGACTTC-1	12774	12766	3	1
CCGACAGGTTGTTGCT-1	25081	25066	6	1
CCGATGCAGAACAAGT-1	14160	14154	3	1
CCGATGCAGCTCCTAC-1	28832	28823	3	1
CCGATGCAGGCTCATG-1	10863	10859	1,7	2
CCGCAAATCCTCACAC-1	23532	23508	2	1
CCGCAAATCCTTGCGT-1	22624	22593	1	1
CCGCAAGGTTTACCGT-1	16915	16885	6	1
CCGCACACAACAGCCT-1	22536	22513	1	1
CCGCACACAATCCTGA-1	22799	22789	3	1
CCGCACACAGTTTGGC-1	12256	12248	5	1
CCGCCAACAATAGCCC-1	19914	19907	4	1
CCGCTAAAGGCTACAT-1	46038	45985	1	1
CCGCTAGCAAACGGGC-1	32151	32133	8	1
CCGCTAGCAGGAACCA-1	30498	30488	3	1
CCGCTAGCATTCAGCA-1	14869	14862	4	1
CCGCTTAGTAATGGAA-1	10541	10530	1	1
CCGGTAGGTTAAGGTT-1	5377	5372	4	1
CCGGTTAAGATGGACA-1	70522	70449	2	1
CCGGTTAAGCAAGGTA-1	14912	14900	3	1
CCGGTTAAGTCAATCA-1	14876	14870	6	1
CCGTGCTGTAGGTTTG-1	55759	55736	7	1
CCGTGCTGTCCTTTAA-1	17162	17143	1	1
CCGTGCTGTTATCCTA-1	41564	41518	6	1
CCGTTAACAGTGAACG-1	46263	46232	6	1
CCGTTACTCCACCTTA-1	25627	25606	8	1
CCGTTATGTCACACCC-1	32530	32515	3	1
CCGTTGCGTTCCGGGA-1	22588	22572	2	1
CCGTTTGGTTAGCCAA-1	17709	17702	3	1
CCGTTTGGTTTGGTTC-1	13021	13017	3,4	2
CCTAAGCCAAACGGGC-1	9905	9896	6	1
CCTAAGCCACGAACAG-1	21360	21349	3	1
CCTAAGCCATTATGAC-1	4372	4369	3	1
CCTAAGGTCAAGCTTA-1	25076	25062	7	1
CCTAAGGTCCAGCACA-1	31421	31390	5	1
CCTAAGGTCCGGTTAG-1	19454	19436	3	1
CCTAAGGTCCTGATTT-1	79640	79568	6	1
CCTAAGGTCGGCTAGC-1	72679	72635	1,3,7	3
CCTAAGTAGGTAAGCA-1	3785	3780	1	1
CCTAAGTAGTAATCCA-1	21852	21810	1	1
CCTAATAAGAACCTGT-1	21921	21913	7	1
CCTAATAAGACTTACA-1	25485	25456	6	1
CCTAATAAGCCACATG-1	18685	18666	5	1
CCTAATAAGTAACCAC-1	61251	61230	7	1
CCTACTGGTCCTAGTT-1	33525	33514	8	1
CCTACTGGTGTTAGCA-1	27011	27002	8	1
CCTACTGGTGTTTCAC-1	11921	11917	8	1
CCTACTGGTTTGAGGC-1	19090	19083	8	1
CCTACTTCAGCAACCT-1	8557	8549	4	1
CCTAGTTGTCACGGAT-1	8677	8665	2	1
CCTAGTTGTCATAAGT-1	14354	14350	7	1
CCTAGTTGTGAGCACT-1	16831	16812	5	1
CCTAGTTGTTATAGCG-1	16586	16565	1	1
CCTATAGCACGTAATT-1	24417	24394	5	1
CCTATAGCATGGCCTG-1	31853	31802	6	1
CCTATATTCGCTATGG-1	8903	8893	3,6	2
CCTATTGTCCCGTTTA-1	17954	17931	1	1
CCTATTGTCTCACACC-1	10941	10929	1	1
CCTATTTAGGACCTGC-1	23712	23685	6	1
CCTATTTAGTGAGCGG-1	10256	10241	5	1
CCTCAAACAATGCGCT-1	24120	24110	4	1
CCTCAAACACCCACAG-1	16612	16589	1	1
CCTCAAACACCGTTCC-1	8941	8933	2	1
CCTCAATGTTTGAGCA-1	28097	28083	8	1
CCTCAATGTTTGGGTA-1	45972	45954	7	1
CCTCAGTTCAACAAGG-1	23455	23445	7	1
CCTCAGTTCACCTGCT-1	11330	11323	3	1
CCTCAGTTCAGGTCCA-1	26035	26000	5	1
CCTCAGTTCCCGTTAC-1	43565	43509	2	1
CCTCAGTTCGTTAACA-1	37281	37263	4	1
CCTCCTCTCAAACACC-1	23167	23155	8	1
CCTGAATAGATACTTG-1	2763	2759	5	1
CCTGAATAGGAACGGT-1	29904	29893	3	1
CCTGAATAGGTGAAAT-1	59700	59683	7	1
CCTGAATAGTAAAGGT-1	67582	67526	2	1
CCTGAGTCAGCAAATA-1	56562	56548	4	1
CCTGAGTCATTATCCC-1	2882	2881	7	1
CCTGATGAGCCGCTAA-1	74224	74137	6	1
CCTGATGAGGAACGCG-1	14271	14264	4	1
CCTGCTCCAAGGACCA-1	24703	24671	1	1
CCTGCTCCAATATGGA-1	39630	39615	8	1
CCTGCTCCACAGCCAT-1	58793	58755	6	1
CCTGGATCACCTGGTG-1	34634	34595	5	1
CCTGGTAAGAATCGCT-1	2697	2692	7	1
CCTGGTAAGCGGATAA-1	15413	15409	3,5	2
CCTGTTGGTGAAACAA-1	16754	16748	7	1
CCTGTTGGTTCCAGGG-1	18807	18774	1	1
CCTGTTGGTTTCGCGC-1	26373	26362	4	1
CCTTACTCAAGGGTTG-1	16146	16123	6	1
CCTTACTCACCTGTAA-1	26063	26046	7	1
CCTTAGTGTCAATACG-1	18903	18872	1	1
CCTTATGTCCACAATA-1	8099	8086	6	1
CCTTATGTCGTTAGCG-1	25782	25762	2	1
CCTTCAATCCGGTATG-1	16075	16066	7	1
CCTTCAATCTGTGAGT-1	32383	32364	7	1
CCTTCAGGTCAACAAT-1	20893	20875	6	1
CCTTCAGGTGTTTGCT-1	15126	15116	6	1
CCTTCAGGTTAGCGTA-1	20501	20485	4,7	2
CCTTGCGTCGCAGGCT-1	13911	13900	6	1
CCTTGTTCACTTCACT-1	30513	30499	7	1
CCTTGTTCATCAGCAC-1	11583	11570	1	1
CCTTGTTCATCCATCT-1	18480	18477	4	1
CGAAGAATCACTAGGT-1	16614	16608	8	1
CGAAGAATCTCACTAT-1	15672	15651	5	1
CGAAGAATCTTGAGGT-1	42945	42917	8	1
CGAAGCCTCGCTTCTA-1	4790	4790	3	1
CGAAGCGAGCTAAGTC-1	41402	41381	1,7	2
CGAAGGCCATAGCTGC-1	3921	3921	7	1
CGAAGTAAGACAAGTG-1	32262	32247	3	1
CGAAGTAAGTGAGGGT-1	24329	24314	6,7	2
CGAATATGTTCACCCA-1	17222	17213	4	1
CGAATATGTTGCGCGA-1	22525	22504	6	1
CGAATCTAGCATTAGC-1	15323	15319	3	1
CGAATCTAGTTAGACC-1	12864	12859	7	1
CGACAAGCAAACCCTA-1	35404	35365	6	1
CGACAAGCACAGGGAC-1	22473	22458	7	1
CGACAAGCAGGAAGCC-1	23762	23744	6	1
CGACAAGCATGCATAT-1	30562	30551	8	1
CGACCTGCAACAACAA-1	21586	21567	5	1
CGACTAAGTTAGCATG-1	20332	20305	1	1
CGACTAAGTTCATCTA-1	17352	17329	1	1
CGACTAAGTTGCGGAT-1	18806	18800	4	1
CGACTAAGTTGGTTGA-1	2951	2947	8	1
CGAGCGAAGAGGCTAA-1	30469	30441	2	1
CGAGCGAAGCATTAGC-1	25791	25775	4	1
CGAGCGAAGGCGCACT-1	7459	7455	1	1
CGAGCGAAGTAAGGGC-1	76563	76472	6	1
CGAGCGAAGTTAGCCG-1	37553	37531	3	1
CGAGCTGGTCAAGTAT-1	14044	14034	3	1
CGAGCTGGTTAACAGT-1	13769	13766	7	1
CGAGCTGGTTAAGCCA-1	16298	16286	4	1
CGAGCTGGTTCTTTAG-1	18625	18620	7	1
CGAGGAAGTGTTGTGA-1	47975	47951	4	1
CGAGGTGAGCAGCTCA-1	46138	46116	8	1
CGAGGTGAGCCTGTGA-1	13144	13143	7	1
CGAGGTGAGGGATTAG-1	5041	5039	3	1
CGAGTCGGTTCCATTA-1	22495	22483	6	1
CGATATTCAAGCTACC-1	18722	18708	4	1
CGATCCTTCCAGGAAA-1	22603	22566	5	1
CGATCCTTCCTTGAGG-1	42453	42419	1	1
CGATCCTTCGTTACAA-1	20004	19985	1	1
CGATGTCCACAGGAAT-1	22820	22787	5	1
CGATGTCCACGGTACT-1	53847	53758	5	1
CGATGTCCATCAGCAC-1	26704	26695	8	1
CGATTATCATCACAGC-1	12845	12840	8	1
CGATTGAGTTTGGCTT-1	24380	24366	3	1
CGATTTGCAACTCGCG-1	12179	12172	3	1
CGATTTGCAAGTCGCT-1	7408	7398	4	1
CGATTTGCATCACTTC-1	27169	27158	8	1
CGCAAATTCACGTTAA-1	32488	32461	6	1
CGCAAATTCAGTTCCC-1	15980	15957	2	1
CGCAATAGTTGTCATC-1	55273	55212	5	1
CGCAATCCAATGCCCG-1	35233	35189	1	1
CGCAATCCACCTGTAA-1	38933	38918	1,7	2
CGCAATCCATAACGGG-1	19704	19684	6	1
CGCAATGTCCCGCAAA-1	14874	14840	5	1
CGCAATGTCCCGTTAC-1	19535	19525	5	1
CGCAATTAGTTACCGG-1	15388	15379	4	1
CGCAATTAGTTGCGTG-1	21360	21341	6,7	2
CGCACAATCATTTGTC-1	42151	42142	7	1
CGCACAATCTTAATGG-1	49199	49174	8	1
CGCACACAGTAGGATG-1	13990	13981	8	1
CGCATATAGCCGCAGT-1	20016	20006	4	1
CGCATATAGCTAATTG-1	23645	23627	2	1
CGCATGATCACAGCCA-1	35858	35813	5	1
CGCATGATCTGTGCCT-1	16007	15995	4	1
CGCATTACATGAATAG-1	16591	16586	8	1
CGCATTTGTACTTAGG-1	10729	10718	7	1
CGCATTTGTGGCTTCC-1	29121	29077	2	1
CGCCAAATCAATAGCC-1	10843	10831	2	1
CGCCACACACACCAAC-1	7334	7330	3	1
CGCCACACATTAAGTC-1	27151	27134	3	1
CGCCTCATCAGGTTTA-1	19076	19051	1	1
CGCCTCATCGTTACAA-1	29647	29630	8	1
CGCCTGTGTTCCTGTG-1	17166	17133	2,5	2
CGCGATTCACAGCCAT-1	79047	78995	4	1
CGCGATTCAGCACGAA-1	30922	30909	4	1
CGCGATTCATTTAAGC-1	17895	17880	4	1
CGCGGATTCAAGCTAC-1	42578	42561	7	1
CGCGGATTCCGTAAAC-1	13017	13011	3	1
CGCGGATTCTCCATAT-1	52601	52582	7	1
CGCTAACCACAAACTT-1	19605	19593	3	1
CGCTAACCAGGCCAAA-1	26667	26650	7	1
CGCTAACCATTGTGAT-1	16356	16335	5	1
CGCTAATAGACTTACA-1	40141	40109	8	1
CGCTAATAGCTGTACG-1	26680	26651	5	1
CGCTACTTCATAACCA-1	17252	17229	6	1
CGCTCAGCACGTGCTG-1	17514	17501	4	1
CGCTGTGCATAGCGGA-1	13455	13433	1	1
CGCTTAACAAGCCAGA-1	15094	15089	3	1
CGCTTAACAAGGTACG-1	95897	95839	7	1
CGCTTAACAATAATGG-1	19521	19508	1	1
CGCTTAACACGCAACT-1	13817	13803	6	1
CGCTTACTCAGCATTA-1	15298	15280	1	1
CGCTTACTCATTGTCT-1	36545	36529	5,7	2
CGCTTACTCCCGTTTA-1	23667	23643	6	1
CGCTTACTCCTGAGTG-1	60282	60264	7	1
CGCTTACTCGCGCTAA-1	19514	19498	1	1
CGCTTACTCGGCCAGT-1	35771	35758	4	1
CGCTTCTAGACAGGTA-1	42571	42525	6	1
CGCTTCTAGCTGGCTA-1	23816	23792	6	1
CGCTTCTAGGTCGAGG-1	47135	47117	8	1
CGCTTCTAGTACTGGT-1	21804	21783	6	1
CGCTTGCGTGAACAAA-1	14058	14048	4	1
CGCTTGCGTGCTCCAC-1	50596	50544	6	1
CGCTTGCGTGTGCAAC-1	11120	11105	5	1
CGGAATCGTAATCACG-1	15281	15269	8	1
CGGAATCGTAATTAGC-1	11359	11357	4	1
CGGAATCGTATTCGCT-1	77221	77131	5	1
CGGAATCGTTCATCTA-1	19257	19252	8	1
CGGACAACAGGATAAC-1	18345	18334	8	1
CGGACAACATTATGAC-1	8545	8535	1	1
CGGACCTAGGACTTAC-1	26255	26220	2	1
CGGAGCAAGATAGACG-1	27527	27495	2	1
CGGAGCAAGTCTCACC-1	17770	17758	5	1
CGGAGTCTCAGCTAAC-1	50332	50275	5	1
CGGAGTCTCCGGTTAG-1	56809	56784	8	1
CGGAGTCTCCTAATGA-1	37161	37139	3	1
CGGATAAAGCCTCTGT-1	49587	49545	5	1
CGGATTAGTACCGAAC-1	12972	12956	5	1
CGGCAATGTTAGTACG-1	23255	23233	5	1
CGGCAATGTTTCGCCA-1	12989	12983	3	1
CGGCCATAGAACCTGT-1	21024	21013	7	1
CGGCCATAGCCTCTCG-1	27385	27359	2	1
CGGCCATAGTCATCCC-1	27024	27000	2	1
CGGCTCACAGGCGATA-1	39143	39127	7	1
CGGGACAAGGAAACTG-1	15819	15811	3	1
CGGGCTTAGAACCTGT-1	76099	75979	5	1
CGGGTATGTATGGTGC-1	21219	21199	1	1
CGGGTATGTCCAAGAC-1	25270	25250	3	1
CGGGTATGTCCTAGTT-1	11503	11499	7	1
CGGGTATGTTGGCGTG-1	67415	67391	7	1
CGGGTCTAGGAACCAA-1	47471	47447	4	1
CGGGTCTAGGAGCATA-1	24094	24079	1	1
CGGTAACGTCCAAATG-1	15956	15944	7	1
CGGTAACGTGCTAGAC-1	34724	34710	7	1
CGGTAACGTTCATTTG-1	27861	27848	4	1
CGGTAACGTTGGTGAC-1	19834	19817	5	1
CGGTGAACAGATAGAC-1	14266	14260	4	1
CGGTGAACATTTGCTC-1	13814	13807	3,7	2
CGGTGAGAGGCTCATG-1	7288	7287	7	1
CGGTGAGAGGTTTACA-1	18713	18705	3	1
CGGTTATAGCCACAAT-1	21654	21627	1	1
CGGTTCCGTAGTTACG-1	6278	6268	6	1
CGGTTCCGTTTGAGGC-1	43028	43013	4	1
CGGTTTCTCCCTGGTT-1	43104	43065	6	1
CGGTTTCTCGCACAAT-1	10643	10638	6	1
CGGTTTCTCGCTAAGT-1	18898	18881	6	1
CGGTTTCTCGTTATAG-1	40155	40130	7	1
CGGTTTGAGCCAAATC-1	16768	16759	4	1
CGGTTTGAGGACTTAC-1	19823	19802	1	1
CGGTTTGAGGGTGAGT-1	7876	7871	7	1
CGGTTTGAGGTAAGCA-1	62344	62321	8	1
CGTAACCCAACACCTA-1	13153	13148	3	1
CGTAACCCACAATACT-1	33896	33866	5	1
CGTAACTAGTTAGAGG-1	18981	18947	1	1
CGTAATGGTACCGTAA-1	8791	8785	4	1
CGTAATGGTATACTGG-1	92294	92223	1,5	2
CGTAATGGTATGGTGC-1	17595	17579	4	1
CGTAATGGTCCTAGTT-1	15342	15328	6	1
CGTAATGGTTCCGCAC-1	23251	23226	2	1
CGTAATGGTTGCATCT-1	73715	73675	8	1
CGTAATGGTTGCGTAA-1	3115	3114	1	1
CGTACGGGTTATTGCC-1	14564	14550	5	1
CGTACGGGTTGGCGTG-1	44792	44768	8	1
CGTAGCGGTCGCAAAC-1	17825	17802	1	1
CGTAGCGGTGATGAGG-1	19583	19569	4	1
CGTAGCGGTTGTTGGA-1	29988	29972	4	1
CGTAGTTAGGCGCTTA-1	15080	15068	6	1
CGTAGTTAGGCTTAGT-1	2698	2694	6	1
CGTATTGCAGATAGAC-1	14965	14955	5	1
CGTCAATAGACTTACA-1	11169	11152	5	1
CGTCAATAGCAAGGAC-1	14903	14882	1,6	2
CGTCAATAGCTGGAAA-1	17196	17171	6	1
CGTCAATAGTACTGGT-1	12496	12490	4	1
CGTCAATAGTATGTGC-1	4620	4618	7	1
CGTCATTGTAATAGCT-1	17960	17943	1	1
CGTCATTGTCATGCCC-1	32699	32668	5	1
CGTCATTGTTGAATCG-1	2786	2783	6	1
CGTCCTAGTAAAGCGG-1	18232	18224	3	1
CGTCCTAGTAATCGCA-1	13040	13034	4	1
CGTCCTAGTAGGATCC-1	16446	16434	3	1
CGTCCTAGTATTGGAT-1	94616	94515	5	1
CGTGACATCTTTGAGA-1	27969	27924	1	1
CGTGAGGAGCACTAGT-1	34237	34197	6	1
CGTGAGGAGGCCCAGT-1	53985	53927	2	1
CGTGAGGAGTTGCCTC-1	16527	16518	7	1
CGTGCTGCAACCTAAT-1	21083	21067	2	1
CGTGCTTTCGAGCTAT-1	21955	21931	2	1
CGTGCTTTCTGGCAAT-1	5645	5637	1,6	2
CGTGGTTCACTAGGTC-1	33027	32980	6	1
CGTGTGTCAATTGACT-1	46617	46556	2	1
CGTGTGTCATAGCGGA-1	17172	17165	8	1
CGTGTTACAATGCCCG-1	13246	13238	8	1
CGTGTTACACAATACT-1	18572	18567	4	1
CGTTAAATCAGTGAAG-1	76435	76364	1,6,7	3
CGTTAAATCATGGCTG-1	7357	7349	6	1
CGTTAAATCGAGGTGG-1	15359	15351	7	1
CGTTAAATCTCACTCA-1	39542	39522	6	1
CGTTAACAGAATCGCT-1	47850	47826	4	1
CGTTAACAGCTGGAAA-1	28569	28551	8	1
CGTTAACAGCTGTCAG-1	60357	60276	3,5	2
CGTTAACAGGCTGGCT-1	15462	15455	7	1
CGTTAACAGTAACTCA-1	27582	27543	2,4	2
CGTTAACAGTTCCTGC-1	16880	16859	6	1
CGTTAGGTCACTTTAC-1	24481	24455	2	1
CGTTAGGTCCCTGATC-1	19263	19215	6	1
CGTTAGGTCGATAACC-1	87661	87585	6	1
CGTTAGTAGAAGGTGC-1	18171	18154	1	1
CGTTAGTAGCGGCTGT-1	47092	47047	2	1
CGTTAGTAGCTACTGG-1	31483	31451	1	1
CGTTATCGTAACGAGG-1	9311	9303	1	1
CGTTATCGTTAGGATT-1	15701	15678	5	1
CGTTATCGTTTATGGG-1	9936	9925	5	1
CGTTGCAAGTGAGCGG-1	49606	49584	4,5	2
CGTTGCGCACAATGTT-1	11953	11948	8	1
CGTTGCGCACGAATCC-1	16208	16197	4	1
CGTTTCTCACTTAACG-1	22663	22626	5	1
CGTTTCTCAGGCCAAA-1	30799	30790	8	1
CGTTTGGAGGCCAATT-1	17534	17519	4	1
CGTTTGGAGTTTGCGG-1	17498	17483	5	1
CTAAAGCTCATGCTCC-1	69387	69284	2	1
CTAAAGCTCCGCAAAT-1	16362	16336	5	1
CTAACCACACCACAAC-1	33347	33332	8	1
CTAACCACAGGAATCG-1	38681	38635	6	1
CTAACCTGTGCGCATG-1	30736	30699	2	1
CTAAGGTTCCCTGGTT-1	19627	19622	7	1
CTAAGGTTCGCAATCG-1	24454	24441	8	1
CTAAGTCAGCTGGCTA-1	37984	37973	3	1
CTAAGTCAGTTTCCTG-1	41951	41915	5	1
CTAATAGTCCGTAAAC-1	14746	14738	3	1
CTAATAGTCCTTCGTA-1	29768	29724	6	1
CTAATAGTCTAAGTGC-1	25939	25917	2	1
CTAATCTTCCTTAATC-1	15236	15232	8	1
CTAATCTTCGGGATTT-1	6034	6022	2	1
CTAATCTTCTAAGTCA-1	8842	8831	6	1
CTAATGTCAGGACCTT-1	16470	16464	7	1
CTAATTGAGATTGAGG-1	14337	14326	4	1
CTAATTGAGTTCCTCA-1	21764	21739	2	1
CTACAACAGCTTGCTC-1	41673	41648	4	1
CTACAACAGGACAACA-1	13434	13424	5	1
CTACAACAGTAGCGCC-1	25755	25746	1,7	2
CTACAACAGTCACTAA-1	57996	57972	4	1
CTACCGGCAATAATGG-1	8243	8239	3	1
CTACCTCAGCTTGCTC-1	66601	66547	5	1
CTACCTCAGGAACCAA-1	22224	22217	8	1
CTACCTCAGTGAGAGC-1	39676	39636	6	1
CTACGAAGTGGGTACT-1	29308	29279	6	1
CTACTAAAGACAGGCG-1	28768	28733	2	1
CTACTTAGTCATCCTG-1	20520	20492	6	1
CTACTTAGTGTTTGAG-1	15406	15393	3	1
CTAGATTCAGAGAGCC-1	9263	9259	3	1
CTAGATTCAGCAAGTG-1	16595	16589	6	1
CTAGATTCAGCTCATA-1	17623	17612	6	1
CTAGCGGGTATCTGGA-1	22392	22364	5	1
CTAGCGGGTTGGTTGA-1	10248	10245	4	1
CTAGCTGAGGTGCGGA-1	48467	48402	2	1
CTAGCTTGTTTAGCGA-1	30841	30820	3	1
CTAGGCGGTGATGAGG-1	44173	44127	5	1
CTAGGCGGTTTGGCGG-1	15902	15885	2	1
CTAGTAATCCCTCTAA-1	20357	20337	5	1
CTAGTAATCCTCCCTC-1	4108	4106	3	1
CTAGTAGGTCCTTTAA-1	18712	18700	3,4	2
CTAGTAGGTTATGTGG-1	21445	21430	8	1
CTAGTCGAGCTGTACG-1	16609	16596	3	1
CTAGTCGAGGGTGAAC-1	55480	55420	6	1
CTAGTGAGTAAGCTCA-1	21329	21309	1	1
CTAGTGAGTAAGTCGC-1	17583	17576	4	1
CTAGTGAGTGCTAGAC-1	27603	27590	7	1
CTAGTGAGTGTAACCA-1	19667	19650	5	1
CTAGTGAGTTGCATCT-1	46267	46247	4	1
CTATAACCAGCAACAG-1	28151	28119	5	1
CTATAACCAGGAAGCC-1	59977	59948	4	1
CTATGACAGGATTTGC-1	36558	36542	7	1
CTATGACAGTAGCGCC-1	3976	3975	1,5	2
CTATGAGGTGCACGCA-1	13464	13459	3	1
CTATGATCACCCACCT-1	31349	31336	7	1
CTATGGCCAAGCGATG-1	19174	19163	8	1
CTATTCAGTGTTGTAG-1	53193	53160	3	1
CTATTGAAGCATGCAT-1	29946	29919	6	1
CTATTGAAGTTATTCC-1	18686	18668	6	1
CTCAATAAGAGGGACT-1	18121	18111	3	1
CTCAATAAGATGGACA-1	29368	29361	7	1
CTCAATAAGCTTTGTT-1	9457	9456	3	1
CTCAATAAGTAAGTCC-1	17353	17340	3	1
CTCAATAAGTGGACAA-1	18169	18154	3	1
CTCACAACACCGTTCC-1	22930	22895	1	1
CTCACAACAGATAGAC-1	40484	40471	8	1
CTCACACTCATGCCTC-1	2665	2664	3	1
CTCACACTCCAGCACA-1	8903	8899	7	1
CTCACACTCGCTAGAT-1	13435	13416	1	1
CTCACACTCGTACCGA-1	17751	17740	3	1
CTCACTCAGCTCAATA-1	19372	19365	4	1
CTCACTCAGGCATGAA-1	21182	21156	2	1
CTCACTCAGTCATTGA-1	8022	8013	8	1
CTCAGGATCTAAGGAG-1	3836	3832	2	1
CTCATCATCATTGACA-1	35263	35239	4	1
CTCATCATCGGGATTT-1	40096	40046	6	1
CTCATCATCGGTCAGC-1	13635	13616	5	1
CTCATCATCGGTTCCT-1	36089	36070	8	1
CTCATGACAAACCTTG-1	15832	15828	3	1
CTCATGACATAGCTGC-1	15774	15770	3	1
CTCATGCTCCGGCTAA-1	10975	10965	1	1
CTCATGCTCGAGGAGT-1	9079	9069	5	1
CTCATGCTCGTTACTT-1	49236	49163	6	1
CTCATTAGTCGTAATG-1	5128	5119	6	1
CTCATTGTCCAGCACA-1	12538	12527	4	1
CTCATTGTCGAGGAAC-1	40574	40552	4	1
CTCATTGTCTAGCTAA-1	25654	25613	5	1
CTCATTGTCTCGACCT-1	14177	14173	3	1
CTCATTTAGGATAAAC-1	26156	26137	2	1
CTCATTTAGTTGGGCC-1	23215	23209	3	1
CTCCAAACAGCTTACA-1	18703	18693	6	1
CTCCAAACATTAGGTT-1	31671	31634	5	1
CTCCAACTCCCGCAAA-1	38664	38647	4	1
CTCCAACTCGGTTAGT-1	20923	20917	8	1
CTCCATCAGCATTATG-1	8930	8922	4	1
CTCCATCAGTTGCGTG-1	35683	35671	8	1
CTCCCTGAGCGAGTAA-1	29245	29208	2	1
CTCCCTGAGCTGCACA-1	7985	7980	8	1
CTCCCTGAGTTGTCTT-1	13829	13824	3	1
CTCCGTCCATGAATAG-1	3531	3528	5	1
CTCCTAATCCCTTGCG-1	12029	12020	3	1
CTCCTCACACGTAAGG-1	4866	4862	8	1
CTCCTGAGTAGCCATA-1	6562	6561	3	1
CTCCTGAGTCCACAAA-1	3192	3189	7	1
CTCCTGAGTGCCGCAA-1	20232	20219	6	1
CTCGACAAGGCAATAG-1	16942	16921	5	1
CTCGCTAGTTACCGGG-1	15966	15959	4	1
CTCGCTAGTTACGCAA-1	2895	2895	7	1
CTCGTTATCATAACCA-1	21200	21188	8	1
CTCGTTATCGCAGGCT-1	23062	23057	7	1
CTCGTTATCGGTTTGG-1	16110	16095	5	1
CTCTAAGCACCCACCT-1	26467	26445	2	1
CTCTAAGCATCCATCT-1	33816	33776	2	1
CTCTAGCTCATTACGA-1	53619	53599	8	1
CTCTCACAGCTCGCTT-1	26936	26911	5	1
CTCTGTTCAACCTAAT-1	11784	11773	6	1
CTCTTGATCACGCGGT-1	18880	18860	5	1
CTCTTGATCCTCACAC-1	20568	20539	5	1
CTCTTGATCGGCCATA-1	13090	13062	5	1
CTCTTGATCTCAATTC-1	15893	15885	3	1
CTGAAACTCAAGTGTC-1	35069	35047	7	1
CTGAAACTCGAAGTAG-1	19088	19080	8	1
CTGAAACTCGCTTCTA-1	26806	26768	3,5	2
CTGAATATCCACCTGT-1	15716	15710	3	1
CTGAATATCGTCAAGT-1	8577	8575	7	1
CTGACATAGATGGAGC-1	17973	17965	4	1
CTGACATAGCAAGACA-1	25203	25181	2	1
CTGACATAGCGGATTT-1	38660	38620	5	1
CTGACATAGTCATTAG-1	14125	14116	3	1
CTGACATAGTTAGAGG-1	18260	18228	5	1
CTGACCAAGCATGTCG-1	16951	16943	3	1
CTGATCACATTGCGGT-1	28313	28282	5	1
CTGCTACTCAGGGCCT-1	16718	16697	5	1
CTGCTACTCATAACGC-1	25546	25529	4	1
CTGCTACTCATTGTTC-1	21608	21578	5	1
CTGCTATGTGTTAGCA-1	7948	7944	7	1
CTGCTATGTTCGCGCT-1	30082	30064	4	1
CTGCTATGTTTGTCTA-1	12101	12082	6	1
CTGCTCCCAGCCAGAA-1	21857	21834	5,6	2
CTGGACCAGAATCGCT-1	21003	20978	5	1
CTGGACCAGCCAAATC-1	21137	21129	3	1
CTGGACCAGCGGATTT-1	20396	20388	4	1
CTGGACCAGTTAGCTA-1	28245	28225	2	1
CTGGATGTCAATAGCC-1	20585	20567	2	1
CTGGATGTCTTAGTGA-1	13736	13722	5	1
CTGGCTAAGCGATAAG-1	20927	20898	4,5	2
CTGGTAAGTTTGGTTC-1	15137	15131	8	1
CTGGTCAAGGCTAATC-1	49898	49846	5	1
CTGGTCAAGTGTTGTA-1	10277	10263	5	1
CTGGTTACAAACTAAG-1	16184	16174	7	1
CTGGTTACATTAGGTT-1	28082	28063	7	1
CTGGTTTGTCATCAAG-1	40757	40719	2	1
CTGTAACAGAGGAGTC-1	14232	14226	8	1
CTGTAACAGTGATTCA-1	24722	24696	2,5	2
CTGTACCTCAAGACTC-1	6724	6723	4	1
CTGTACCTCATTGTCT-1	31129	31119	8	1
CTGTATTTCCTTCGTA-1	20975	20964	2	1
CTGTGTGAGGACCGCT-1	28169	28164	4	1
CTGTTAAAGACAACGA-1	16923	16904	6	1
CTGTTAAAGCAAGACA-1	18339	18332	3,4	2
CTGTTAAAGGAGGTTA-1	19575	19567	3	1
CTGTTAAAGGTAGCTT-1	26550	26542	8	1
CTGTTAAAGTTATGTG-1	25372	25336	6	1
CTGTTCATCATTGTTC-1	15156	15149	4	1
CTGTTGGAGCACAGCC-1	48058	48038	7	1
CTGTTGGAGTGAGAGC-1	37116	37080	6	1
CTGTTTAGTAGCTGCG-1	75164	75139	7	1
CTGTTTAGTGATGAAA-1	17349	17342	3	1
CTGTTTAGTTTAGTCC-1	14252	14243	7	1
CTTAACAAGGTTACGT-1	65441	65348	5	1
CTTAAGATCAAGCTAC-1	18803	18792	4	1
CTTAAGATCATTGTTC-1	16116	16108	3	1
CTTAAGATCCAAGTGT-1	23200	23168	1	1
CTTAAGATCCTAAGTA-1	16915	16910	7	1
CTTAAGGGTAAATTGC-1	18746	18732	5	1
CTTAAGGGTAGCTGGT-1	23346	23334	6	1
CTTAAGGGTATTTGGG-1	10725	10718	8	1
CTTAAGGGTTAGACCA-1	24355	24312	6	1
CTTAAGGGTTGCTGGG-1	20503	20475	1	1
CTTAATGAGGCTCATG-1	8709	8698	6	1
CTTACCGGTTACTTGC-1	65816	65784	8	1
CTTACCTCAACCTGGT-1	89602	89463	5	1
CTTACTAGTCAAGTGC-1	22061	22031	2	1
CTTACTAGTTCAAGCA-1	27153	27128	1	1
CTTACTAGTTCCGGGA-1	16648	16626	6	1
CTTACTAGTTTGTCTA-1	22179	22146	6	1
CTTAGTTTCCTAATGA-1	17343	17335	4	1
CTTAGTTTCGCACAAT-1	17192	17169	1	1
CTTAGTTTCGGGATTT-1	19918	19911	3,4	2
CTTAGTTTCTTGTTCG-1	23732	23718	7	1
CTTATGTTCGAGGTGG-1	27664	27626	2	1
CTTATGTTCTAAGGTC-1	15942	15940	7	1
CTTATTGGTACCGTTT-1	33022	33003	4	1
CTTATTGGTCAATGTG-1	3085	3078	2	1
CTTATTGGTTAGGACC-1	21632	21605	1	1
CTTCAATTCCCTCAGT-1	16500	16496	3	1
CTTCAATTCTTAGGAC-1	17405	17388	1	1
CTTCACTCAGGAACTG-1	14981	14970	3	1
CTTCACTCATCGCTCC-1	16516	16496	5	1
CTTCAGGAGCTAAAGG-1	17383	17369	5	1
CTTCAGGAGCTCATAA-1	52202	52158	5	1
CTTCAGGAGTCACGAT-1	20417	20406	8	1
CTTCATCCAGAAACGT-1	19789	19783	4	1
CTTCATCCATAAAGCA-1	27251	27218	2	1
CTTCGCGTCTAGCTAA-1	28307	28294	4,8	2
CTTCGCGTCTTTGACT-1	18846	18834	6	1
CTTCTAAGTTAGCATG-1	9299	9288	5	1
CTTCTAAGTTGTGACA-1	21535	21513	6	1
CTTCTAAGTTTGCAGA-1	26187	26163	3	1
CTTCTAAGTTTGGCGG-1	9473	9469	5	1
CTTCTCAAGAGGAAGG-1	19947	19925	5	1
CTTCTCAAGCCGCTAA-1	17019	16997	5	1
CTTGAACAGGAACCAA-1	14754	14744	7	1
CTTGAACAGGGCCACT-1	42221	42167	6	1
CTTGAACAGGTGTCCA-1	34265	34252	8	1
CTTGAACAGTAAGAAC-1	15318	15306	3	1
CTTGAACAGTCCTTTG-1	2884	2884	5	1
CTTGAATCACATAGCC-1	25597	25556	1	1
CTTGACGAGGCCAATT-1	13958	13952	7	1
CTTGACGAGGGCCACT-1	53025	52998	4	1
CTTGCAACATCTAGCA-1	26686	26656	5	1
CTTGCATGTGAAGCCT-1	24829	24820	7	1
CTTGCATGTTGAAGCC-1	15929	15910	6	1
CTTGCGCGTACCAGGT-1	18977	18951	5	1
CTTGCTCAGTAGGCGG-1	51113	51090	4,8	2
CTTGGACCAATGCCCG-1	17868	17841	2	1
CTTGGACCACCCACCT-1	25666	25658	8	1
CTTGGACCAGCCAGTT-1	40703	40655	6	1
CTTGGACCATCCCGCT-1	14880	14870	4	1
CTTGTAAAGAGGAGTC-1	53163	53093	6	1
CTTGTCCAGAGCCGCT-1	10271	10267	3	1
CTTGTCCAGGACACTT-1	39311	39264	6	1
CTTGTCCAGGGTGAGT-1	10366	10357	1	1
CTTGTTCCAGTAAAGC-1	13875	13870	3	1
CTTGTTCCATTCCTCG-1	18663	18650	4	1
CTTGTTTAGAATCGCT-1	5230	5223	2	1
CTTTAGGCAAACCCTA-1	47549	47528	3	1
CTTTAGGCACTATGGC-1	14874	14854	5	1
CTTTAGGCATGAGTTT-1	24629	24603	2	1
CTTTAGTTCATGTCAA-1	45225	45184	5	1
CTTTAGTTCATTAGTG-1	11726	11719	8	1
CTTTAGTTCGGTCAGC-1	29499	29467	2	1
CTTTATCAGGCGCATC-1	4752	4747	7	1
CTTTATCAGTCCTTCA-1	6362	6352	5	1
CTTTATGGTCAGGCAT-1	13036	13010	2	1
CTTTATGGTGTCCTGC-1	17751	17748	3	1
CTTTCTTGTGATCATG-1	11586	11576	1	1
CTTTCTTGTGGCTTCC-1	38511	38500	8	1
CTTTCTTGTTACCTGT-1	14246	14238	7	1
CTTTGAGCAAAGCGGC-1	28425	28397	1	1
CTTTGAGCAAGATTCT-1	16057	16040	2	1
CTTTGAGCAGTTAGCC-1	10699	10689	1	1
CTTTGGGAGTCAGGCC-1	16737	16716	1,7	2
CTTTGGTGTCAATGTG-1	3425	3424	5,7	2
CTTTGGTGTTTAACCC-1	13478	13464	1,4	2
CTTTGGTGTTTGACCT-1	43685	43636	5	1
CTTTGTCCACCGTTCC-1	19801	19784	2,6	2
GAAACCCGTGCACGCA-1	15701	15687	1	1
GAAACCCGTTGCATCT-1	3167	3166	4	1
GAAACTGAGCGTGCGT-1	32899	32862	2	1
GAAACTGAGGTAAGGC-1	26894	26876	2	1
GAAACTGAGTAACGGA-1	10365	10362	8	1
GAAACTGAGTTGTCAA-1	30628	30586	2	1
GAAAGCCAGGCGGATG-1	18933	18928	4	1
GAAAGGCTCGCTAAGT-1	19720	19702	5	1
GAAAGGCTCTTGGATA-1	8912	8908	8	1
GAACACAAGGAGGCAT-1	33410	33380	6	1
GAACCAGCAGGCTAAG-1	33737	33714	8	1
GAACCGCTCAGGATGA-1	8758	8745	2	1
GAACCGCTCGGCCATA-1	9686	9680	6	1
GAACCGCTCGTTAAGC-1	23289	23282	4	1
GAACCGCTCTAGCTTT-1	10137	10124	1	1
GAACCTTAGCTAATTG-1	16854	16824	5,7	2
GAACTTATCCTACCTA-1	24690	24678	8	1
GAACTTATCTAAGTCA-1	56320	56251	1	1
GAAGCCTGTTGGCGTG-1	15036	15028	7	1
GAAGCTAAGATTGAGG-1	49661	49613	1	1
GAAGCTAAGGCCTTAG-1	15020	15014	4	1
GAAGCTAAGTGTTGCG-1	23083	23059	6	1
GAAGGAACAATATAGG-1	7556	7554	6	1
GAAGGAACAATTTAGC-1	35698	35673	5,8	2
GAAGGAACACTGACTA-1	16961	16953	3	1
GAAGGATGTCCTCCAA-1	16203	16197	3	1
GAAGGATGTGACCTGG-1	20615	20595	6	1
GAAGGATGTGCTTAGA-1	38673	38633	1	1
GAAGGATGTGGATTCA-1	27097	27062	1	1
GAAGGATGTTTGCGCC-1	61693	61618	5	1
GAAGGATGTTTGCTGT-1	13303	13290	5	1
GAAGGCCCACTATGGC-1	15359	15350	3,4	2
GAAGGCCCACTTAACG-1	64787	64765	8	1
GAAGGCCCATTTGCTC-1	48562	48513	6	1
GAAGGCTAGAACCTAC-1	4018	4010	2	1
GAAGGCTAGCCTGACA-1	20185	20152	5	1
GAAGGCTAGGGACGCA-1	28630	28602	2	1
GAAGGCTAGTAACCCG-1	20955	20915	6	1
GAAGTAAGTGAGGTAG-1	3316	3315	4	1
GAAGTATAGAGCCGGA-1	17838	17820	6	1
GAAGTATAGCTGGCTA-1	24946	24933	8	1
GAAGTATAGTACCGCA-1	20390	20378	6	1
GAAGTCAAGCAAGGGT-1	25140	25128	5,7	2
GAAGTCAAGGAATAAC-1	18720	18694	1,3	2
GACAATACAGCAGGTA-1	28358	28346	8	1
GACAATACATTGTGTG-1	14352	14334	6	1
GACACCGGTTGTCATC-1	32981	32933	2	1
GACATAGAGCTTATGA-1	17648	17634	1,5	2
GACATAGAGGAGTCTT-1	29552	29524	2	1
GACATAGAGGCTAGAA-1	16840	16831	3	1
GACATAGAGGCTGTGC-1	16221	16212	3	1
GACATTATCGATCAGT-1	5162	5159	4	1
GACCGAACAAGCGAGC-1	19498	19491	4	1
GACCGAACAAGCGATG-1	20466	20457	4	1
GACCGAACAATATAGG-1	13923	13917	3	1
GACCGAACACGGTACT-1	45568	45518	6	1
GACCGAACACTGACCG-1	33344	33326	7	1
GACCGAACATCCCTCA-1	15443	15436	7	1
GACCGAACATTGACAT-1	75463	75401	1	1
GACCGAACATTGTGCA-1	16470	16447	6	1
GACCGTTCAATTAGCT-1	31189	31116	6	1
GACCTAGTCATTAGGC-1	18485	18462	6	1
GACCTAGTCCCTGTTA-1	28904	28870	2	1
GACCTAGTCCTAACGG-1	13438	13430	6	1
GACCTCAAGCACAGCC-1	37859	37821	2	1
GACCTCAAGCCTGTTC-1	13385	13382	8	1
GACCTCAAGGACACTT-1	78249	78215	4	1
GACCTGATCACTCAAA-1	17919	17898	5	1
GACCTGATCATAGCCG-1	15313	15304	6	1
GACCTGATCATTACAG-1	10019	10012	6	1
GACCTGATCCACCTGT-1	71680	71646	7	1
GACCTGATCCCGAACA-1	36457	36436	1	1
GACCTGATCCCTCACG-1	25488	25459	6	1
GACCTGATCCCTGGAA-1	47969	47947	8	1
GACCTGCAGAATCTCA-1	15657	15642	5	1
GACCTGCAGAGAGGAG-1	58456	58381	5	1
GACCTGCAGCGATACT-1	17674	17654	1	1
GACCTTTGTTAATGCG-1	19819	19808	5	1
GACGCAACAAACAACA-1	15425	15416	3	1
GACGCAACACAATGTT-1	27459	27450	3	1
GACGCCTAGCGCCTTT-1	14033	14024	3	1
GACGCCTAGTTTGAGC-1	30080	30064	4	1
GACGTAAAGGCAACAA-1	25969	25956	7	1
GACGTAAAGGCCGGAA-1	13836	13830	3	1
GACTAATGTAATCCCT-1	22818	22784	2	1
GACTAATGTTTGGCTT-1	21052	21042	1	1
GACTATTCAAGCGAGC-1	25535	25506	1	1
GACTATTCAATGAATG-1	28445	28420	5	1
GACTATTCACTTACAG-1	22491	22466	1	1
GACTATTCAGATAGAC-1	24748	24724	6	1
GACTCACCAAGGTGCA-1	33076	33061	4	1
GACTTAGGTTTGAGGC-1	19345	19336	4	1
GACTTGGTCTTTAAGG-1	42729	42679	2	1
GAGAAACGTCACTCGC-1	10963	10946	5	1
GAGAAACGTGATCAGC-1	18217	18195	5	1
GAGAACCAGAGGAGTC-1	14672	14665	7	1
GAGAACCAGTTGGATC-1	3276	3274	5	1
GAGATAAGTACTGAAT-1	15551	15540	8	1
GAGCAAATCCTAACGG-1	11613	11600	6	1
GAGCATGCAAGGTCCT-1	32393	32385	8	1
GAGCATGCAGGCCTTG-1	15600	15579	6	1
GAGCATGCATTATGAC-1	27838	27824	8	1
GAGCCTTCAGTGAACG-1	11030	11018	1	1
GAGCGAAGTCGCATAA-1	5030	5026	6	1
GAGCGAAGTTACCTGT-1	6865	6860	7	1
GAGCGATAGCATGTCG-1	19958	19952	4	1
GAGCGATAGCCTGATG-1	18449	18437	1	1
GAGCGATAGGACCTCA-1	61192	61118	5	1
GAGCGATAGGACCTTG-1	47604	47529	6	1
GAGCGATAGGTTTACA-1	33039	33004	2	1
GAGCGATAGTAACGGA-1	15113	15108	8	1
GAGCTAGCAATATACC-1	5226	5220	6	1
GAGCTAGCAATTAAGG-1	21098	21074	1	1
GAGCTAGCAGTTTGGC-1	13275	13267	8	1
GAGCTGCTCGTTATCT-1	47646	47603	6	1
GAGCTGCTCTGGCTTC-1	7537	7531	3	1
GAGCTTAGTGTCACGG-1	48919	48870	6	1
GAGCTTAGTTTACGTC-1	21689	21659	1	1
GAGCTTAGTTTAGTCC-1	3408	3406	4	1
GAGCTTAGTTTGTGGA-1	28060	28021	5	1
GAGCTTGTCATGGTGT-1	33283	33245	6	1
GAGGACTAGCACTAGT-1	33109	33094	4	1
GAGGACTAGGTGCGGA-1	5406	5403	8	1
GAGGACTAGTATTGCA-1	35760	35738	4	1
GAGGCAAGTGTTTGTC-1	40759	40737	3	1
GAGGCAAGTTAGGCGT-1	23071	23055	3	1
GAGGCAAGTTTAACGG-1	14437	14427	4	1
GAGGCCTTCAAACACC-1	8298	8292	7,8	2
GAGGCCTTCAGGAACA-1	28898	28881	6	1
GAGGCCTTCATGACCG-1	23539	23529	7	1
GAGGCCTTCTCCTCTT-1	13231	13224	7	1
GAGGCTTGTATGGTGC-1	33182	33160	3	1
GAGGCTTGTGCATTTC-1	28668	28637	5	1
GAGGTACAGAATGACG-1	6079	6067	1	1
GAGGTACAGGCTACAT-1	42966	42922	5	1
GAGGTACAGGTGCTGC-1	20233	20207	1	1
GAGGTGAGTAACCAGC-1	4832	4832	7	1
GAGGTTAAGCATGGTT-1	18627	18619	4	1
GAGGTTAAGCGGATTT-1	16919	16915	7	1
GAGGTTAAGGACACTT-1	34745	34709	6	1
GAGTAACCAACACTTG-1	26056	26029	6	1
GAGTAACCAGCAGGTA-1	26711	26673	6	1
GAGTAACCAGGGAGCT-1	44808	44749	6	1
GAGTAATAGACAGGTA-1	5023	5013	5	1
GAGTATCTCCAACTGG-1	44893	44752	6	1
GAGTATCTCCATTACT-1	20436	20419	1	1
GAGTATCTCGGCCATA-1	5368	5365	3	1
GAGTCAAAGATGGACA-1	22641	22623	2	1
GAGTCAAAGGATTTGC-1	6978	6975	7	1
GAGTCAAAGTTTGCGG-1	21577	21551	1	1
GAGTCATTCAGCCAAT-1	50226	50195	3	1
GAGTCATTCCCGCATT-1	12929	12924	8	1
GAGTCATTCTGGCAAT-1	18470	18447	2	1
GAGTGAGGTAGTCAAT-1	4043	4038	1	1
GAGTGAGGTGGTTCTT-1	14404	14398	3	1
GAGTGAGGTTTACGTC-1	21181	21163	1	1
GAGTGATCAAGTGTCC-1	2997	2995	2	1
GAGTGATCACTCAACA-1	17453	17445	3	1
GAGTGTTTCCCGTTTA-1	45249	45221	6	1
GAGTGTTTCCCTCACG-1	18139	18127	3	1
GAGTGTTTCCGCAAAT-1	29681	29665	6	1
GAGTGTTTCTCATCAT-1	18221	18210	4,7	2
GAGTTACTCATCCTCA-1	16406	16400	8	1
GAGTTACTCTATCGCC-1	19561	19538	5	1
GAGTTGCGTTGGATCA-1	13994	13986	8	1
GATAACGAGTCCTTTG-1	5650	5648	8	1
GATAAGCCAACTAACT-1	21449	21424	1	1
GATAAGCCACAATTAC-1	28706	28688	4	1
GATAAGCCACAGGAAT-1	5283	5283	4	1
GATAATCGTATTGCAG-1	24975	24961	4	1
GATAATCGTGAATCGC-1	27475	27456	8	1
GATCAAGAGCCGCTAA-1	18102	18074	1	1
GATCAAGAGGCAAGTA-1	23418	23394	5	1
GATCAAGAGGCTATGT-1	3021	3019	3	1
GATCAAGAGGTTTGAC-1	18088	18081	4	1
GATCACTAGCACAGCC-1	13619	13613	4	1
GATCACTAGCATCCAG-1	48020	47969	6	1
GATCACTAGCGCCTTT-1	41690	41665	4	1
GATCACTAGGGTTAGA-1	18828	18809	5	1
GATCACTAGGTCCACA-1	26710	26702	8	1
GATCACTAGTTGGATC-1	5967	5960	5	1
GATCAGTTCACGCATG-1	22128	22093	5	1
GATCAGTTCATCCACC-1	15007	15000	3	1
GATCAGTTCGGTACGC-1	14501	14488	8	1
GATCCGTCATAGCGGA-1	15886	15867	2	1
GATCCGTCATTAGCGC-1	32443	32412	5	1
GATCCGTCATTCCTCG-1	16295	16280	2	1
GATCGAGCAAACATAG-1	37344	37311	6	1
GATCGCTCATCTTGAG-1	13061	13049	7	1
GATGACTTCATGTGGT-1	11208	11203	8	1
GATGACTTCTAATCTC-1	16427	16408	1	1
GATGAGGGTGCAACTA-1	26971	26947	5	1
GATGCAGCAATTAGCT-1	33973	33950	4	1
GATGCGACAGCATGGA-1	4921	4917	3	1
GATGCTTAGCACAGGG-1	18005	17989	6	1
GATGCTTAGGCCAATT-1	18975	18954	5	1
GATGCTTAGGTGCTGC-1	23476	23426	6	1
GATGGCTGTACCGGAT-1	26184	26170	8	1
GATGGCTGTCGCAAAC-1	23623	23591	1	1
GATTAAGCATCCCGCT-1	15696	15689	4	1
GATTACGGTAATCCCT-1	4179	4169	6	1
GATTACGGTAGACAAA-1	15488	15463	6	1
GATTACGGTGCTGGTG-1	42848	42835	8	1
GATTACGGTTTCGCCA-1	8116	8112	2	1
GATTACTCATGTTTGG-1	33927	33910	3	1
GATTAGCTCAGTGAAG-1	17018	17008	7	1
GATTAGCTCCTGGTCT-1	16574	16564	7	1
GATTAGTGTTAAGTGT-1	43995	43949	6	1
GATTAGTGTTGACTTC-1	14465	14446	1	1
GATTATGTCCGCACAA-1	25818	25803	3	1
GATTATGTCTTGTTCG-1	75787	75700	1	1
GATTCAATCAATTGGC-1	13606	13591	6	1
GATTCAGGTGCTTTAC-1	76445	76358	2	1
GATTCAGGTTCCGGGA-1	18077	18069	4	1
GATTCAGGTTCGCTTG-1	15272	15262	3	1
GATTCATCACAACAGG-1	21047	21043	3	1
GATTCATCACTATGGC-1	27008	26986	3	1
GATTCATCAGCAATAA-1	14196	14179	5	1
GATTCCTGTAATAACC-1	7610	7597	6	1
GATTCCTGTGCTTAGA-1	4973	4969	4,7	2
GATTCCTGTTAAGGTT-1	2882	2878	2	1
GATTCCTGTTGTGACA-1	11534	11524	6	1
GATTCGCCAACCTAAT-1	20879	20842	2	1
GATTCGCCAGCTCAAC-1	21091	21079	8	1
GATTGATGTCTAACCT-1	16234	16211	6	1
GATTGATGTGCGCATG-1	16713	16697	7	1
GATTGATGTTGTGATG-1	11199	11187	1	1
GATTGCAGTAAAGCGG-1	25415	25385	1	1
GATTGCGTCAATTGGC-1	45416	45355	6	1
GATTGCGTCCTAATGA-1	20068	20041	6	1
GATTGGCGTTTGGGCG-1	44932	44880	5	1
GATTGGTTCCCTCGCA-1	59570	59510	1	1
GATTGGTTCCCTGATC-1	13562	13553	3	1
GATTGGTTCCGCCTCA-1	60178	60146	3,4	2
GATTGGTTCGTACCGA-1	2698	2697	1	1
GATTGTTCACTAGCGT-1	15986	15979	4	1
GATTTGCAGGACCTTG-1	23936	23906	6	1
GCAAACAAGTAACGAG-1	27943	27912	2	1
GCAAACCGTGAAACAA-1	18653	18623	1	1
GCAAACTTCGATTATG-1	20359	20329	1	1
GCAACAGCAATTGAAG-1	16310	16293	5	1
GCAACAGCATCCAGGT-1	8872	8866	7	1
GCAAGCCTCACCTGTC-1	8285	8282	4,7	2
GCAAGCCTCACGTTAA-1	18012	17991	1	1
GCAAGTCGTCGACTAA-1	44065	43993	5	1
GCAAGTCGTGAAACAA-1	60631	60566	2,5	2
GCAATAGAGCTGAGGG-1	21005	20971	2	1
GCAATAGAGGAGCATA-1	19769	19748	6	1
GCAATAGAGTCCTTTG-1	6841	6835	4	1
GCAATATGTAAGCACC-1	8017	8014	7	1
GCAATATGTTACATCC-1	10965	10959	7	1
GCAATCTAGCAACATC-1	16462	16460	3	1
GCAATCTAGCCTCTGT-1	13329	13317	7	1
GCAATCTAGTAGCTTA-1	33891	33872	4	1
GCAATCTAGTGAGCAA-1	25650	25641	4	1
GCAATCTAGTTCCTCA-1	101904	101857	3,7	2
GCAATGAAGCAAGATG-1	22510	22485	1	1
GCAATGAAGGTCCTGA-1	40874	40862	3,7	2
GCAATGAAGGTTTGAC-1	23015	22980	1	1
GCAATGAAGTTTGGTA-1	29309	29274	2	1
GCAATGTTCAGGATGA-1	43786	43770	8	1
GCAATGTTCATTTGTC-1	46834	46779	6	1
GCAATGTTCGTTAAGC-1	20291	20263	5	1
GCAATGTTCTACCTAT-1	4334	4330	5	1
GCACATTAGATGCCTG-1	32611	32600	8	1
GCACATTAGCGTGCGT-1	30075	30054	4	1
GCACCTAAGCCGCTTT-1	15077	15060	5	1
GCACCTAAGCTACTGG-1	23078	23041	1	1
GCACCTAAGGTAACGA-1	62465	62452	8	1
GCACGAACAAATTCGT-1	44549	44509	6	1
GCACGAACAAGGGTTG-1	18952	18941	4,5	2
GCACGAACATACTCCT-1	5903	5894	2	1
GCACGCTAGTCACCTC-1	7742	7737	2	1
GCACGGTTCGAAGTAG-1	83511	83405	5	1
GCACTTACAAAGCGGC-1	37801	37767	1	1
GCACTTACAATCCTGA-1	18470	18448	1	1
GCAGCAACAATTAGCT-1	20614	20589	2	1
GCAGCAACAGGATAAC-1	5489	5482	1	1
GCAGCCAGTGATGAAA-1	15928	15922	4	1
GCAGCCAGTTCCTGAT-1	13252	13247	8	1
GCAGCTATCCGGTTGA-1	18092	18085	6	1
GCAGGATAGATTGAGG-1	28830	28815	7	1
GCAGGATAGTAACCAC-1	17715	17686	2	1
GCAGGATAGTTTGGTA-1	20322	20299	2	1
GCAGGCAAGCATGGTT-1	24579	24548	2	1
GCAGGCAAGCCGCTTT-1	5624	5624	3	1
GCAGGCAAGTCTGGGC-1	9401	9397	7	1
GCAGGCAAGTGAGGGT-1	28040	27994	6	1
GCAGGCTTCATGCTAA-1	19891	19879	6	1
GCAGGCTTCATGTGGT-1	37593	37556	5	1
GCAGGCTTCGAAGCGG-1	3360	3358	3	1
GCAGGTTGTGCTCCAC-1	19722	19689	5	1
GCATATATCCGCCAAA-1	44680	44663	8	1
GCATCCTTCCAAACAC-1	20782	20762	5,6	2
GCATCCTTCCATCAGG-1	21091	21085	6	1
GCATCCTTCGGTTTGG-1	25989	25939	6	1
GCATCCTTCTTAAGTG-1	50095	50039	5	1
GCATGAAAGCTTTGGG-1	24686	24674	8	1
GCATGAAAGTCTCACC-1	43530	43501	5	1
GCATGAGCAATGCGCT-1	26160	26136	5	1
GCATTAGGTCGCGCAA-1	20814	20790	5	1
GCATTAGGTGGTTATG-1	21184	21162	2	1
GCATTGCCAGTTAAAG-1	19635	19629	3	1
GCCAACATCCGGGACT-1	15070	15063	3	1
GCCAACATCGCCTAAG-1	14310	14301	7	1
GCCAATAGTAATCCCT-1	16112	16105	7	1
GCCAATAGTTTAACCC-1	16874	16856	1	1
GCCAATTAGCATGGTT-1	16020	15995	5	1
GCCACAATCCTTGCAC-1	17919	17914	4	1
GCCACAATCGACAAAG-1	13776	13773	8	1
GCCACAATCGTTTCTG-1	2916	2912	2,6	2
GCCACAATCTGCAAAC-1	23633	23613	1	1
GCCACACAGGCTTAAC-1	6789	6780	5	1
GCCAGGAAGGACAATG-1	54805	54780	3	1
GCCAGGAAGGCAATAG-1	5391	5390	4	1
GCCAGGTTCCTCCTAA-1	19969	19965	4	1
GCCATGATCGATAACC-1	18313	18294	1	1
GCCATGATCGGTAACT-1	88444	88342	5	1
GCCATGATCTCCATGC-1	33327	33312	3	1
GCCATTACAAAGCTAA-1	12480	12472	3	1
GCCATTACAACTAGAA-1	21505	21484	6	1
GCCATTACATGTTGTG-1	11267	11261	3	1
GCCCAAATCCCGTTAC-1	30886	30878	4	1
GCCCAAATCGCTTCTA-1	8632	8623	2	1
GCCCATAAGCGGATAA-1	17286	17277	4	1
GCCCGTTGTCCTTTAA-1	54213	54188	7	1
GCCCGTTGTGAGAAAC-1	8358	8344	5	1
GCCCGTTGTTTAAAGC-1	28381	28341	5	1
GCCCTCATCATTATGG-1	4276	4276	7	1
GCCCTCATCATTGCGG-1	14599	14596	3	1
GCCGTGAGTAACGAGG-1	3420	3420	4	1
GCCGTGAGTAATCACG-1	14542	14531	6	1
GCCGTGAGTACCCACC-1	4139	4133	1	1
GCCGTGAGTGCCTCAC-1	7354	7345	1	1
GCCGTGAGTGCTTAGA-1	5615	5614	4	1
GCCTAATAGCCAGTAT-1	23990	23956	6	1
GCCTAATAGCCGGTAC-1	16753	16731	1	1
GCCTAATAGGTAAGCA-1	15359	15340	1	1
GCCTACTTCATAGACC-1	41100	41080	7	1
GCCTACTTCCAGCACA-1	30681	30673	8	1
GCCTATTGTAGCCATA-1	17532	17516	1	1
GCCTCAAAGCTATTAG-1	10749	10741	7	1
GCCTCAAAGGCGCTAC-1	28241	28208	2	1
GCCTCAAAGGTCCTAG-1	42834	42818	8	1
GCCTCAAAGTCCTTCA-1	21448	21421	6	1
GCCTCCATCCCGAACA-1	8220	8208	1	1
GCCTCCATCCGCACAA-1	21876	21866	7	1
GCCTCCATCTAATCCT-1	8760	8754	8	1
GCCTCGACACAAAGAC-1	33170	33135	6	1
GCCTCGACACCTCGCT-1	16486	16470	5	1
GCCTCGACAGCCGCTA-1	19111	19106	4	1
GCCTCGACAGTCTATG-1	34864	34853	4	1
GCCTGACAGCAAGGAC-1	41657	41639	8	1
GCCTGACAGCGGCTGT-1	16722	16709	4	1
GCCTGACAGGATTGCT-1	11455	11454	3	1
GCCTGCTGTCAGGAAG-1	29131	29123	4,8	2
GCCTGCTGTCTAGCTT-1	2969	2967	4	1
GCCTGCTGTTTGGGTA-1	20288	20277	4	1
GCCTGTGCAGGATTAA-1	7794	7786	8	1
GCCTGTGCATAAGCAA-1	48740	48729	8	1
GCCTTACTCACACAGT-1	22480	22444	2	1
GCCTTACTCACTTTAC-1	19126	19104	1,5	2
GCCTTAGAGCAGGTGG-1	28759	28742	3	1
GCCTTAGAGTAAAGGT-1	17133	17125	3	1
GCCTTAGAGTGATTCA-1	21341	21337	8	1
GCCTTGCGTATTTGGG-1	10472	10457	5	1
GCCTTGCGTCATCAAG-1	12970	12960	6	1
GCCTTGCGTTAGAGCC-1	8596	8579	5	1
GCCTTTGGTCCTAACT-1	87198	87153	3	1
GCCTTTGGTCGTAATG-1	5395	5392	4	1
GCCTTTGGTTAGAGCC-1	28667	28652	7	1
GCCTTTGGTTAGCCAA-1	12235	12227	3	1
GCGAAGCCATAACGGG-1	18865	18843	6	1
GCGATATTCCGTTAAA-1	17890	17880	4	1
GCGATATTCTCCATAT-1	23212	23187	1	1
GCGATATTCTGTTCAT-1	15163	15159	3	1
GCGATTAGTTGGCCGA-1	12834	12829	3	1
GCGATTAGTTTACTTG-1	30815	30779	2	1
GCGATTTAGAGCCGCT-1	42144	42081	5	1
GCGCAAACAGGCCAAA-1	35377	35352	4	1
GCGCAAACAGTAGGAT-1	21706	21681	6	1
GCGCAAACAGTCTAAT-1	30928	30916	3	1
GCGCAAACAGTGAACG-1	15337	15331	3	1
GCGCAATGTCCAAGAC-1	27846	27811	2	1
GCGCAATGTTAGCATG-1	5243	5237	1	1
GCGCCTTGTCTTTGAC-1	31952	31921	5	1
GCGCCTTGTTTCCACG-1	3212	3210	7	1
GCGCGATTCCGTTAAA-1	27870	27837	2	1
GCGCGATTCCTTGTTG-1	12855	12848	7	1
GCGCGATTCTGGTCCT-1	40379	40335	1	1
GCGCTAGGTCCGGTTC-1	21060	21051	4,7	2
GCGCTAGGTTCAAGAT-1	20789	20779	4	1
GCGCTTAAGGAGGGTT-1	46229	46166	5	1
GCGCTTGCAAGGGTTG-1	72106	72030	6	1
GCGCTTGCACTCAACA-1	24724	24705	3	1
GCGCTTGCATGAGTTT-1	34538	34499	5	1
GCGGAACCAAGGATTA-1	37171	37115	1	1
GCGGATACAATTTAGC-1	31637	31597	5	1
GCGGATACAGTAAAGC-1	27927	27882	2	1
GCGGATACATCCAGGT-1	38157	38124	6	1
GCGGATACATGAATCT-1	20889	20881	2,3	2
GCGGGTTTCACCGGTA-1	67258	67186	2,5	2
GCGGGTTTCATTTGCT-1	20129	20117	4	1
GCGGGTTTCCCATAGG-1	31584	31572	8	1
GCGGGTTTCGTTAGTA-1	37738	37706	3,5	2
GCGGTTATCCTAGTCC-1	25393	25380	3	1
GCGGTTATCGCAGGCT-1	11966	11963	3,6	2
GCGGTTGGTACCGTAA-1	4306	4306	5	1
GCGGTTGGTCATTACC-1	23697	23669	2	1
GCGGTTGGTGTAACCA-1	38175	38160	8	1
GCGGTTGGTGTCACGG-1	24200	24179	1	1
GCGTAACGTATTCGCT-1	22025	22004	2	1
GCGTAACGTCCTTCTC-1	10423	10420	8	1
GCGTTTCTCAACAAGG-1	39846	39794	5	1
GCGTTTCTCTAGCTAA-1	24626	24598	2	1
GCGTTTCTCTTAGTGA-1	10001	9998	8	1
GCTAACAGTCTATCGT-1	27072	27051	6	1
GCTAACAGTGATTACG-1	11843	11839	4	1
GCTAACCCATTGTCAG-1	30370	30362	4	1
GCTAAGAAGGCTGTCA-1	42802	42776	4	1
GCTAAGAAGTCACGAT-1	4192	4190	7	1
GCTAAGCGTTACTAGG-1	9724	9715	5	1
GCTAAGTTCGTTAACA-1	29591	29535	1	1
GCTAAGTTCTGGTCCT-1	4182	4182	3	1
GCTAGCCAGCTACTGG-1	21932	21913	4	1
GCTAGCCAGGACCTCA-1	16976	16968	3	1
GCTAGCCAGGCTATGT-1	20772	20760	7	1
GCTAGCGGTCTTGCAT-1	14595	14586	4	1
GCTAGCTCATAATGAG-1	6797	6796	8	1
GCTAGCTCATTAGCCA-1	23409	23397	3	1
GCTAGTGTCAGCAAGA-1	45415	45362	6	1
GCTAGTGTCGGCCAGT-1	17700	17683	3	1
GCTATAGGTCCTAACT-1	41070	41026	2	1
GCTATTGCACCTAAGC-1	20908	20890	6	1
GCTATTGCACGAATCC-1	72012	71981	8	1
GCTATTGCAGCTCAAC-1	15966	15963	7	1
GCTATTGCATACTCCT-1	5530	5530	3	1
GCTCATTGTGATTTGG-1	55280	55247	4	1
GCTCCTTAGAGGCTAA-1	42728	42716	3,8	2
GCTCCTTAGGTTTGCG-1	13613	13604	3	1
GCTCTGGCAGGAACCA-1	21514	21495	2	1
GCTCTGTTCAAGTGAG-1	20943	20937	4	1
GCTCTGTTCATCAGTA-1	21291	21281	3,4	2
GCTCTGTTCGATTTAG-1	63658	63624	8	1
GCTCTGTTCTGTTCAT-1	19893	19890	4	1
GCTGACATCACTTTAC-1	14031	14022	1	1
GCTGACATCCAGGAAA-1	9584	9580	8	1
GCTGACATCCCTCAGT-1	10634	10631	3	1
GCTGACATCGAGCTAT-1	38046	38009	1	1
GCTGACATCTGTTGCC-1	20742	20723	6	1
GCTGATCCAACTAACT-1	72621	72590	4	1
GCTGATCCATAAACCT-1	99193	99154	7	1
GCTGATCCATAGTCAT-1	25179	25170	8	1
GCTGATCCATTGTCCT-1	52910	52889	4	1
GCTGCAATCCTTGTTG-1	16572	16553	1	1
GCTGCAATCGATTATG-1	24537	24508	2	1
GCTGCAATCTGTAAGC-1	21346	21338	8	1
GCTGCACAGCCGCTTT-1	3014	3011	3	1
GCTGCATCACAATTAC-1	15546	15537	6	1
GCTGCATCACCAGGTT-1	24895	24870	2	1
GCTGCATCAGTAAGTA-1	19597	19576	6	1
GCTGGATGTATGGTGC-1	25120	25107	7	1
GCTGGATGTCAGTAAT-1	18984	18973	6	1
GCTGGATGTTCGGGAT-1	4823	4819	4	1
GCTGGTTCAGGCGATA-1	40639	40587	5	1
GCTGGTTCAGTAGGAT-1	15716	15705	4	1
GCTGTAAGTTGCGTAA-1	2818	2818	8	1
GCTGTACCAAGTCGCT-1	27020	26985	2	1
GCTGTACCAGGTATTT-1	47169	47141	8	1
GCTGTGATCCGGGACT-1	36117	36095	8	1
GCTGTGATCTCACATT-1	29821	29782	6	1
GCTGTGCAGAGAGCCG-1	23016	22997	1	1
GCTGTGCAGCAAACCT-1	38153	38131	4	1
GCTTAAATCCTACCTA-1	15929	15922	7	1
GCTTAAATCTTTAAGG-1	18696	18689	4	1
GCTTAACAGATTCCTT-1	7233	7227	6	1
GCTTAACAGCTTGCTC-1	15388	15377	5,7	2
GCTTACCTCAACAAGG-1	23274	23262	1,8	2
GCTTACCTCATGGTTA-1	51367	51307	5	1
GCTTACCTCGGTTTCC-1	15007	15001	5	1
GCTTACCTCTGGCAAT-1	10418	10400	6	1
GCTTAGTAGGCCTGGT-1	25637	25606	2	1
GCTTCGCGTCCGTGAG-1	11952	11940	6	1
GCTTGACCAAACTGTT-1	54674	54609	5	1
GCTTGACCACGAACAG-1	16851	16845	3	1
GCTTGACCAGCAAGAT-1	22910	22897	3	1
GCTTGTTGTTGCCTCA-1	11886	11882	6	1
GCTTTACGTAACCACA-1	13032	13020	7,8	2
GCTTTACGTCCACAAA-1	5681	5677	8	1
GCTTTATTCAGCCAAT-1	16871	16867	3	1
GCTTTCATCACCATTT-1	7853	7844	5	1
GCTTTCATCAGTTCCC-1	14016	14005	4	1
GCTTTCATCCAGCACA-1	8097	8093	5	1
GCTTTGTGTATGGTGC-1	20960	20940	1	1
GCTTTGTGTCATTGTC-1	30989	30960	2	1
GCTTTGTGTTAACGAT-1	18164	18157	3	1
GGAAACTCAAGGTCCT-1	26365	26353	4	1
GGAAACTCAATATAGG-1	23326	23316	7	1
GGAACAATCCTAATTC-1	18960	18953	4	1
GGAACAATCTTGATGA-1	10400	10399	3	1
GGAACCACAAGGATTA-1	31532	31523	8	1
GGAACCACAGTTATCG-1	55202	55131	6	1
GGAACCTGTGCACGCA-1	23436	23407	2	1
GGAACCTGTTAGAGGG-1	25194	25185	8	1
GGAACGGTCCGGTTAG-1	39643	39634	8	1
GGAACGGTCGTTACTT-1	17745	17729	6	1
GGAACGGTCTCAATTC-1	4269	4267	1	1
GGAACGGTCTTTGAGA-1	18751	18741	4	1
GGAACTAAGGATCACT-1	6680	6669	4,5	2
GGAAGCTAGCCGCTAA-1	24003	23980	6	1
GGAAGCTAGGGTGGAT-1	26243	26211	1	1
GGAAGCTAGTCATTAG-1	27183	27160	3	1
GGAAGTATCATGCTTT-1	18978	18960	1	1
GGAAGTATCGAAGCGG-1	6585	6582	3	1
GGACAGCCAGCCAGAA-1	20656	20621	1	1
GGACAGCCATATTGAC-1	19512	19491	5	1
GGACATAAGGTAAGGC-1	16178	16169	4	1
GGACCGAAGCATGGTT-1	28765	28737	5	1
GGACCGAAGGAGGCAT-1	22836	22810	2	1
GGACCGAAGGAGTCTT-1	34455	34436	8	1
GGACCGAAGGTCGAGG-1	17031	17010	5	1
GGACCTCAGAAGGTGC-1	41174	41157	7	1
GGACCTCAGGAACGGT-1	56822	56757	5	1
GGACCTCAGGCGAATA-1	93169	93139	7	1
GGACGAAGTTGCTGGG-1	56162	56144	7	1
GGACGAAGTTTGGCTT-1	17988	17979	3	1
GGACTAAAGAAGGTGC-1	15670	15663	7	1
GGACTAAAGTCATGCG-1	41084	41063	7	1
GGAGCAAGTTGTCATC-1	53134	53066	5	1
GGAGCATAGCAGGTGG-1	21428	21409	8	1
GGAGCATAGCATCCAG-1	46445	46421	4	1
GGAGCATAGGTATTGC-1	5339	5336	4	1
GGAGCGATCAAACCGT-1	13630	13622	8	1
GGAGCGATCCACCTGT-1	19580	19562	2	1
GGAGCGATCTTAGTCT-1	61190	61155	3	1
GGAGGTTAGCTCCTAC-1	52993	52968	7	1
GGAGGTTAGGACCTCA-1	7539	7533	5	1
GGAGGTTAGGAGTAAT-1	3435	3429	6	1
GGAGGTTAGTCCTTCA-1	37796	37775	4	1
GGAGGTTAGTCTGGGC-1	8579	8572	8	1
GGAGTCTGTCCTAGTT-1	13941	13932	6	1
GGAGTCTGTGCATCGG-1	14279	14264	1,8	2
GGAGTCTGTGTTTGCT-1	20344	20315	1	1
GGAGTCTGTTGTTGTC-1	35681	35670	4	1
GGAGTCTGTTTATGGG-1	17916	17901	3,5	2
GGATAACCAATAACGA-1	13313	13311	7	1
GGATAACCAATAGCAA-1	8649	8645	1	1
GGATAACCAATATAGG-1	52433	52402	4	1
GGATACTTCGCACACA-1	22559	22523	1	1
GGATATTGTAATGGAA-1	17605	17601	7	1
GGATATTGTAATTAGC-1	13392	13386	7	1
GGATATTGTCCTAAGA-1	23228	23193	2	1
GGATATTGTGTCCAAA-1	27217	27199	7	1
GGATGAATCATCAGTA-1	19562	19551	4	1
GGATGAATCCTAAATG-1	14785	14779	3	1
GGATGGCCACGCAACT-1	12735	12724	4	1
GGATGTAAGGAACCAA-1	40770	40754	3,8	2
GGATTATGTACCGTTT-1	7043	7037	1	1
GGATTATGTATGGTGC-1	23769	23764	8	1
GGATTATGTGACATGC-1	23666	23638	2	1
GGATTATGTTAGGCTA-1	35092	35070	8	1
GGATTCAGTAACTACG-1	29811	29797	7	1
GGATTCAGTAATCACG-1	8732	8728	3	1
GGATTCAGTCGCGCAA-1	16895	16882	3	1
GGATTCAGTTACGCAA-1	21318	21305	7	1
GGATTGCGTAGCCTCC-1	16425	16416	8	1
GGATTGCGTGTTAAAC-1	29258	29227	2	1
GGATTGCGTTACTAGG-1	3807	3802	1	1
GGATTGCGTTAGTACG-1	8539	8535	7	1
GGATTGCGTTGGTGAC-1	25502	25489	8	1
GGATTTATCGCTCCAT-1	16085	16072	3	1
GGCAAATCAAACTCAT-1	17953	17931	1	1
GGCAAATCATGCTATG-1	26804	26763	2	1
GGCAAGCCAGAGGGAG-1	15584	15582	8	1
GGCAAGCCATCCTGAA-1	15901	15893	4	1
GGCAATCGTCCTTCAG-1	19513	19490	1	1
GGCAATCGTGCTGTAA-1	26550	26540	8	1
GGCAATCGTGTGAGAG-1	20892	20867	1	1
GGCATGGAGAATCGCT-1	9710	9704	3	1
GGCATGGAGACACCGC-1	13167	13160	3	1
GGCATGGAGGAGGCAT-1	26658	26629	2,5,7	3
GGCATTAGTAAGCACC-1	98281	98234	7	1
GGCATTAGTCATTGAG-1	26024	26011	6	1
GGCATTAGTTAACACG-1	24613	24581	1	1
GGCATTAGTTTGAGGC-1	25453	25411	1	1
GGCATTGTCAGCACGC-1	11861	11857	3	1
GGCATTGTCGACAAAG-1	57651	57599	5	1
GGCCAACTCACATTGA-1	20612	20589	1	1
GGCCAACTCCCTCTAA-1	29065	29058	4,6,8	3
GGCCGTTAGCAAGGAC-1	16986	16969	6	1
GGCCGTTAGCACAGCC-1	28864	28842	4	1
GGCCTAATCCTAAGAC-1	75161	75108	3	1
GGCCTAATCTGTGCCT-1	20740	20735	4	1
GGCCTTAAGCTGGACC-1	15755	15747	7	1
GGCCTTAAGTGAACGA-1	35123	35086	1,7	2
GGCGGTAAGCCTGTTC-1	26193	26167	2	1
GGCGGTAAGCTATTAG-1	55226	55169	2	1
GGCGGTAAGCTCCTTA-1	35356	35325	6	1
GGCGGTTTCAGCTAAC-1	31260	31247	4	1
GGCGGTTTCCTTTACG-1	44531	44508	3	1
GGCGTTATCCTGGTCT-1	27054	27025	5	1
GGCTAGACACGTAATT-1	66752	66682	6	1
GGCTAGACAGGACCAA-1	21041	21029	3	1
GGCTAGACATTGTTGG-1	22810	22796	1	1
GGCTAGTGTAATGGCC-1	18666	18657	3	1
GGCTAGTGTTACTTCA-1	28196	28187	7	1
GGCTAGTGTTGGCGTG-1	16371	16361	7	1
GGCTATGTCATCCTCA-1	19883	19872	4,7	2
GGCTATGTCGTGCTAG-1	13995	13985	7	1
GGCTATGTCTGTGCAG-1	21188	21160	5	1
GGCTCAATCACCAATA-1	23917	23888	2	1
GGCTCAATCCTAAATG-1	68501	68474	7	1
GGCTCACAGGACTAAG-1	3217	3215	8	1
GGCTCACAGTATTGGC-1	11520	11515	3	1
GGCTGAGAGCGCATTG-1	13107	13101	8	1
GGCTGAGAGTAGCGGG-1	15812	15808	4	1
GGCTGGTTCAAGCTAC-1	29244	29220	7	1
GGCTGTCAGTTAGTGC-1	12775	12765	6	1
GGCTTAAGTGCGCGTA-1	21944	21931	1,6	2
GGCTTAAGTTGTAACG-1	8087	8082	3	1
GGCTTCAAGCGATAGA-1	12578	12572	8	1
GGCTTCAAGGTCCGTA-1	51764	51715	6	1
GGCTTCAAGTCTGGGC-1	10729	10724	7	1
GGGAATATCATGCTAA-1	10673	10671	8	1
GGGAATATCCAAGTGT-1	14656	14648	3	1
GGGAATATCGAAGTGA-1	19661	19629	1	1
GGGAATATCGCTATAA-1	91127	91087	7	1
GGGAATATCTTGCAAA-1	12762	12758	7	1
GGGAGTAGTTGTAACG-1	15015	15008	8	1
GGGATTAAGCGGATTT-1	67943	67855	6	1
GGGATTAAGTCACGAT-1	39408	39355	6	1
GGGCAATAGGTATTGC-1	5728	5724	7	1
GGGCAATAGTAGCTTA-1	46657	46632	8	1
GGGCAATAGTGAGCAA-1	17226	17219	7	1
GGGCATGAGAACCTGT-1	15488	15473	6	1
GGGCATGAGCACAGAA-1	17073	17066	8	1
GGGCATGAGTCACGAT-1	17040	17025	5	1
GGGCATTGTCCCGGAA-1	14389	14379	5	1
GGGCGAATCACCATTT-1	12091	12080	5	1
GGGCGAATCATTGTTC-1	20634	20613	1	1
GGGCTAACATTGTGTG-1	26015	25933	6	1
GGGTATTTCGATTCTT-1	9829	9821	5	1
GGGTCAACATTGACAT-1	84116	84067	7	1
GGGTCACTCATTGTTC-1	18425	18413	6	1
GGGTCACTCTACCTCA-1	4576	4574	7	1
GGGTCACTCTCAATTC-1	23770	23749	2	1
GGGTGTTGTAGTTGGC-1	23408	23385	5,7	2
GGGTGTTGTCATGCCC-1	15415	15400	3	1
GGGTTATTCAAACCGT-1	28249	28202	2	1
GGGTTTGTCACGAATC-1	11572	11565	6	1
GGGTTTGTCCCTCACG-1	18928	18906	1	1
GGGTTTGTCCTGAATA-1	15659	15648	3	1
GGGTTTGTCTATCGCC-1	14043	14037	8	1
GGGTTTGTCTCATCAT-1	29598	29567	2	1
GGTAAACCAAGCCAGA-1	24577	24539	1	1
GGTAAACCACCAAAGG-1	19178	19162	6	1
GGTAAACCAGCCTAAC-1	19433	19413	6	1
GGTAAACCATTATGAC-1	24020	23993	5	1
GGTAACCGTGCACGCA-1	34451	34404	6	1
GGTAACTTCCACAATA-1	5374	5371	3	1
GGTAACTTCCGCTAGA-1	16967	16944	1	1
GGTAAGGGTGGTTCCC-1	14704	14691	6	1
GGTAATTGTAGCTAAT-1	4400	4398	7	1
GGTACAAAGGGCTAAA-1	28804	28792	3	1
GGTACCGGTAAATTGC-1	16908	16900	3	1
GGTACCGGTATTTGGG-1	22299	22286	3	1
GGTACCGGTCATAACG-1	15681	15671	2,7	2
GGTACCGGTCCCGGAA-1	62484	62424	6	1
GGTACTTAGGGACCTC-1	16744	16739	7,8	2
GGTAGGAGTACCGTTT-1	20029	20012	5	1
GGTAGGAGTTCGCTTG-1	67987	67963	7	1
GGTATGTTCATCCTCA-1	68806	68726	6	1
GGTATGTTCCTGAATA-1	7177	7176	5	1
GGTATTGGTAGCAGCT-1	16248	16242	3	1
GGTATTTCATTAAGCT-1	21002	20980	5	1
GGTCAAGCAATAGCAA-1	47442	47417	8	1
GGTCAAGCACAATGCC-1	5405	5403	3	1
GGTCAAGCATTAGCCA-1	7797	7790	6	1
GGTCAATTCAGGTCCA-1	21653	21635	1	1
GGTCAGGAGTACCGCA-1	21318	21295	1	1
GGTCATTAGAGAGGCT-1	8062	8055	8	1
GGTCATTAGCAAGGAC-1	27025	27013	8	1
GGTCATTAGGTTAGCT-1	19695	19683	3	1
GGTCCATCACTTAACG-1	5598	5593	5	1
GGTCCATCATCCCTCA-1	15239	15232	7	1
GGTCCGTAGGGACCTC-1	12581	12578	7	1
GGTCCTGCAAACATAG-1	20426	20416	4	1
GGTCCTGCAATAGCCC-1	17380	17361	5	1
GGTCGGTTCACTCAAA-1	9608	9603	3	1
GGTCTTGAGCCTGTGA-1	14856	14850	7	1
GGTCTTGAGGCATTAC-1	16301	16291	3,7	2
GGTCTTTGTGAAGCCT-1	18559	18523	5	1
GGTCTTTGTTAGACCA-1	58780	58714	1	1
GGTGAGCCAGGCTACT-1	15522	15517	3	1
GGTGAGCCATAGACTT-1	27176	27148	2,5	2
GGTGAGCCATATTGAC-1	49565	49498	1	1
GGTGAGGTCAAACCGT-1	38899	38877	4	1
GGTGAGGTCGTTACTT-1	14737	14732	8	1
GGTGAGTAGCGAGCGA-1	7292	7291	3	1
GGTGATTTCACTAGGT-1	15086	15082	3,6	2
GGTGATTTCCCGCAAA-1	38444	38423	8	1
GGTGATTTCCTTAGGG-1	36293	36287	7	1
GGTGATTTCGTTATCT-1	17299	17293	5	1
GGTGATTTCTAAGGAG-1	22088	22075	5	1
GGTGCTGGTAATGACT-1	25496	25472	6	1
GGTGCTGGTGGATTGC-1	11445	11431	5	1
GGTGCTTCAAGTGTCC-1	11872	11864	4	1
GGTGCTTCATTTAAGC-1	27521	27504	4	1
GGTGTCCAGATAACCC-1	24419	24396	1	1
GGTGTCCAGCTAAAGG-1	47317	47248	1	1
GGTGTCCAGTCTTGAA-1	21567	21544	1	1
GGTGTGACAATAATGG-1	18850	18830	1	1
GGTGTGACAGCAAGAT-1	9630	9616	5	1
GGTGTTGTCGTACCGA-1	59357	59333	4	1
GGTTAATGTATCTGGA-1	27407	27377	2	1
GGTTAATGTCATAAGT-1	7794	7790	7	1
GGTTAATGTGCTCACC-1	20520	20494	1	1
GGTTAATGTGTTGCTT-1	19875	19854	5	1
GGTTACCCAGCTCAAC-1	29273	29256	3	1
GGTTACCCATAGCGAG-1	25357	25347	8	1
GGTTACTAGGGTTATC-1	10073	10063	1	1
GGTTAGCGTCAAGTGC-1	65301	65239	1	1
GGTTAGCGTTTAGCTC-1	44268	44225	2,7	2
GGTTATATCATTACGA-1	90557	90531	8	1
GGTTATATCATTTGTC-1	28828	28787	2	1
GGTTATATCCTCATCA-1	11945	11937	7	1
GGTTATATCGCGCTAA-1	57174	57150	8	1
GGTTATATCGCTATAA-1	20711	20689	1	1
GGTTATGGTATACTGG-1	19351	19327	6	1
GGTTATGGTTCCATTA-1	6481	6476	1	1
GGTTCCCGTCCCGAAG-1	12534	12530	3	1
GGTTGAGCAACTGGGA-1	11943	11935	2	1
GGTTGAGCACAGACTC-1	42888	42836	6	1
GGTTGAGCACTTACAG-1	15253	15247	6,7	2
GGTTGAGCATGAATAG-1	20299	20290	4	1
GGTTGCATCAAGCCTG-1	19209	19180	5	1
GGTTGCATCCGTTATT-1	14728	14713	8	1
GGTTGCGGTATTGGTG-1	7259	7257	3	1
GGTTGCGGTGGTTCCC-1	3658	3655	3,4	2
GGTTGCTCACTCAACA-1	31263	31215	2	1
GGTTGCTCAGTTTACG-1	25275	25271	7	1
GGTTGGTGTAGCTAAT-1	6217	6212	8	1
GGTTGGTGTGACCTGG-1	19035	19028	4	1
GGTTGGTGTTCACCAT-1	17144	17125	5	1
GGTTTAATCACGCGGT-1	21169	21164	4	1
GGTTTAATCATAATCG-1	23740	23710	1	1
GGTTTAATCTATCGCC-1	30180	30167	7	1
GGTTTCCTCGTTATCT-1	22656	22635	6	1
GGTTTCCTCTTGCAGG-1	20814	20790	5	1
GGTTTCTGTAATTAGC-1	13612	13605	3	1
GGTTTCTGTGAGAAAC-1	7826	7814	2	1
GGTTTGTAGAGAGGCT-1	15737	15728	6	1
GGTTTGTAGAGCCGCT-1	18189	18164	5	1
GGTTTGTAGCTCCCTG-1	22363	22351	4	1
GGTTTGTAGCTGGAAA-1	13579	13565	5	1
GGTTTGTAGGGTTAGA-1	25115	25071	5	1
GTAAAGCCAGGCATCT-1	20675	20642	1	1
GTAAAGCCATAAAGCA-1	19339	19325	3	1
GTAAGCAAGGTAAGCA-1	14998	14994	3	1
GTAAGCGCATGCTTAG-1	23189	23184	8	1
GTAAGCTTCCGCACAA-1	57556	57497	5	1
GTAAGGTCAAGGAATC-1	28634	28619	7	1
GTAAGGTCAGTTTGGC-1	16120	16107	6	1
GTAAGGTCATGGCCCA-1	22807	22789	1	1
GTAATAGCAGCAACAG-1	59666	59632	7	1
GTAATAGCAGCAGGTA-1	31444	31391	5	1
GTACAATGTGATTACG-1	17518	17510	4	1
GTACACCCACCTCAGG-1	18325	18310	1	1
GTACACCCAGGCCATT-1	23789	23769	5	1
GTACCGGGTGAAGCCT-1	27170	27135	2	1
GTACCGGGTTTACTTG-1	11635	11626	8	1
GTACCTTGTCCTAAGA-1	3841	3840	5	1
GTACCTTGTCCTCCAA-1	13241	13232	5	1
GTACCTTGTTTAGCTC-1	5728	5721	2	1
GTACGTAGTACCGGAT-1	9984	9974	7	1
GTACTAATCGCTAGCA-1	27901	27864	1	1
GTACTAGGTGTTTGCT-1	18355	18338	5	1
GTACTAGGTTTGCTGT-1	83861	83836	8	1
GTACTGGTCCTGATTT-1	23375	23347	5	1
GTACTGGTCTAATTGG-1	38957	38920	5	1
GTACTTAAGGCCTGGT-1	48040	47991	5	1
GTAGCGCTCAATGTGC-1	19439	19433	4	1
GTAGCGCTCACCATTT-1	40979	40926	5	1
GTAGCTGTCAGGAAGC-1	5483	5473	5	1
GTAGGAGGTCCCGAAG-1	22986	22960	1	1
GTAGGAGGTGTTTGCT-1	26838	26802	2	1
GTAGGATCAGGATAAC-1	10956	10950	7	1
GTAGGCGAGACCATAC-1	8849	8842	5	1
GTAGGCGAGCACCACA-1	19332	19321	4	1
GTAGGCGAGTGATTCA-1	19705	19700	4	1
GTAGGTGCAATTTGGT-1	26922	26889	2	1
GTAGGTGCAGTAATAG-1	34652	34634	8	1
GTAGGTGCAGTTTCTC-1	16987	16980	3	1
GTAGTTATCATCACTT-1	23522	23490	1	1
GTAGTTATCGCACAAT-1	26041	26011	2	1
GTATCGCCAATTGACT-1	57602	57525	6	1
GTATCGCCAGGAACCA-1	39201	39142	5	1
GTATCGCCATGTTGTG-1	35647	35623	3	1
GTATGTGGTCACAGAC-1	8616	8612	1,4	2
GTATGTGGTCACCTAT-1	8595	8587	5	1
GTATGTTCAAAGGTAC-1	11741	11733	7	1
GTATGTTCATTGCGGT-1	37527	37483	6	1
GTATTCAAGAATCGCT-1	18773	18753	5	1
GTATTCAAGCCAGTAT-1	18778	18754	4,5,6	3
GTATTCAAGCCGCAGT-1	24219	24185	6	1
GTATTCAAGCTCAAAC-1	28977	28957	3	1
GTATTCAAGGACACTT-1	24426	24385	1	1
GTATTCAAGGTATTGC-1	17736	17729	4	1
GTATTGATCCTAAGAC-1	18380	18373	4,8	2
GTATTGCAGATGGAGC-1	31716	31703	7	1
GTATTGCAGTCACGAT-1	13175	13169	4	1
GTATTGTCAATACTGT-1	25311	25287	1	1
GTATTGTCAATGAATG-1	86389	86276	5	1
GTCAAACTCAATCTAG-1	4077	4072	2	1
GTCAAACTCAGAAACG-1	15163	15134	5	1
GTCAAACTCGCTTGCT-1	47789	47733	2	1
GTCAAACTCTATCGCC-1	14640	14637	7	1
GTCAAACTCTTGAGGT-1	13621	13617	3	1
GTCAATATCATCAGTA-1	27527	27512	3	1
GTCAGGCTCAATACGC-1	16588	16580	4	1
GTCAGGCTCCACCTGT-1	19173	19150	6	1
GTCAGGCTCTTGTCTG-1	53224	53172	5,8	2
GTCATCACACAGAACG-1	28151	28138	8	1
GTCATCACATAGACCC-1	15088	15072	5	1
GTCATCCTCATTGACA-1	3938	3933	5	1
GTCATCCTCCCGTTAC-1	23334	23301	1	1
GTCATCCTCGCTTCTA-1	29157	29143	3	1
GTCATGAGTATTGGTG-1	9480	9480	3	1
GTCATGAGTTAACGGC-1	23084	23080	7	1
GTCATGAGTTTGTCTA-1	55005	54944	6	1
GTCATGCCACAGCCTG-1	42573	42531	1	1
GTCATTAAGGAGCAAC-1	14113	14104	7	1
GTCATTAAGGGCTTAT-1	23913	23902	3	1
GTCCAGGGTACTGAAT-1	15772	15744	5	1
GTCCAGGGTATACTGG-1	44350	44329	7	1
GTCCATTGTAATCGTG-1	13930	13925	7	1
GTCCATTGTCAGGAAG-1	32169	32146	3	1
GTCCATTGTCCTAAGA-1	20691	20665	2	1
GTCCATTGTGGTTCTT-1	23769	23730	2	1
GTCCGTAAGCGGATTT-1	39508	39464	6	1
GTCCGTAAGGGTTAGA-1	34312	34295	4	1
GTCCGTAAGGTCATTA-1	10759	10754	4	1
GTCCTAGAGCGGATTT-1	16407	16387	5	1
GTCCTAGAGTAACCCG-1	15423	15385	7	1
GTCCTCAGTGAGAAAC-1	9648	9642	1	1
GTCCTCCCAAGCGATG-1	10617	10601	2	1
GTCCTCCCATTCCTCG-1	61359	61283	6	1
GTCGAAGCAGGCATCT-1	67939	67922	7	1
GTCGAGGAGGATGATG-1	90835	90798	4,5	2
GTCGCAATCAAGACTC-1	2780	2778	3	1
GTCGCAATCGGTTACG-1	73332	73243	6	1
GTCGCAATCTTGGATA-1	26359	26347	8	1
GTCTAACAGCCATCAG-1	14824	14804	5	1
GTCTAACAGCGCATTG-1	15573	15563	3,7	2
GTCTAACAGGTTTGCG-1	11385	11382	7	1
GTCTAACAGTTAGACC-1	10738	10731	6	1
GTCTAATCAGGCATCT-1	16582	16572	2	1
GTCTAATCAGGCGATA-1	60986	60961	7	1
GTCTAGCCAATAGCCC-1	35724	35686	5	1
GTCTAGCCACTGGCTG-1	19425	19416	4	1
GTCTAGCCATAGCGGA-1	13427	13420	3,4	2
GTCTATCGTAACTACG-1	26467	26439	6	1
GTCTATCGTACCGTTT-1	27704	27676	1	1
GTCTATCGTTAAATGC-1	8198	8195	3	1
GTCTCACTCAAACTCA-1	3515	3512	5	1
GTCTCACTCATGTTTC-1	5170	5167	7	1
GTCTTGCTCCTCCTAA-1	33160	33132	5	1
GTCTTTAGTGTGTGGT-1	64142	64082	6	1
GTCTTTGTCGATAACC-1	25385	25358	2	1
GTCTTTGTCGGCCATA-1	43643	43619	4	1
GTCTTTGTCGTTCACC-1	17173	17154	6	1
GTGAACAAGGAGTCGG-1	20433	20409	6	1
GTGAACAAGGCTATGT-1	8294	8282	1	1
GTGAATCTCATCCTAT-1	18788	18767	5	1
GTGAATCTCGATCAGT-1	69440	69352	7	1
GTGAATCTCGATTATG-1	22596	22569	1	1
GTGAATCTCGCTAAAC-1	18528	18504	5	1
GTGAGCGAGCTGTAAC-1	27609	27585	2	1
GTGAGCGAGGTAAGCA-1	13464	13443	6	1
GTGAGGAGTTGTGATG-1	38373	38357	3	1
GTGATCAGTATTGGAT-1	14378	14373	4	1
GTGATGAAGCACCACA-1	25976	25805	6	1
GTGATGAAGCATGTTA-1	54087	54059	7	1
GTGATGAAGTACTGGT-1	24745	24726	7	1
GTGCAAGCAGCAACAG-1	26186	26160	2	1
GTGCACGGTTTGTGGA-1	17649	17641	4	1
GTGCATTAGAAGCTAG-1	51377	51349	7	1
GTGCATTAGCTGTCAG-1	26638	26622	3	1
GTGCATTAGGAGGTTA-1	27798	27771	2	1
GTGCATTAGGCGGATG-1	28011	27977	2	1
GTGCCTTTCCAAACAC-1	19239	19231	5	1
GTGCCTTTCCACCTGT-1	15828	15817	7	1
GTGCCTTTCTAAGGTC-1	14865	14861	8	1
GTGCGGTTCCTGGTCT-1	21249	21239	4	1
GTGCTCAAGTATCGCG-1	34649	34636	3	1
GTGCTCCGTTCCTGTG-1	31634	31603	2	1
GTGCTGATCATCCACC-1	33146	33096	5	1
GTGCTGATCCTCATCA-1	11931	11924	4,8	2
GTGCTTACATGTCGCG-1	81381	81345	8	1
GTGGACACAGAAATGC-1	19224	19210	3	1
GTGGACACAGTAGGAT-1	33101	33065	6	1
GTGGACACATAAGGAC-1	26550	26520	2	1
GTGGATGCAATAACGA-1	19830	19812	5	1
GTGGCTTCAAACTCAT-1	11126	11111	5	1
GTGGCTTCATTAGGCC-1	14809	14800	3,8	2
GTGGTTAGTACCGTAA-1	10645	10636	8	1
GTGTAACTCGTAATCA-1	20735	20714	5	1
GTGTAACTCGTCAAGT-1	36248	36219	3	1
GTGTCCAAGGCACAGG-1	28776	28749	2	1
GTGTCCAAGGGCCACT-1	17419	17406	4	1
GTGTGAGCAAGGTATA-1	17850	17822	1	1
GTGTGAGCAATTGACT-1	40630	40619	8	1
GTGTGAGCAGGTATTT-1	64718	64697	7	1
GTGTGCGGTAGTTGGC-1	68730	68650	6	1
GTGTGTTAGCGCAATT-1	18409	18405	3	1
GTGTTACAGCATTAGC-1	20337	20328	3	1
GTGTTCCTCATGGTGT-1	19539	19517	1	1
GTGTTCCTCGTTATAG-1	18409	18395	6	1
GTGTTCCTCTGGTCCT-1	29495	29463	5	1
GTTAAACGTAAGCACC-1	18890	18871	2	1
GTTAAACGTGGTTCTT-1	14976	14957	1	1
GTTAAACGTGTTGTAG-1	15948	15935	4	1
GTTAACCAGCGGCTGT-1	35376	35365	4	1
GTTAACCAGGCCAATT-1	4592	4577	5	1
GTTAACGGTTACAAAC-1	14860	14842	1	1
GTTAACGGTTAGTACG-1	33120	33105	3,4	2
GTTAACGGTTATTGCC-1	4329	4328	7	1
GTTAACGGTTGGTGAC-1	25117	25098	5	1
GTTAAGCTCGCACACA-1	14097	14088	4	1
GTTAAGTGTACCGTTT-1	35776	35731	6	1
GTTAAGTGTACGTTTC-1	23082	23068	8	1
GTTAAGTGTTCACCAT-1	19476	19468	8	1
GTTAAGTGTTTCCACG-1	5073	5072	6	1
GTTAATGTCCTAAGTA-1	51090	51071	4	1
GTTAATGTCGAAGTAG-1	9482	9472	2	1
GTTAATGTCGTTATAG-1	14851	14842	8	1
GTTACAGGTTTGACCT-1	17453	17434	6	1
GTTACCTGTTGTAACG-1	52268	52204	6	1
GTTACGCCAACCGCCA-1	18616	18599	6	1
GTTACGCCATCAGTAT-1	30902	30893	3	1
GTTACGTAGTTATTCC-1	13559	13557	8	1
GTTACTAAGGCATGTT-1	17046	17019	5	1
GTTACTAAGTAACCAC-1	21941	21920	6	1
GTTACTCGTATACTGG-1	72013	71969	3	1
GTTAGACTCATGTCAA-1	16642	16623	6	1
GTTAGACTCTCACTAT-1	14789	14783	3	1
GTTAGGCGTCCAAGAC-1	22565	22555	6	1
GTTCACCTCAAGCCTG-1	8017	8014	3	1
GTTCACCTCATGGCTG-1	19468	19446	1,4	2
GTTCACCTCGCTCACT-1	20379	20348	6	1
GTTCATTTCAGGCCTA-1	23870	23831	5	1
GTTCATTTCCTCATGC-1	26123	26084	2	1
GTTCATTTCGTTAACA-1	52284	52263	8	1
GTTCATTTCTACCTCA-1	13804	13795	8	1
GTTCATTTCTCACACC-1	12194	12184	3	1
GTTCATTTCTCTAGCC-1	28914	28901	3	1
GTTCCCAGTATTTGGG-1	15917	15899	1	1
GTTCCCAGTCACAGCG-1	10084	10069	1	1
GTTCCTTCATAAGTCT-1	59293	59262	4	1
GTTCCTTCATTGCAGC-1	37279	37266	7	1
GTTCGCGCACTAAGAA-1	23812	23782	2	1
GTTCGCTTCGTTACTT-1	18878	18860	1	1
GTTCGCTTCTCACTCA-1	37500	37471	5	1
GTTCTCATCGTAACGT-1	22608	22582	5	1
GTTCTCATCTAAGGTC-1	12183	12173	3	1
GTTCTTAGTTGCTTCG-1	18516	18511	8	1
GTTCTTGTCTACTAAG-1	20822	20796	1	1
GTTGCATAGCATTTCT-1	36827	36811	8	1
GTTGCGGGTCATAAGT-1	32697	32651	6	1
GTTGCGGGTCCACAAA-1	8926	8922	8	1
GTTGCGGGTGGTTATG-1	5299	5293	4	1
GTTGCTGAGCATGCAT-1	19639	19630	4	1
GTTGGAGCACAAAGAC-1	18506	18481	5	1
GTTGGAGCAGGCATGA-1	14913	14905	8	1
GTTGGAGCATAGCGAG-1	56469	56453	8	1
GTTGGAGCATGTCGCG-1	40102	40088	4	1
GTTGGCCAGCTTGCTC-1	12362	12358	7	1
GTTGGCCAGTCATTAG-1	57162	57135	8	1
GTTGGCGGTATGGTGC-1	63550	63503	6	1
GTTGGCGGTCTAACCT-1	61873	61792	6	1
GTTGGCGGTCTCACTG-1	21718	21686	6	1
GTTGTGAGTCATGCAA-1	31833	31795	2	1
GTTGTGAGTGCAACTA-1	15983	15964	1	1
GTTGTGAGTGTCCAAA-1	16604	16586	6	1
GTTGTGAGTTACCGGG-1	12976	12969	8	1
GTTGTGAGTTAGGCTA-1	34100	34055	6	1
GTTGTTGCAACTAGCC-1	57113	57085	3	1
GTTGTTGCACAACCTA-1	31333	31317	3	1
GTTTAACCAAAGCGGC-1	19715	19680	5	1
GTTTAACCAACCCTCC-1	9139	9138	8	1
GTTTAACCATTCCTCG-1	24584	24580	7	1
GTTTAGCAGGCCCAGT-1	16444	16427	5	1
GTTTAGCAGTATTGTG-1	41236	41213	3	1
GTTTATCTCCCTTGCG-1	58948	58926	8	1
GTTTATCTCGATTATG-1	43918	43881	6	1
GTTTCAGCAGACAAAC-1	25361	25355	8	1
GTTTCTAGTAGCCTAA-1	3180	3178	5	1
GTTTCTAGTCATCAAG-1	28700	28684	3	1
GTTTCTAGTCGACTCC-1	8195	8181	6	1
GTTTGCTGTCAAGTGC-1	21639	21631	7	1
GTTTGTAAGCTCAAAC-1	90027	89986	7	1
GTTTGTAAGTGATTCA-1	44034	44013	7	1
GTTTGTCGTGACATGC-1	43726	43679	2	1
GTTTGTCGTGTAATAC-1	19607	19581	2	1
GTTTGTTTCCTGGTCT-1	31846	31801	5	1
TAAACAGCAACTGGGA-1	9457	9453	4	1
TAAACAGCACTAAGTT-1	47642	47591	5	1
TAAACAGCATAGACCC-1	76890	76858	8	1
TAAAGCCTCCCTGATC-1	98748	98697	7	1
TAAAGCCTCCTCAGCT-1	60105	60078	7	1
TAAAGCCTCTCGACCT-1	85061	84942	6	1
TAACAAGCACTCAACA-1	27140	27131	7	1
TAACAAGCAGGCTTGT-1	10698	10691	6	1
TAACAAGCAGGTATTT-1	27348	27333	3	1
TAACAAGCATAGACCC-1	39049	39014	5	1
TAACCAGGTCAAACTG-1	3169	3166	3	1
TAACCAGGTCCGGTTC-1	43324	43301	7	1
TAACCAGGTGCTCCGT-1	20076	20064	4	1
TAACCAGGTGGCTTCC-1	35521	35501	4	1
TAACCAGGTTGTTGTC-1	58029	58001	3	1
TAACCGGTCAGCTAAC-1	58869	58836	8	1
TAACCGGTCCAGCACA-1	5444	5439	5	1
TAACCGGTCCCGAAGC-1	16575	16552	2	1
TAACCGGTCGGGACCT-1	26035	26025	4	1
TAACCTAAGCTGTACG-1	18966	18947	6	1
TAACCTAAGGTCCACA-1	29892	29859	6	1
TAACCTAAGGTGAGAC-1	14792	14771	6	1
TAACCTAAGTGAGCAA-1	24930	24894	5	1
TAAGCCAGTGCATCGG-1	5626	5616	5	1
TAAGCCAGTGCTGGTG-1	16396	16390	4	1
TAAGCCAGTGTTTCAC-1	19729	19717	4	1
TAAGCCAGTTATTGCC-1	17615	17598	2	1
TAAGCCTAGTAAACCC-1	34300	34267	5	1
TAAGCTATCAATCTAG-1	7462	7448	5	1
TAAGCTATCAGGTCCA-1	19180	19156	2	1
TAAGCTATCGACAAAG-1	20949	20929	6	1
TAAGCTGGTATTGGTG-1	9602	9588	6	1
TAAGCTGGTTTGGGCG-1	24441	24423	7	1
TAAGGACCACCTGGTG-1	18849	18834	3	1
TAAGGACCAGCATGTC-1	17504	17486	5	1
TAAGTAGCAGGTTCAC-1	27511	27499	4	1
TAAGTGCTCCAGGTCA-1	31109	31092	4,8	2
TAAGTGCTCTCGACCT-1	34886	34847	1	1
TAATCCGCAACACCTA-1	29991	29978	7	1
TAATCCGCACATTGCA-1	14974	14967	3	1
TAATCCGCACCTGCCT-1	54415	54392	8	1
TAATGCATCACTAGGT-1	32897	32881	4,7	2
TAATGCATCAGGATGA-1	15735	15730	3	1
TAATGCATCCTTAGGG-1	35926	35899	5	1
TAATGCATCGATTCTT-1	18338	18306	5	1
TAATGGACAACAGGTG-1	14372	14360	4	1
TAATGGACACAGGAAT-1	12100	12091	5	1
TAATGGTGTTAGCTGA-1	28284	28256	2	1
TAATTGCCAATTTGGT-1	17504	17495	4	1
TACAAGCTCAAACCGT-1	20221	20190	5	1
TACAATGTCGAAGCGG-1	12728	12721	4	1
TACAATGTCGAAGTGA-1	21016	21004	4	1
TACAATGTCTCACACC-1	14712	14701	1	1
TACAGCTAGTTCCTGC-1	67396	67328	5	1
TACAGCTAGTTGGCCA-1	27535	27497	1	1
TACATCAAGCCTGTTC-1	13632	13624	8	1
TACCAAATCCTCATCA-1	13201	13196	4	1
TACCAAATCCTGAGTG-1	24377	24350	2	1
TACCAGGTCACGTTAA-1	26998	26989	4	1
TACCAGGTCCCATAGG-1	31165	31126	2	1
TACCAGGTCCCTCGCA-1	18168	18131	6	1
TACCAGGTCCTTGCGT-1	11244	11228	6	1
TACCAGGTCTCACTAT-1	26123	26095	6	1
TACCCGGCAATATACC-1	15409	15398	4	1
TACCCGGCATGAGCAG-1	37653	37629	5	1
TACCCGGCATGGTTAT-1	18161	18153	4,6	2
TACCGAAGTCAATGTG-1	6061	6057	6	1
TACCGAAGTGAAACAA-1	28348	28322	2	1
TACCGAAGTTCACCAT-1	4654	4649	6	1
TACCGAAGTTCCATTA-1	16242	16220	6	1
TACCGCAAGCGTGCGT-1	20041	20004	6	1
TACCGTTGTGATTTGG-1	57716	57693	7	1
TACCGTTGTTAAGTGT-1	45972	45946	3	1
TACCTCATCTGTTGCC-1	3622	3622	7	1
TACCTCATCTTAATGG-1	27012	26983	1	1
TACCTCATCTTAGGGT-1	18957	18933	5	1
TACCTGCTCACAGGAA-1	25539	25521	2	1
TACCTGCTCACCATTT-1	7724	7720	3	1
TACCTGCTCATTCATC-1	5168	5158	2	1
TACCTGCTCGCGACAC-1	28148	28139	3	1
TACCTTAGTCAATGTG-1	27550	27525	8	1
TACCTTAGTCCTTCTC-1	26218	26180	1	1
TACCTTAGTTTGCAGA-1	17719	17668	5	1
TACCTTTAGCATCCAG-1	45682	45628	5	1
TACCTTTAGTTTAACG-1	34930	34894	1	1
TACGCACCATGATTGT-1	23925	23884	2	1
TACGCTTGTCATGCCC-1	21880	21857	5	1
TACGCTTGTTGAAGCC-1	16474	16469	4	1
TACGCTTGTTGAATCG-1	22748	22743	8	1
TACGCTTGTTTGAGCA-1	18372	18350	5	1
TACGGATTCATGACCG-1	18409	18380	5	1
TACGGATTCGTTACAA-1	24676	24645	2	1
TACGGTTAGAGAGCCG-1	90460	90374	6	1
TACGGTTAGCACAGCC-1	23540	23520	1	1
TACGGTTAGTTGTCTT-1	10151	10144	8	1
TACGTAATCACCTGTC-1	14667	14659	3	1
TACGTACAGCGCAATT-1	15926	15911	5	1
TACGTTAAGCAAGACA-1	28349	28314	5	1
TACGTTAAGTGAGCGG-1	59086	59002	6	1
TACGTTAAGTTGTCCC-1	8202	8188	1	1
TACTAAGTCCAAGTTA-1	17652	17641	4	1
TACTCAAAGCAAGATG-1	22118	22104	4	1
TACTCAAAGGCACAGG-1	21840	21823	3	1
TACTCAAAGGGTCTAT-1	7015	7004	1,6	2
TACTCGCTCCATAATG-1	11977	11968	7	1
TACTCGCTCCCTGGTT-1	56996	56983	7	1
TACTGACAGAGGAGTC-1	47669	47592	6	1
TACTGAGGTAGGTTGC-1	11605	11598	5,6	2
TACTGGCCATAAGCAA-1	38442	38427	7	1
TACTTCGTCACCAATA-1	19299	19287	5	1
TACTTCGTCCCGCATT-1	15951	15936	5	1
TACTTCGTCCGGTTAG-1	23144	23118	5	1
TACTTGTTCCTTCTAG-1	31530	31486	5	1
TACTTGTTCGGCCAGT-1	46949	46920	6	1
TAGACCAGTGGTTCCC-1	12713	12700	6	1
TAGACCAGTTGCCTCA-1	25235	25224	4	1
TAGAGCCGTAACGGGA-1	27321	27288	5	1
TAGAGCCGTACCGTTT-1	18061	18054	4	1
TAGCAGGCAACGTGCT-1	24727	24705	5	1
TAGCAGGCACAGACTC-1	17019	17015	8	1
TAGCAGGCACCCACAG-1	35108	35086	6	1
TAGCAGGCAGAGGCTA-1	23021	23008	8	1
TAGCAGGCATAAGTTC-1	15199	15192	3	1
TAGCAGGCATGTTGCA-1	24812	24787	1	1
TAGCATATCCCTCGCA-1	19646	19618	6	1
TAGCATATCCGCCTCA-1	55093	55068	4,8	2
TAGCATATCGCACACA-1	36740	36707	6,8	2
TAGCCGGGTAAATTGC-1	19277	19258	1	1
TAGCCGGGTAACCAGC-1	6467	6463	1	1
TAGCCGGGTTAAGCCA-1	17903	17897	4	1
TAGCCGGGTTACAACG-1	6588	6578	6	1
TAGCCGGGTTGTGATG-1	2745	2742	1	1
TAGCCTCTCGGCCAGT-1	25490	25464	6	1
TAGCCTGAGGAACACA-1	27046	27010	2	1
TAGCCTTGTTCCGCAC-1	18697	18678	1	1
TAGCGGACAAAGCGGC-1	45391	45325	1	1
TAGCGGCTCAATGTCA-1	22972	22934	1	1
TAGCGGCTCGGGACCT-1	17027	17018	7	1
TAGCGGCTCGGGACTC-1	36215	36191	5	1
TAGCGGCTCTAATTGG-1	95905	95847	3	1
TAGCTAATCAATACGC-1	11660	11643	2	1
TAGCTAATCAGCAAGA-1	3993	3993	1	1
TAGCTAATCGGCCAGT-1	2993	2991	8	1
TAGCTAATCGGTCAGC-1	11252	11240	3	1
TAGCTAATCTCAATGA-1	16247	16223	2	1
TAGCTAATCTTAGGGT-1	27556	27525	5	1
TAGCTAGGTTAGCATG-1	7280	7275	1	1
TAGCTAGGTTCCATTA-1	6097	6089	5	1
TAGCTAGGTTTATGGG-1	46332	46313	4	1
TAGCTTAAGGACCAGG-1	2868	2861	1	1
TAGCTTAAGTGAGGTA-1	25441	25434	3	1
TAGCTTGCACAAAGGT-1	11560	11556	4	1
TAGGAACCACGTAAGG-1	3270	3264	5	1
TAGGAACCAGCATGTC-1	38914	38895	7	1
TAGGAACCAGGTTACC-1	16189	16166	2	1
TAGGAACCATAGTCAT-1	36792	36760	1	1
TAGGAGGGTAAACAAG-1	20263	20254	8	1
TAGGAGGGTTTAGCTC-1	18409	18397	6	1
TAGGCTGTCTGCAAGT-1	37318	37302	7	1
TAGGCTTAGGATTGCT-1	7130	7122	1	1
TAGGGTTTCATTTGCT-1	32636	32618	3	1
TAGGGTTTCTTGATGA-1	29667	29620	5	1
TAGGGTTTCTTTGACT-1	21296	21283	3	1
TAGGTGCGTCCACAAA-1	24108	24079	1	1
TAGGTGCGTTTACGTC-1	25780	25745	2	1
TAGGTGCGTTTATTCG-1	7620	7617	4,7	2
TAGGTGCGTTTGACCT-1	19977	19966	8	1
TAGGTTATCAATGTCA-1	24683	24651	2	1
TAGGTTATCATAACCA-1	43776	43757	7	1
TAGGTTATCTAGCTAA-1	22655	22625	6	1
TAGTAACGTTCTTTAG-1	14270	14262	4	1
TAGTAAGCACTCAACA-1	16706	16699	5,7	2
TAGTAAGCATAGGCGA-1	68266	68238	7	1
TAGTAAGCATCACTTC-1	19431	19401	5	1
TAGTAAGCATTAAGCT-1	54978	54908	6	1
TAGTACGGTCTATCGT-1	58160	58126	4,8	2
TAGTACGGTGGAGCAA-1	30277	30261	6	1
TAGTAGGAGCGCCTTT-1	41192	41148	1	1
TAGTAGGAGGACCTCA-1	48913	48892	7	1
TAGTCAATCCAAACAC-1	11873	11863	1	1
TAGTCAATCCTTAAGA-1	22241	22226	7	1
TAGTCAATCCTTAGGG-1	36049	36008	6	1
TAGTGAGAGAAACTGG-1	12956	12947	6	1
TAGTGAGAGAATCGCT-1	20974	20967	3	1
TAGTGAGAGGTCCACA-1	23319	23297	2	1
TAGTGAGAGTAACCAC-1	17299	17292	3	1
TAGTGGCGTTAGTGAT-1	22298	22284	4	1
TAGTGGCGTTTACGTC-1	29187	29172	7	1
TAGTTGTCAAACGGGC-1	45488	45437	2	1
TAGTTGTCAAATATCC-1	7920	7908	6	1
TAGTTGTCAGCGCTTG-1	28908	28877	6	1
TAGTTGTCATCCATCT-1	26334	26322	7	1
TATAACCCACGAATCC-1	27214	27202	3	1
TATAGCCAGCTTTGGG-1	18465	18456	7	1
TATAGCCAGTTAGCTA-1	17300	17284	1	1
TATAGCTCAGGATAAC-1	19077	19074	8	1
TATAGCTCAGGTTAAA-1	2867	2866	3	1
TATCACGCACAGGGAC-1	27497	27463	5	1
TATCCAGCAAGCGAGC-1	65215	65180	3	1
TATCCAGCATTGACAT-1	23186	23178	3	1
TATCCGGAGTTAGCCG-1	15275	15267	7	1
TATCGAGGTTATCCGT-1	18427	18422	4	1
TATCGAGGTTTACGTC-1	31085	31051	2	1
TATGAAGCAATGAGGT-1	39837	39793	6	1
TATGAAGCATAAGCAA-1	18701	18670	5	1
TATGACATCATGCTCC-1	25388	25345	2	1
TATGACATCTTGGATA-1	24853	24825	2	1
TATGACTCATCCATCT-1	36644	36603	6	1
TATGGATGTCTAACAG-1	29365	29337	2	1
TATGGCCCAAGACTCC-1	15764	15753	6	1
TATGGCCCAGGCAAGC-1	22220	22213	4	1
TATGGCCCATTCAGCA-1	43707	43682	6	1
TATGGGCGTCAGGCCA-1	22658	22638	6	1
TATGGGCGTCGCATAA-1	3482	3478	5	1
TATGGGCGTGATGAAA-1	32689	32650	5	1
TATGGGCGTGTTAGCA-1	15141	15135	7	1
TATGGGCGTTTCGCCA-1	6259	6252	7	1
TATGGTCAGGGACTAA-1	34281	34263	4	1
TATGGTCAGTTATGGC-1	41241	41222	4	1
TATGGTCAGTTCCCGT-1	21716	21674	1	1
TATGGTCAGTTTCCGC-1	15243	15239	7	1
TATGTGATCCATTACT-1	31536	31523	4	1
TATGTGATCGTTATCT-1	11409	11395	5	1
TATTACCTCATTAGCA-1	14831	14826	7	1
TATTACCTCATTTGCT-1	2703	2701	4	1
TATTACCTCTTGCATT-1	17284	17260	6	1
TATTAGCCAATGAAGC-1	75550	75460	1	1
TATTAGCCAATTAGGA-1	35272	35251	4	1
TATTAGCCACCATATG-1	8214	8214	5	1
TATTAGCCATCAGCAC-1	13459	13454	4	1
TATTAGCCATCTTGAG-1	20332	20322	5	1
TATTAGGTCTTGATGA-1	36070	36027	6	1
TATTCGTTCCAAATCA-1	19810	19806	3,4	2
TATTGACCAATCCTAG-1	13192	13171	1,2	2
TATTTGCTCCTCATCA-1	18066	18058	5	1
TATTTGGAGTGTTGTA-1	23650	23620	6	1
TCAAACCAGCCTGTTC-1	17770	17753	1,7	2
TCAACAATCACTTTAC-1	15995	15986	3	1
TCAACAATCCCGTTGT-1	25518	25480	2	1
TCAACAATCCGTGACA-1	16663	16640	6	1
TCAACAATCCTTTACG-1	26509	26483	6	1
TCAACAATCTCAATAG-1	3468	3467	5	1
TCAAGAACAATGCGCT-1	15780	15768	4	1
TCAAGAACACGAACAG-1	17762	17752	3	1
TCAAGAACAGTACCGT-1	27131	27115	8	1
TCAAGACTCACGCCAA-1	16997	16976	6	1
TCAAGACTCACTTTAC-1	60833	60752	2	1
TCAAGACTCATTTGCT-1	10083	10082	8	1
TCAAGACTCCTAATGA-1	12193	12187	7	1
TCAAGACTCGGTTTCC-1	18327	18307	6	1
TCAAGCTAGCTTAGCG-1	12946	12920	1	1
TCAAGCTAGTTGGGCC-1	56248	56236	8	1
TCAAGGAAGGAGGTTA-1	31920	31907	7	1
TCAAGGAAGTAAACCC-1	40058	39994	2	1
TCAAGGAAGTATTGTG-1	5575	5570	6	1
TCAAGGTTCATCCTAT-1	23832	23818	6	1
TCAAGGTTCATTATGG-1	96668	96631	8	1
TCAAGGTTCCTAGTAA-1	10371	10357	1	1
TCAAGGTTCCTTCTAG-1	15903	15892	7	1
TCAAGTATCGCGCTAA-1	15921	15911	8	1
TCAAGTATCGCTAGCA-1	16402	16389	5	1
TCACCTCAGCACTAAC-1	79685	79641	3,4	2
TCACCTCAGTAGGCGG-1	26688	26664	1	1
TCACGGATCGCTAGAT-1	31077	31047	5	1
TCACGGATCGGGACTC-1	22819	22799	2	1
TCACGGATCTCTAGCC-1	7408	7399	1	1
TCACTGACATTAAAGG-1	2776	2773	5	1
TCAGCAAGTAAGCTCA-1	26936	26906	2	1
TCAGCAAGTCACAGCG-1	22943	22922	6	1
TCAGCCTTCGTGCTAG-1	13132	13112	2	1
TCAGCCTTCTAACCAA-1	36956	36935	7	1
TCAGCCTTCTGTGCCT-1	14441	14428	1,8	2
TCAGCGATCGAGCTAT-1	37806	37782	3	1
TCAGGAGCATACTCCT-1	11240	11229	2	1
TCAGGTCCAAGCGATG-1	21276	21248	6	1
TCAGGTCCAAGGTATA-1	12915	12907	2	1
TCAGGTCCAGCAGGTA-1	31732	31718	4	1
TCAGGTCCATGAGTTT-1	34481	34435	6	1
TCAGGTTAGCTCCTAC-1	22718	22710	3	1
TCAGGTTAGGTGCGGA-1	49822	49778	6	1
TCAGTAATCAAGCGCC-1	21576	21564	8	1
TCAGTAATCTGTTGCC-1	75470	75438	7	1
TCAGTAGGTGAACAAA-1	12336	12331	5	1
TCAGTAGGTTTGGGCG-1	17644	17637	3	1
TCATAACCAAAGGTAC-1	29960	29947	8	1
TCATAACCATTTGCTC-1	5351	5350	3	1
TCATACTTCAGGTTTA-1	22941	22899	1,4	2
TCATACTTCATAAGCC-1	17134	17128	4	1
TCATACTTCATGCATA-1	24474	24447	2	1
TCATACTTCCAAGTTA-1	24372	24350	1	1
TCATGAGGTTAGCCAA-1	16141	16131	4	1
TCATGCCTCGTGCTAG-1	10749	10745	4	1
TCATGCCTCTCAATAG-1	5592	5588	7	1
TCATGTTTCAATGTCA-1	61919	61892	6,7	2
TCATGTTTCCCGCATT-1	21733	21728	8	1
TCATTACTCAATGAGG-1	13367	13363	2	1
TCATTGCGTCCTTCAG-1	54930	54901	4	1
TCATTGCGTGAAGCCT-1	17856	17844	7	1
TCATTGCGTTGCAATG-1	20266	20257	4	1
TCATTTGGTAAGGTTT-1	55629	55575	6	1
TCATTTGGTGTCCAAA-1	46171	46147	3	1
TCATTTGGTTTGAGCA-1	23611	23583	2	1
TCCACAACAACTAGGG-1	14162	14158	4	1
TCCACAACAGGATTAA-1	25656	25648	3	1
TCCACAACAGTGAACG-1	9816	9811	4	1
TCCAGCAAGCACCACA-1	38284	38265	4	1
TCCAGGATCTCACATT-1	38826	38805	4	1
TCCAGGTCAAGGTCCT-1	83280	83236	3	1
TCCAGGTCATACCCGG-1	13501	13496	7	1
TCCATAAAGCTTACTT-1	18548	18535	4	1
TCCATAAAGTCATGCG-1	57111	57073	8	1
TCCATATTCCTAAGAC-1	22777	22754	1	1
TCCATCATCACTAGGT-1	21907	21896	8	1
TCCCGGACAACCCTAA-1	40898	40858	6	1
TCCCGGACAGCCTAAC-1	27608	27582	1	1
TCCCTCACAAGCTTTG-1	9989	9987	3	1
TCCCTCACAGCAACAG-1	11214	11208	3	1
TCCCTGGTCGGTTCCT-1	4218	4215	6	1
TCCCTGGTCTTGCAAA-1	26340	26313	6	1
TCCGCCATCAATCTAG-1	14006	13973	1	1
TCCGCCATCTGGCAAT-1	17974	17958	5	1
TCCGGAATCAATGAGG-1	24589	24558	5	1
TCCGGAATCTTGTTCG-1	18501	18471	6	1
TCCGGTAAGCTGCACA-1	12873	12860	1	1
TCCGGTAAGGAAGCTA-1	11451	11439	1	1
TCCGGTTTCCCTTGCG-1	14394	14387	7	1
TCCGGTTTCGTTAACA-1	7936	7929	3	1
TCCGGTTTCTTTGAGA-1	14398	14387	8	1
TCCTAGTGTGAGGTAG-1	51946	51929	8	1
TCCTAGTGTGTGTGGT-1	26617	26598	3	1
TCCTAGTGTGTTTGCT-1	53652	53586	1,2	2
TCCTAGTGTTCACCCA-1	17758	17746	3	1
TCCTCAATCAGCCAAT-1	17201	17193	3	1
TCCTCAATCCTGTTCA-1	68323	68256	6	1
TCCTCACAGACACCGC-1	16650	16635	5	1
TCCTCACAGCCGGTAC-1	16573	16565	7	1
TCCTCACAGTCTATGA-1	2704	2701	8	1
TCCTCACAGTGAACCT-1	9724	9719	3,8	2
TCCTCTAAGGACCTTG-1	9366	9365	3	1
TCCTCTAAGGACTTAC-1	57175	57145	6	1
TCCTCTAAGGATGATG-1	41575	41514	5	1
TCCTCTAAGTATGTGC-1	8849	8844	4	1
TCCTCTAAGTGAGGTA-1	24021	24001	4	1
TCCTCTAAGTTATCCT-1	40503	40460	1	1
TCCTGTTCAAACGGGC-1	41436	41411	3	1
TCCTGTTCAAGGTCGA-1	17802	17788	6	1
TCCTGTTCACGTTACA-1	16989	16975	3	1
TCCTTAGTCCTAATAG-1	49916	49900	4	1
TCCTTCAAGCCAAATC-1	8610	8599	6	1
TCCTTGCAGCTGCACA-1	45071	45026	3,5	2
TCCTTGCAGTCAGGCC-1	18063	18030	6	1
TCCTTGCAGTGAGAGC-1	23768	23759	7	1
TCCTTTACACAGACTC-1	5490	5481	6	1
TCCTTTACACGGTACT-1	10567	10561	3	1
TCCTTTACATTGTGAT-1	10152	10144	1	1
TCGACAAGTAGCAGCT-1	65433	65400	4	1
TCGATTAAGCCTTAAA-1	19627	19622	3	1
TCGATTAAGGTGCTGC-1	24136	24097	5	1
TCGCCCATCTGCAAGT-1	35743	35707	2	1
TCGCGAGGTAGGTTAT-1	23434	23396	6	1
TCGCGAGGTGTGCACG-1	20257	20250	4	1
TCGCGCACACAGACTC-1	21966	21952	2	1
TCGCGCACAGAGGGAG-1	9274	9270	2,3	2
TCGCTAACAAACTCAT-1	14204	14189	1	1
TCGCTAACAACCCTAA-1	18693	18678	3	1
TCGCTAACAAGTTATC-1	31889	31873	4	1
TCGGTAAGTTCACTGT-1	22135	22111	1	1
TCGGTTACAGTTTCTC-1	18735	18708	1	1
TCGGTTCTCCTCCATA-1	16331	16324	3	1
TCGGTTTGTTCCATTA-1	11344	11339	2	1
TCGTAATCAATGAGGT-1	43305	43255	6	1
TCGTAATCACCGGTAT-1	23364	23337	1	1
TCGTAATCATAATCCG-1	64845	64822	7	1
TCGTCAACAACAGGTG-1	7381	7377	6	1
TCGTCAACATCAGCAC-1	19303	19295	7	1
TCGTGCTTCAAGCTAC-1	20029	20017	2,3	2
TCGTGCTTCACCAATA-1	77289	77251	4	1
TCGTGCTTCCAACTGG-1	15455	15446	3	1
TCGTGCTTCCCTCTAA-1	45388	45343	6	1
TCGTGCTTCGTTATCT-1	41611	41546	5	1
TCGTTAAAGCCTGATG-1	25257	25245	3	1
TCGTTAAAGCTATGAC-1	37946	37925	7	1
TCGTTAAAGTCAATTG-1	37871	37859	4,8	2
TCGTTATTCACACAGT-1	54646	54602	1	1
TCGTTATTCGGCCAGT-1	27981	27965	4	1
TCGTTTCCAAGCTTAT-1	26539	26514	5	1
TCGTTTCCATTGCAGC-1	25337	25301	2	1
TCTAACCGTAAACAAG-1	17383	17357	5	1
TCTAACCGTAAGCACC-1	26461	26450	7	1
TCTAACCGTGATCATG-1	22294	22275	6	1
TCTAACCGTGGGTACT-1	45306	45292	4	1
TCTAACCGTTAAGCCA-1	19722	19712	3	1
TCTAACTTCGGTTTGG-1	13465	13443	5	1
TCTAAGGGTACGTTTC-1	8655	8646	5	1
TCTAAGGGTGGAAGGC-1	20853	20839	4	1
TCTAATCTCACCTGTC-1	38286	38266	3	1
TCTACCTCACTAAGTT-1	15985	15966	5	1
TCTACTAGTGGTTAGC-1	51895	51862	7	1
TCTAGCACAATCCCTT-1	42792	42748	2	1
TCTAGCACATGTTTGG-1	25348	25339	3	1
TCTAGCCTCGCAACAT-1	4713	4706	2	1
TCTAGCGAGCGAAGTA-1	34764	34731	1	1
TCTATGTTCCCAGTAG-1	19072	19059	4	1
TCTATGTTCCCGCATT-1	35912	35864	1	1
TCTCAAGCAGAATGAC-1	14933	14917	3	1
TCTCAAGCAGCTTACA-1	24417	24409	7	1
TCTCAAGCAGGCTACT-1	14169	14159	3	1
TCTCAATTCCAGGTTG-1	25157	25146	3	1
TCTCAATTCTAGCGTG-1	20668	20655	2	1
TCTCACCAGCAGGTTT-1	48159	48121	5	1
TCTCACCAGCTTCTCA-1	18719	18701	1,5	2
TCTCACCAGGCCTTAG-1	83987	83898	6	1
TCTCCTCGTCAATGTG-1	12239	12227	5	1
TCTCCTCGTCATAAGT-1	17272	17264	7	1
TCTCCTCGTGAGCAAG-1	24046	24021	6	1
TCTCCTCGTTGTCCAT-1	3898	3891	5	1
TCTCGCCCAGGTTTGC-1	2855	2851	1	1
TCTGTGACAGCATGGA-1	52908	52882	7	1
TCTTAGCGTCATAGAT-1	8011	8005	7	1
TCTTAGCGTCATCATC-1	23452	23405	2	1
TCTTAGTTCACTTTAC-1	18816	18795	6	1
TCTTAGTTCATGGTGT-1	25478	25472	7	1
TCTTAGTTCCAGGTCA-1	31362	31337	5	1
TCTTAGTTCCTAATTC-1	25733	25693	2	1
TCTTAGTTCGTTAAGC-1	28672	28636	6	1
TCTTCAAGTATTGCAG-1	15877	15860	5	1
TCTTGACGTTCATTTG-1	20428	20416	4	1
TCTTGTCCACAGGAAT-1	16673	16653	6	1
TCTTGTCCAGCCAGAA-1	15305	15300	3	1
TCTTGTCCAGGCGAGT-1	15312	15305	3	1
TCTTTGTAGCACTAGT-1	29732	29723	8	1
TGAAACTGTCATGCAA-1	12000	11985	1	1
TGAAACTGTTAATGAC-1	42266	42224	5	1
TGAACAGAGACAACGA-1	13810	13804	7	1
TGAACAGAGGAACCAA-1	23574	23556	2	1
TGAACAGAGTGAACCT-1	15729	15713	5	1
TGAACAGAGTTCCCAC-1	21498	21468	2	1
TGAAGCAAGGCTAGAA-1	15142	15131	7	1
TGACCAAGTAATAACC-1	7098	7096	4	1
TGACCTTGTCAAACTG-1	10948	10947	8	1
TGACCTTGTCCACAAA-1	4470	4462	1	1
TGACCTTGTTCATCTA-1	18783	18774	4	1
TGACTCCTCAGGCCTA-1	61551	61491	2	1
TGACTCCTCATCACTT-1	16638	16613	6	1
TGACTCCTCCCTTGCG-1	15922	15911	3	1
TGACTCCTCCTAATAG-1	13587	13578	3	1
TGACTCCTCGAAGTGA-1	31605	31590	8	1
TGACTCCTCTAATCCT-1	52127	52105	7	1
TGACTCCTCTCCATGC-1	12469	12465	8	1
TGACTTAAGTCTATGA-1	21880	21856	6	1
TGAGAACCATGAATCT-1	20774	20731	5	1
TGAGCAAAGGAGGTTA-1	17605	17595	3	1
TGAGCCGGTCCTTCTC-1	18660	18648	3	1
TGAGGAGGTGATGAGG-1	40219	40166	1	1
TGAGGCACATCCATCT-1	21170	21148	1	1
TGAGGCACATGGCCCA-1	20197	20173	1	1
TGAGGCACATGTTTGG-1	18199	18180	6	1
TGAGGGAGTATGGTGC-1	21756	21738	1	1
TGAGGGAGTCTCACTG-1	35200	35187	7	1
TGAGGGAGTTTGGCTT-1	29698	29684	4	1
TGAGGGCCAATAAGCA-1	12521	12520	7	1
TGAGGGCCATGTCAGC-1	65942	65914	4	1
TGAGGTGCATTAGCCA-1	31329	31318	4	1
TGAGTGAAGGGATGAC-1	29985	29958	2	1
TGAGTTTCAGAAATGC-1	14597	14592	7	1
TGATCAATCACAGACT-1	17427	17406	1	1
TGATCAATCACTCAAA-1	39246	39207	5	1
TGATCAATCGCAACAT-1	72529	72454	2	1
TGATCAATCTCGCCTG-1	26071	26062	3	1
TGATCAATCTTTGACT-1	22332	22318	2,8	2
TGATCACAGCATGGTT-1	16906	16898	4	1
TGATCACAGCTTTGTT-1	32766	32751	4	1
TGATCACAGTTAGGCT-1	10046	10029	5	1
TGATCAGGTACGGTAC-1	7298	7291	2	1
TGATCAGGTTAGGATT-1	7237	7233	5	1
TGATCAGGTTTGAGGC-1	22228	22205	5	1
TGATCCTGTCAACAAT-1	4171	4170	8	1
TGATCGAGTCCAAATG-1	18852	18846	4	1
TGATGAACAAGGACCA-1	40501	40449	5	1
TGATGAACAGCACCAT-1	28417	28338	5	1
TGATGAACATCGCTCC-1	18918	18895	2	1
TGATGACTCGAGCTAT-1	18298	18290	7	1
TGATGATGTAAGCTTG-1	59996	59967	7	1
TGATGATGTGATGAAA-1	13314	13313	3	1
TGATTAGTCAATAGCC-1	84810	84776	8	1
TGATTCAAGCTATTGA-1	16990	16980	7	1
TGATTCAAGTAACCAC-1	15539	15529	8	1
TGCAAGCGTAACGAGG-1	2502	2501	2	1
TGCAAGCGTCCACAAA-1	5292	5288	7	1
TGCAAGCGTTCAAGCA-1	9696	9694	4	1
TGCAATATCAGCAAGA-1	13653	13641	4	1
TGCAATATCCACCCTG-1	22289	22280	3	1
TGCAATATCGGGCCAT-1	29066	29052	3,8	2
TGCACACCAATCCTAG-1	3201	3199	5	1
TGCACACCATGAAATG-1	2605	2602	5	1
TGCACCTTCGACCTGA-1	31127	31114	4	1
TGCACTTGTGCCGCAA-1	47755	47713	6	1
TGCACTTGTTAGCATG-1	11050	11043	8	1
TGCACTTGTTTGGGTA-1	83080	83034	5,7	2
TGCAGGCTCATAGACC-1	14234	14228	3	1
TGCAGGCTCCCTCAGT-1	43638	43612	7	1
TGCATCCTCATCCTCA-1	17058	17056	3	1
TGCATCCTCCGTTAAA-1	18441	18431	4	1
TGCATCCTCGATTATG-1	17858	17850	4	1
TGCATCCTCGCGCTAA-1	5735	5732	3	1
TGCATCCTCGCTTGCT-1	16046	16034	5	1
TGCATCCTCTTAAGTG-1	15229	15208	2	1
TGCATGAGTTTACCGT-1	59779	59700	5	1
TGCATTAAGATGGAGC-1	35544	35529	8	1
TGCCATTGTCAAAGGG-1	9422	9408	5	1
TGCCATTGTTGCACAA-1	95909	95791	6	1
TGCCTGTTCATAACCA-1	36354	36299	6	1
TGCCTGTTCGAGCAAA-1	21441	21430	4	1
TGCCTGTTCGCAATCG-1	27440	27407	2	1
TGCGATTAGGAGTCTT-1	13316	13289	6	1
TGCGATTAGGGCCATC-1	18992	18987	8	1
TGCGCAGGTTCAAGCA-1	28376	28369	7	1
TGCGCGAGTAGCCTAA-1	3218	3217	3	1
TGCGGTTCAAGGACCA-1	13907	13901	8	1
TGCGGTTCATAATGAG-1	9240	9237	8	1
TGCTAGCCAAACGGGC-1	21826	21807	5	1
TGCTCACTCAAGTGTC-1	17037	17018	6	1
TGCTCACTCGGTCATG-1	8098	8089	1	1
TGCTCCGTCCAGCACA-1	28760	28719	2	1
TGCTCCGTCTTAGTGA-1	14646	14620	3,5	2
TGCTCCGTCTTGTTCG-1	41232	41216	3,8	2
TGCTGGATCAGCCAAT-1	27176	27088	2	1
TGCTGGATCCGGGACT-1	19460	19442	1	1
TGCTGGATCTCAATAG-1	25930	25922	8	1
TGCTTAAAGATGCCTG-1	10591	10586	3	1
TGCTTAAAGCATTTCT-1	10817	10798	5,6	2
TGCTTAAAGGGCTTTG-1	18612	18598	6	1
TGCTTCCAGATAAAGC-1	29248	29226	5	1
TGCTTCCAGCCTGATG-1	15323	15320	3	1
TGCTTCCAGGATTGCT-1	28880	28867	7	1
TGCTTGCTCGTTAGCG-1	38566	38552	8	1
TGCTTGCTCGTTTCGC-1	23839	23824	2	1
TGCTTGTGTCATCAAG-1	60125	60030	2,4	2
TGCTTGTGTTTATTCG-1	26725	26702	5	1
TGCTTTAGTAGCTGGT-1	16897	16873	1	1
TGCTTTAGTTCGCTTG-1	21825	21802	5	1
TGGAACAAGACACCGC-1	22591	22584	4	1
TGGAACAAGATTGAGG-1	17282	17269	7	1
TGGAACAAGTTAGTGC-1	47856	47833	7	1
TGGACAAAGCCATCAG-1	21177	21168	8	1
TGGACAAAGGTCCTAG-1	38073	38055	4	1
TGGACAAAGTCAGTAC-1	31832	31818	3	1
TGGACCGGTGACCTGG-1	20436	20411	5	1
TGGACCGGTGCTAGAC-1	15713	15707	3	1
TGGACCGGTTAGCGTA-1	20599	20583	5	1
TGGACCGGTTCACCCA-1	48885	48826	5	1
TGGACGGAGCGATACT-1	43480	43455	8	1
TGGATTCAGATTCCTT-1	9334	9329	7	1
TGGATTCAGCTCATAA-1	15726	15709	5	1
TGGATTCAGCTTATGA-1	12700	12693	8	1
TGGATTCAGGGTTAGA-1	12163	12155	8	1
TGGATTCAGTGAGCGG-1	15223	15211	3	1
TGGATTCAGTGGACAA-1	13328	13324	4	1
TGGATTGGTGGGAACA-1	11640	11631	5	1
TGGCCAATCTACTAAG-1	10362	10347	1	1
TGGCCAATCTTGGATA-1	16846	16827	2	1
TGGCCATCAATAGCAA-1	23424	23419	7	1
TGGCCATCACAATGTT-1	40364	40351	8	1
TGGCCATCACAGAAAC-1	23824	23798	1	1
TGGCCATCACCCTCAC-1	42559	42494	6	1
TGGCCTGCAACAGGAT-1	44326	44285	5	1
TGGCCTTTCACCGGTA-1	17136	17125	3	1
TGGCCTTTCTTAGGAC-1	12392	12374	5	1
TGGCGGTTCACGCATG-1	37876	37864	7	1
TGGCGGTTCATGCAAC-1	41001	40966	2	1
TGGCTAAGTCATCATC-1	33809	33775	1	1
TGGCTAAGTCATTACC-1	15533	15527	4	1
TGGCTAAGTTCGGTAA-1	20027	20016	4	1
TGGCTATAGAAACTGG-1	12309	12289	6	1
TGGCTATAGGAGGCAT-1	26973	26956	7	1
TGGCTTTGTAAGGTTT-1	6400	6398	6	1
TGGCTTTGTTAGCTGA-1	27978	27965	4	1
TGGGCATGTAGTTGGC-1	20451	20435	3	1
TGGGCATGTTACATCC-1	47046	46993	6	1
TGGGCCTAGCGGGCAA-1	14627	14617	8	1
TGGTAAACACCTGCTC-1	91036	90945	5	1
TGGTAAACAGAGAGCC-1	23231	23208	5	1
TGGTAAACAGTAAGTA-1	67263	67242	4	1
TGGTCAAGTCATGCAA-1	39798	39757	5	1
TGGTCAAGTCTAACCT-1	15655	15631	5	1
TGGTCAAGTGTTGTAG-1	62562	62536	7	1
TGGTCAAGTTGCATCT-1	12341	12334	3	1
TGGTCAGTCCGCCTAT-1	16335	16323	5	1
TGGTCAGTCCTAAGAC-1	17565	17563	4	1
TGGTCAGTCGAGGAAC-1	24738	24716	2	1
TGGTCAGTCGCACACA-1	34725	34706	7	1
TGGTCATAGCATTAGC-1	11410	11407	4	1
TGGTCATAGCTGGCTA-1	21323	21313	4,7	2
TGGTCATAGGTGAGAC-1	8311	8304	6	1
TGGTCATAGTTTCCTG-1	6085	6079	5	1
TGGTCCTTCTGCAAAC-1	18936	18922	8	1
TGGTGATTCCACCTGT-1	16195	16185	4	1
TGGTGATTCGTACCGA-1	22395	22373	1	1
TGGTGCATCACTTTAC-1	20931	20903	5,6	2
TGGTGCATCCAATAGC-1	5589	5586	2	1
TGGTGCATCCATAAGC-1	51330	51251	5	1
TGGTGCATCTAAGTGC-1	70336	70270	6	1
TGGTTAATCGGTTTGG-1	22851	22839	3	1
TGGTTCCTCATGCATA-1	50945	50876	5	1
TGGTTCCTCATGCCTC-1	5810	5808	3	1
TGGTTCTGTGCTGTAA-1	26356	26324	6	1
TGGTTGAGTAACGGGA-1	20699	20691	4	1
TGGTTGAGTTGTGATG-1	75617	75582	3	1
TGTAACTCACGGTTTA-1	14883	14875	7	1
TGTAAGCTCGCTATAA-1	36625	36586	5,6	2
TGTAAGTGTGGACCTG-1	28584	28561	5	1
TGTAAGTGTTACTTGC-1	23510	23482	6	1
TGTAATGTCAGCACGC-1	44134	44093	5	1
TGTAATGTCCTCAGTC-1	22208	22173	1	1
TGTATCCGTCATGAGC-1	14687	14682	3	1
TGTATCCGTTCCGCAC-1	49903	49647	1,4	2
TGTATCGCAGAGAGCC-1	12337	12330	7	1
TGTCAGTAGCTTTGTT-1	30386	30375	3	1
TGTCATAAGCATGAAG-1	18222	18203	5	1
TGTCATAAGCCTAATA-1	28931	28926	4	1
TGTCATAAGCTATTAG-1	10186	10183	8	1
TGTCATAAGGCGTAAA-1	28254	28240	4	1
TGTCATAAGTCAGGCC-1	41555	41531	4	1
TGTCCTGGTCTCAGCC-1	16281	16278	4	1
TGTCCTTCAAGTTATC-1	26394	26360	6	1
TGTCCTTCAGCCTAAC-1	32600	32553	2	1
TGTGAAACAACAGGAT-1	17967	17961	3	1
TGTGAAACAACCCTAA-1	20243	20197	2	1
TGTGAAACACGTAAGG-1	32563	32535	5	1
TGTGAAACAGCTAACC-1	23311	23302	7	1
TGTGCAAGTTTGGGCG-1	26302	26274	5	1
TGTGCGCAGAGCAAGC-1	8071	8058	6	1
TGTGCGCAGCTGTCAG-1	14456	14453	7	1
TGTGCGCAGTAAAGGT-1	23780	23753	6	1
TGTGCGGGTATCTGGA-1	39452	39407	1	1
TGTGCTGAGAGAGGAG-1	18795	18779	6	1
TGTGGCCAGAATCTCA-1	24783	24767	8	1
TGTGGCCAGTTTAACG-1	24105	24080	5	1
TGTGGCCAGTTTGTCT-1	16878	16865	6	1
TGTGGCGGTTTAGTCC-1	46610	46586	8	1
TGTGGCTCAAACTGTT-1	3760	3758	5	1
TGTGGCTCACGGTTTA-1	27955	27923	2	1
TGTGGCTCATAAGTTC-1	11287	11277	3	1
TGTGTGAGTGTTTGCT-1	33007	32992	7	1
TGTGTGAGTTGAAGCC-1	38202	38162	3,5	2
TGTGTTAAGGGACTAA-1	22601	22575	5	1
TGTTACTTCATGTTTC-1	15399	15380	6	1
TGTTACTTCGTAATCA-1	39911	39892	7,8	2
TGTTAGCAGACAACGA-1	20534	20521	5	1
TGTTAGCAGGGCTTAT-1	33387	33348	5	1
TGTTCATTCGCTCACT-1	20864	20844	1	1
TGTTCATTCTTAGGAC-1	65048	64972	6	1
TGTTCCTCATCACAGC-1	15892	15881	6,7	2
TGTTGGCCACAAGCCT-1	21643	21623	1,5	2
TGTTGTAAGCGGCTGT-1	29213	29175	2	1
TGTTGTGCAAAGCTCC-1	34223	34215	3	1
TGTTGTTTCTTGTTCG-1	48657	48638	8	1
TTAAAGGCATTATGAC-1	7881	7872	5	1
TTAACCAAGAGAAGGG-1	44066	44051	7	1
TTAACCAAGCTATTAG-1	43929	43885	6	1
TTAACCAAGTAGCGGG-1	18344	18338	3	1
TTAACTGAGAAGCTAG-1	37860	37824	5	1
TTAACTGAGCAAACCT-1	14878	14870	3	1
TTAAGCCAGAGCCGGA-1	7445	7440	7	1
TTAAGCCAGCTAATTG-1	79992	79957	1,4	2
TTAAGCCAGGCGCTTA-1	17437	17433	3,4	2
TTAAGGACAGAACCGA-1	27064	27053	4	1
TTAAGGTGTCAAAGAA-1	14327	14311	2	1
TTAAGGTGTGGAAACG-1	24199	24185	8	1
TTAAGTGTCATAACCA-1	63974	63934	3	1
TTAAGTGTCCAATAGC-1	2956	2954	6	1
TTAAGTGTCGCAATCG-1	27667	27632	1	1
TTAATCGAGTGAGCGG-1	57506	57466	7	1
TTACACCGTTGGATAT-1	20992	20968	6	1
TTACAGCAGGCTAAGA-1	63570	63493	6	1
TTACCGTGTAACGGGA-1	35189	35143	1	1
TTACCGTGTGAGCAAG-1	15009	15002	5	1
TTACCGTGTGCAACTA-1	4615	4602	5	1
TTACCTGTCATGCATA-1	30061	30011	1	1
TTACCTGTCTGGCTTC-1	3801	3798	1	1
TTACGTTTCACAGCCA-1	43554	43505	5	1
TTACGTTTCCCTTGCG-1	27099	27066	2	1
TTACGTTTCCTGATGG-1	22183	22153	2	1
TTAGAAGCAACATAAG-1	20245	20238	4	1
TTAGAAGCATAGACCC-1	19974	19950	5	1
TTAGACTCAAACCTAT-1	58953	58882	5	1
TTAGACTCAATAACGA-1	40116	40095	7	1
TTAGACTCACAAACTT-1	21260	21240	5	1
TTAGACTCACAAAGAC-1	21198	21187	4,7	2
TTAGACTCACAACAAA-1	47111	47043	2	1
TTAGACTCACATACTG-1	35400	35354	5	1
TTAGACTCACCTAAGC-1	19181	19171	4	1
TTAGCAATCAGGCCTA-1	24876	24845	5	1
TTAGCAATCCTAATTC-1	23830	23801	1	1
TTAGCAGGTGTGCAAC-1	16088	16074	1	1
TTAGCAGGTTGAAGCC-1	22453	22427	5	1
TTAGCAGGTTTGAGCA-1	21382	21366	7	1
TTAGCCTGTTAAGCCA-1	13496	13482	1	1
TTAGCGGTCACCTGCT-1	3383	3382	3	1
TTAGCGGTCCTCACTA-1	20514	20490	5	1
TTAGCGGTCGAGGTGG-1	15859	15850	7	1
TTAGCGGTCTTTAAGG-1	15870	15863	4	1
TTAGGAACAGAACCGA-1	21831	21825	8	1
TTAGGATGTAAGCACC-1	15193	15184	3	1
TTAGGATGTCAATGTG-1	10992	10988	8	1
TTAGGATGTTAACGAT-1	23627	23600	3	1
TTAGGATGTTGGTTGA-1	2930	2930	8	1
TTAGGCCCACACTAAT-1	20290	20283	3	1
TTAGGCCCAGCTTAGC-1	15806	15798	3	1
TTAGGCGTCCTCAGTC-1	22649	22638	7	1
TTAGGCGTCCTTCTAG-1	9966	9959	3	1
TTAGGCTAGCCTGATG-1	16581	16574	3	1
TTAGTCAAGCCTGAGC-1	27599	27568	1	1
TTATAGCCAGCAACCT-1	17711	17699	3	1
TTATAGCCATGGCCCA-1	6500	6492	6	1
TTATCCGTCGCGCTAA-1	15410	15407	4	1
TTATCCTAGCTGGAAA-1	17476	17466	4,7	2
TTATCCTAGGCCTGGT-1	25288	25255	2	1
TTATGACCATAATCGT-1	21279	21274	4,7	2
TTCAACCGTGTTTGTC-1	33668	33612	5	1
TTCAACCGTTATCCGT-1	32631	32619	8	1
TTCACTGTCCTCACTA-1	14794	14787	3	1
TTCACTGTCGGCCATA-1	18293	18268	2	1
TTCAGCACAAGCTACC-1	24800	24771	2	1
TTCAGCACACTAAGCC-1	14317	14307	3	1
TTCAGGTAGCGATAGA-1	18210	18191	1	1
TTCAGGTAGCTGGACC-1	15784	15774	7	1
TTCAGGTAGGGCTTAT-1	21692	21660	6	1
TTCAGTTTCAGGATGA-1	36261	36250	8	1
TTCAGTTTCGGTTAGT-1	24852	24812	1	1
TTCATCCCATGGAGGC-1	30940	30927	3	1
TTCATTCAGGACAACA-1	17317	17310	3	1
TTCCACGGTCATGAGC-1	60342	60314	4,6	2
TTCCCACAGCCGCAGT-1	26949	26938	8	1
TTCCCACAGTGCTGTG-1	54375	54327	5	1
TTCCCGCCAAATTGCT-1	8010	7999	6	1
TTCCCGCCAAGGATTA-1	25876	25847	2	1
TTCCCGCCAAGGTCCT-1	32551	32502	5	1
TTCCCGCCAGCATGGA-1	53896	53827	6	1
TTCCTCAAGCATTATG-1	38151	38117	1	1
TTCCTCAAGGGACGCA-1	27047	27025	2	1
TTCCTTCTCAGCACGC-1	22603	22598	8	1
TTCCTTCTCCTAAGTA-1	20022	19995	6	1
TTCCTTCTCGCTCACT-1	54648	54587	6	1
TTCCTTCTCGGTCATG-1	59503	59477	8	1
TTCCTTCTCTTAGTCT-1	14275	14264	5	1
TTCCTTGAGCACCACA-1	24022	24010	8	1
TTCCTTGAGGTCAAAG-1	25500	25486	8	1
TTCCTTGAGTGTGATC-1	95817	95719	6	1
TTCGCAACATAACGGG-1	13341	13336	3	1
TTCGCAACATGTTGCA-1	13437	13426	8	1
TTCGGTACAAAGCGGC-1	17777	17753	5	1
TTCGGTACACATAACT-1	17384	17372	4,7	2
TTCGGTACACTGACCG-1	15573	15566	3	1
TTCGGTACAGGGAGGA-1	7716	7702	5	1
TTCGTGCTCCTCACAC-1	11558	11552	2	1
TTCGTGCTCCTCCTAA-1	12090	12086	7	1
TTCGTGCTCGGTAACT-1	5718	5712	2	1
TTCGTGCTCTTAGGAC-1	24428	24391	6	1
TTCGTTAGTGTTTGCT-1	78532	78486	3	1
TTCGTTAGTTCCGGGA-1	40262	40226	6	1
TTCTTAGGTGACATGC-1	9110	9101	2	1
TTCTTAGGTGTTCCCA-1	14414	14403	5	1
TTCTTAGGTTCGCTCA-1	9709	9699	1	1
TTGACGTAGGAGGCAT-1	50996	50943	6	1
TTGACGTAGGATAAAC-1	21211	21197	8	1
TTGACGTAGGCCTAAT-1	51194	51141	5	1
TTGACTAAGATAGACG-1	63228	63124	6	1
TTGACTAAGCCACAAT-1	47340	47291	5	1
TTGAGCTAGGCTGTCA-1	21283	21272	4,7	2
TTGAGCTAGTGAACCT-1	32896	32873	4	1
TTGAGGCGTTTCGCGC-1	14781	14772	7	1
TTGATGTCAGGCTTCG-1	37793	37741	1	1
TTGCAAGGTAGTAAGA-1	8652	8647	3	1
TTGCAAGGTGGTGAGA-1	17666	17651	4	1
TTGCAAGGTTGGTTCT-1	13353	13341	5	1
TTGCAATCAAGGGTTG-1	16870	16859	4	1
TTGCAATCATGCTTAG-1	15954	15950	7	1
TTGCAGCCACCTCACC-1	36918	36864	1	1
TTGCAGCCATGAGTTT-1	26866	26833	2	1
TTGCATTTCATAGACC-1	19723	19712	5,6	2
TTGCATTTCCGCCTCA-1	19641	19633	4	1
TTGCATTTCTAAGTGC-1	12750	12747	8	1
TTGCATTTCTTTAAGG-1	39647	39570	6	1
TTGCCCGTCAGCATTA-1	15958	15950	3	1
TTGCCCGTCATTCATC-1	26657	26625	2	1
TTGCCCGTCGGGATTT-1	17748	17724	5	1
TTGCGAGTCATGAAGG-1	23223	23201	4	1
TTGCGAGTCATGCTAA-1	22525	22508	2	1
TTGCGAGTCCCATAGG-1	17506	17497	5	1
TTGCGTCTCCCGCATT-1	28580	28569	4,8	2
TTGCGTCTCGTTCACC-1	38355	38343	7	1
TTGCGTCTCTAGCTTT-1	17250	17235	6	1
TTGCTCTCAAGTGTCC-1	10845	10825	6	1
TTGCTCTCACCCTCAC-1	48932	48916	7	1
TTGCTCTCAGAGGGAG-1	39605	39585	4	1
TTGCTCTCAGGATGGC-1	4337	4335	3	1
TTGCTCTCATGAATCT-1	80132	80098	7	1
TTGCTTAGTACGGTAC-1	17597	17576	1	1
TTGCTTTAGCTTTGGG-1	26259	26230	6	1
TTGGAGGCACTAAATC-1	33593	33585	4	1
TTGGAGGCAGCTAATT-1	11112	11098	1	1
TTGGATATCATCCTGC-1	14866	14856	3	1
TTGGATATCTAACCAA-1	25737	25708	5	1
TTGGATATCTTAGGAC-1	22611	22595	2	1
TTGGATTCACCAACCG-1	47702	47652	1	1
TTGGATTCAGCAAATA-1	18423	18400	6	1
TTGGCGGGTGATTACG-1	66224	66137	6	1
TTGGCTACAACTAACT-1	21753	21747	7	1
TTGGCTACACGTGCTG-1	18377	18353	6	1
TTGGCTACAGTACCGT-1	17115	17108	3	1
TTGGCTACATGCTTAG-1	19691	19679	4	1
TTGGCTGAGGGCCATC-1	14018	14004	3,7	2
TTGGCTTGTCAATAGT-1	4934	4927	5	1
TTGGCTTGTCACGAAC-1	15763	15754	7	1
TTGGGCCAGAAGCTAG-1	28989	28963	3,7	2
TTGGGCCAGTTATGGC-1	4558	4555	1	1
TTGGGCGGTTAATGCG-1	19498	19474	5	1
TTGGGTTAGAGGCTAA-1	16096	16085	3	1
TTGGGTTAGCTAAAGG-1	16368	16350	6	1
TTGGGTTAGGATTGAG-1	21833	21800	6	1
TTGGTGAGTGCTGGTG-1	4901	4900	3	1
TTGGTGAGTGCTTACT-1	18222	18188	6	1
TTGGTGAGTTCCTCCT-1	14557	14544	2	1
TTGTAAGTCCGCATGA-1	17527	17513	5	1
TTGTCCATCATTATGG-1	43087	43068	4	1
TTGTCCATCTTAAGTG-1	28737	28696	5	1
TTGTCCCAGAGAGGAG-1	69473	69445	4	1
TTGTCCCAGCGGGCAA-1	94546	94429	6	1
TTGTCCCAGTGGCGGA-1	29175	29145	5	1
TTGTCCGGTGTTAGCA-1	26948	26940	4	1
TTGTGAGGTTTGAGCA-1	21912	21888	2	1
TTGTGCCTCAGGATGA-1	2937	2937	3	1
TTGTGCCTCATTGTTC-1	35544	35487	6	1
TTGTGCCTCCTTCTAG-1	20548	20529	5	1
TTGTGCCTCGGGATTT-1	3677	3677	7	1
TTGTGTGCACAGGATG-1	18289	18275	8	1
TTGTTCCCACTGACCG-1	26151	26135	7	1
TTGTTCCCAGGCTTGT-1	12868	12858	3	1
TTGTTCCCATAATGTC-1	15629	15609	5	1
TTGTTCCCATGTTGGC-1	21140	21123	6	1
TTGTTGCGTACGATTG-1	18583	18563	5	1
TTGTTGCGTGCTTACT-1	7254	7251	3	1
TTGTTGCGTTCCAGGG-1	22721	22708	3	1
TTTAACCTCATGGCTG-1	32131	32108	7	1
TTTAACCTCGTTATAG-1	16962	16944	5	1
TTTAACCTCTGCAACG-1	10534	10529	7	1
TTTAACCTCTTGGATA-1	14721	14710	3	1
TTTAACGAGCTTTGTT-1	44843	44822	4	1
TTTAACGAGTTAGAGG-1	21183	21164	1	1
TTTAAGGTCATAATCG-1	55003	54965	8	1
TTTAAGGTCGTTAGTA-1	86754	86675	6	1
TTTACGAAGCTGTCAG-1	25835	25799	2	1
TTTACGAAGTTCCTGC-1	42364	42353	4	1
TTTACGCGTTTGCAGA-1	27505	27477	6	1
TTTAGCAAGTTAACCA-1	28066	28055	4	1
TTTAGGATCAAGCTTA-1	17339	17328	3	1
TTTAGGATCGTTAGTA-1	15456	15448	3,5	2
TTTAGGATCTGTTGCC-1	22845	22819	2	1
TTTATGGAGCATGACT-1	15163	15157	8	1
TTTATGGAGCATGGTT-1	18849	18833	4,6	2
TTTCACCCAGTTTCTC-1	81420	81385	8	1
TTTCATCAGCACTAAC-1	32592	32531	5	1
TTTCATCAGGCCGGAA-1	17734	17700	5	1
TTTCATCAGTTATTCC-1	19170	19157	4	1
TTTCCGGGTATTGTCC-1	46296	46277	7	1
TTTCCGGGTATTTGGG-1	50269	50206	1	1
TTTCCGGGTTAGCGTA-1	16639	16629	5	1
TTTCCTGAGCAAGGAC-1	21707	21675	1	1
TTTCCTGAGCATGTCG-1	18330	18315	5	1
TTTCCTGAGGAAGCTA-1	12908	12899	7	1
TTTCGTCCAATAACGA-1	17423	17408	6	1
TTTCTCACAATGCCTA-1	19572	19548	5	1
TTTCTTGCAACAGGTG-1	31763	31735	6	1
TTTCTTGCACGAATCC-1	26731	26705	6	1
TTTCTTGCATCCTAGA-1	11727	11715	2	1
TTTGACCGTGAAACAA-1	21828	21817	4	1
TTTGACCGTTAACACG-1	31126	31100	5	1
TTTGACCGTTACCGGG-1	17987	17978	4	1
TTTGACCGTTCATTTG-1	15697	15692	7	1
TTTGACTTCAAACACC-1	77391	77369	8	1
TTTGACTTCAAGTGAG-1	17006	16983	5	1
TTTGACTTCAGGAACA-1	62855	62800	5	1
TTTGACTTCTAAGTGC-1	28376	28342	2	1
TTTGAGTCACCAACCG-1	38296	38279	8	1
TTTGAGTCACCTCAGG-1	8758	8744	1	1
TTTGAGTCAGGTTACC-1	5089	5084	6	1
TTTGCATTCACGCATG-1	48434	48406	5,8	2
TTTGCGACAGCAAGAT-1	64415	64381	4	1
TTTGCGACAGTTAAAG-1	29272	29239	1	1
TTTGCGGAGCGCTAAT-1	4461	4458	5	1
TTTGGTAAGACACCGC-1	5285	5282	8	1
TTTGGTAAGCAAACCT-1	31876	31857	4	1
TTTGGTAAGCCTCTGT-1	31975	31960	4	1
TTTGGTAAGCTTAGTA-1	26367	26332	2	1
TTTGGTAAGTGAGCAA-1	12682	12665	5	1
TTTGGTGCATTGTGGC-1	28144	28116	2	1
TTTGTCTAGACTTACA-1	20212	20195	1	1
TTTGTCTAGTCAGGCC-1	5468	5468	4	1
TTTGTGAAGGGTGAAC-1	39801	39743	1	1
TTTGTGTTCAATGTCA-1	82420	82331	6	1
TTTGTTGGTCGTAAAT-1	16852	16847	3	1
TTTGTTGGTTACTAGG-1	32667	32653	7	1
