cell_id	bare_barcode	rna_prefix	donor	eye	published_label	label_evidence
1_GATTATGTCTTGTTCG-1	GATTATGTCTTGTTCG-1	1	LVG1	OD	Muller glia	published_fragment_file_unique_RNA_match
1_TATTAGCCAATGAAGC-1	TATTAGCCAATGAAGC-1	1	LVG1	OD	Muller glia	published_fragment_file_unique_RNA_match
1_GACCGAACATTGACAT-1	GACCGAACATTGACAT-1	1	LVG1	OD	Muller glia	published_fragment_file_unique_RNA_match
1_GGTTAGCGTCAAGTGC-1	GGTTAGCGTCAAGTGC-1	1	LVG1	OD	Muller glia	published_fragment_file_unique_RNA_match
1_ATTTAGCCAAACCTTG-1	ATTTAGCCAAACCTTG-1	1	LVG1	OD	Muller glia	published_fragment_file_unique_RNA_match
1_GATTGGTTCCCTCGCA-1	GATTGGTTCCCTCGCA-1	1	LVG1	OD	Muller glia	published_fragment_file_unique_RNA_match
1_GGTCTTTGTTAGACCA-1	GGTCTTTGTTAGACCA-1	1	LVG1	OD	Muller glia	published_fragment_file_unique_RNA_match
1_CATTCATTCCCTCAAC-1	CATTCATTCCCTCAAC-1	1	LVG1	OD	Muller glia	published_fragment_file_unique_RNA_match
1_ACCTTGTGTCACAAAT-1	ACCTTGTGTCACAAAT-1	1	LVG1	OD	Muller glia	published_fragment_file_unique_RNA_match
1_GAACTTATCTAAGTCA-1	GAACTTATCTAAGTCA-1	1	LVG1	OD	Muller glia	published_fragment_file_unique_RNA_match
1_TCGTTATTCACACAGT-1	TCGTTATTCACACAGT-1	1	LVG1	OD	Muller glia	published_fragment_file_unique_RNA_match
1_TTTCCGGGTATTTGGG-1	TTTCCGGGTATTTGGG-1	1	LVG1	OD	Muller glia	published_fragment_file_unique_RNA_match
1_GAAGCTAAGATTGAGG-1	GAAGCTAAGATTGAGG-1	1	LVG1	OD	Muller glia	published_fragment_file_unique_RNA_match
1_GGTGAGCCATATTGAC-1	GGTGAGCCATATTGAC-1	1	LVG1	OD	Muller glia	published_fragment_file_unique_RNA_match
1_AGTGGACAGCTGGAAA-1	AGTGGACAGCTGGAAA-1	1	LVG1	OD	Muller glia	published_fragment_file_unique_RNA_match
1_TTGGATTCACCAACCG-1	TTGGATTCACCAACCG-1	1	LVG1	OD	Muller glia	published_fragment_file_unique_RNA_match
1_GGTGTCCAGCTAAAGG-1	GGTGTCCAGCTAAAGG-1	1	LVG1	OD	Muller glia	published_fragment_file_unique_RNA_match
1_AGGAAACGTAGTAAGA-1	AGGAAACGTAGTAAGA-1	1	LVG1	OD	Muller glia	published_fragment_file_unique_RNA_match
1_CCGCTAAAGGCTACAT-1	CCGCTAAAGGCTACAT-1	1	LVG1	OD	Muller glia	published_fragment_file_unique_RNA_match
1_TAGCGGACAAAGCGGC-1	TAGCGGACAAAGCGGC-1	1	LVG1	OD	Muller glia	published_fragment_file_unique_RNA_match
1_GTCATGCCACAGCCTG-1	GTCATGCCACAGCCTG-1	1	LVG1	OD	Muller glia	published_fragment_file_unique_RNA_match
1_CGATCCTTCCTTGAGG-1	CGATCCTTCCTTGAGG-1	1	LVG1	OD	Muller glia	published_fragment_file_unique_RNA_match
1_TAGTAGGAGCGCCTTT-1	TAGTAGGAGCGCCTTT-1	1	LVG1	OD	Muller glia	published_fragment_file_unique_RNA_match
1_TCCTCTAAGTTATCCT-1	TCCTCTAAGTTATCCT-1	1	LVG1	OD	Muller glia	published_fragment_file_unique_RNA_match
1_ATGACAACAGAACCGA-1	ATGACAACAGAACCGA-1	1	LVG1	OD	Muller glia	published_fragment_file_unique_RNA_match
1_GCGCGATTCTGGTCCT-1	GCGCGATTCTGGTCCT-1	1	LVG1	OD	Muller glia	published_fragment_file_unique_RNA_match
1_TGAGGAGGTGATGAGG-1	TGAGGAGGTGATGAGG-1	1	LVG1	OD	Muller glia	published_fragment_file_unique_RNA_match
1_ACACTTGCAACAGGTG-1	ACACTTGCAACAGGTG-1	1	LVG1	OD	Muller glia	published_fragment_file_unique_RNA_match
1_TTTGTGAAGGGTGAAC-1	TTTGTGAAGGGTGAAC-1	1	LVG1	OD	Muller glia	published_fragment_file_unique_RNA_match
1_ATTCAACCACGGTACT-1	ATTCAACCACGGTACT-1	1	LVG1	OD	Muller glia	published_fragment_file_unique_RNA_match
1_TGTGCGGGTATCTGGA-1	TGTGCGGGTATCTGGA-1	1	LVG1	OD	Muller glia	published_fragment_file_unique_RNA_match
1_GAAGGATGTGCTTAGA-1	GAAGGATGTGCTTAGA-1	1	LVG1	OD	Muller glia	published_fragment_file_unique_RNA_match
1_ACAACAGAGTGCTGTG-1	ACAACAGAGTGCTGTG-1	1	LVG1	OD	Muller glia	published_fragment_file_unique_RNA_match
1_ATTCCTAGTACAATGT-1	ATTCCTAGTACAATGT-1	1	LVG1	OD	Muller glia	published_fragment_file_unique_RNA_match
1_AGCTACTAGGAGTCGG-1	AGCTACTAGGAGTCGG-1	1	LVG1	OD	Muller glia	published_fragment_file_unique_RNA_match
1_TTCCTCAAGCATTATG-1	TTCCTCAAGCATTATG-1	1	LVG1	OD	Muller glia	published_fragment_file_unique_RNA_match
1_GCTGACATCGAGCTAT-1	GCTGACATCGAGCTAT-1	1	LVG1	OD	Muller glia	published_fragment_file_unique_RNA_match
1_GCACTTACAAAGCGGC-1	GCACTTACAAAGCGGC-1	1	LVG1	OD	Muller glia	published_fragment_file_unique_RNA_match
1_TTGATGTCAGGCTTCG-1	TTGATGTCAGGCTTCG-1	1	LVG1	OD	Muller glia	published_fragment_file_unique_RNA_match
1_GCGGAACCAAGGATTA-1	GCGGAACCAAGGATTA-1	1	LVG1	OD	Muller glia	published_fragment_file_unique_RNA_match
1_TTGCAGCCACCTCACC-1	TTGCAGCCACCTCACC-1	1	LVG1	OD	Muller glia	published_fragment_file_unique_RNA_match
1_AGGATATAGCAGCTCA-1	AGGATATAGCAGCTCA-1	1	LVG1	OD	Muller glia	published_fragment_file_unique_RNA_match
1_TAGGAACCATAGTCAT-1	TAGGAACCATAGTCAT-1	1	LVG1	OD	Muller glia	published_fragment_file_unique_RNA_match
1_GACCTGATCCCGAACA-1	GACCTGATCCCGAACA-1	1	LVG1	OD	Muller glia	published_fragment_file_unique_RNA_match
1_TCTATGTTCCCGCATT-1	TCTATGTTCCCGCATT-1	1	LVG1	OD	Muller glia	published_fragment_file_unique_RNA_match
1_AGCTAAACAAGTTATC-1	AGCTAAACAAGTTATC-1	1	LVG1	OD	Muller glia	published_fragment_file_unique_RNA_match
1_CGCAATCCAATGCCCG-1	CGCAATCCAATGCCCG-1	1	LVG1	OD	Muller glia	published_fragment_file_unique_RNA_match
1_TTACCGTGTAACGGGA-1	TTACCGTGTAACGGGA-1	1	LVG1	OD	Muller glia	published_fragment_file_unique_RNA_match
1_TACCTTTAGTTTAACG-1	TACCTTTAGTTTAACG-1	1	LVG1	OD	Muller glia	published_fragment_file_unique_RNA_match
1_TAAGTGCTCTCGACCT-1	TAAGTGCTCTCGACCT-1	1	LVG1	OD	Muller glia	published_fragment_file_unique_RNA_match
1_TCTAGCGAGCGAAGTA-1	TCTAGCGAGCGAAGTA-1	1	LVG1	OD	Muller glia	published_fragment_file_unique_RNA_match
1_CATAGGTTCAAGTGAG-1	CATAGGTTCAAGTGAG-1	1	LVG1	OD	Muller glia	published_fragment_file_unique_RNA_match
1_TGGCTAAGTCATCATC-1	TGGCTAAGTCATCATC-1	1	LVG1	OD	Muller glia	published_fragment_file_unique_RNA_match
1_CGTTAGTAGCTACTGG-1	CGTTAGTAGCTACTGG-1	1	LVG1	OD	Muller glia	published_fragment_file_unique_RNA_match
1_AGCTACGTCCCTCATA-1	AGCTACGTCCCTCATA-1	1	LVG1	OD	Muller glia	published_fragment_file_unique_RNA_match
1_TTACCTGTCATGCATA-1	TTACCTGTCATGCATA-1	1	LVG1	OD	Muller glia	published_fragment_file_unique_RNA_match
1_GCTAAGTTCGTTAACA-1	GCTAAGTTCGTTAACA-1	1	LVG1	OD	Muller glia	published_fragment_file_unique_RNA_match
1_TTTGCGACAGTTAAAG-1	TTTGCGACAGTTAAAG-1	1	LVG1	OD	Muller glia	published_fragment_file_unique_RNA_match
1_AGTGCGGAGGCTGTGC-1	AGTGCGGAGGCTGTGC-1	1	LVG1	OD	Muller glia	published_fragment_file_unique_RNA_match
1_CTTTGAGCAAAGCGGC-1	CTTTGAGCAAAGCGGC-1	1	LVG1	OD	Muller glia	published_fragment_file_unique_RNA_match
1_CGTGACATCTTTGAGA-1	CGTGACATCTTTGAGA-1	1	LVG1	OD	Muller glia	published_fragment_file_unique_RNA_match
1_GTACTAATCGCTAGCA-1	GTACTAATCGCTAGCA-1	1	LVG1	OD	Muller glia	published_fragment_file_unique_RNA_match
1_GTCTATCGTACCGTTT-1	GTCTATCGTACCGTTT-1	1	LVG1	OD	Muller glia	published_fragment_file_unique_RNA_match
1_TTAAGTGTCGCAATCG-1	TTAAGTGTCGCAATCG-1	1	LVG1	OD	Muller glia	published_fragment_file_unique_RNA_match
1_TCCCGGACAGCCTAAC-1	TCCCGGACAGCCTAAC-1	1	LVG1	OD	Muller glia	published_fragment_file_unique_RNA_match
1_TTAGTCAAGCCTGAGC-1	TTAGTCAAGCCTGAGC-1	1	LVG1	OD	Muller glia	published_fragment_file_unique_RNA_match
1_TACAGCTAGTTGGCCA-1	TACAGCTAGTTGGCCA-1	1	LVG1	OD	Muller glia	published_fragment_file_unique_RNA_match
1_CTTACTAGTTCAAGCA-1	CTTACTAGTTCAAGCA-1	1	LVG1	OD	Muller glia	published_fragment_file_unique_RNA_match
1_GAAGGATGTGGATTCA-1	GAAGGATGTGGATTCA-1	1	LVG1	OD	Muller glia	published_fragment_file_unique_RNA_match
1_TACCTCATCTTAATGG-1	TACCTCATCTTAATGG-1	1	LVG1	OD	Muller glia	published_fragment_file_unique_RNA_match
1_AATCTCAAGCTATATG-1	AATCTCAAGCTATATG-1	1	LVG1	OD	Muller glia	published_fragment_file_unique_RNA_match
1_ATCAAGACACATTAAC-1	ATCAAGACACATTAAC-1	1	LVG1	OD	Muller glia	published_fragment_file_unique_RNA_match
1_TCACCTCAGTAGGCGG-1	TCACCTCAGTAGGCGG-1	1	LVG1	OD	Muller glia	published_fragment_file_unique_RNA_match
1_ATTGACTCACCTGTAA-1	ATTGACTCACCTGTAA-1	1	LVG1	OD	Muller glia	published_fragment_file_unique_RNA_match
1_GGAAGCTAGGGTGGAT-1	GGAAGCTAGGGTGGAT-1	1	LVG1	OD	Muller glia	published_fragment_file_unique_RNA_match
1_TACCTTAGTCCTTCTC-1	TACCTTAGTCCTTCTC-1	1	LVG1	OD	Muller glia	published_fragment_file_unique_RNA_match
1_ATGAAGTAGCTGGCTA-1	ATGAAGTAGCTGGCTA-1	1	LVG1	OD	Muller glia	published_fragment_file_unique_RNA_match
1_ACGAATCTCGAGCAAA-1	ACGAATCTCGAGCAAA-1	1	LVG1	OD	Muller glia	published_fragment_file_unique_RNA_match
1_ACGTCCAAGTAAGGGC-1	ACGTCCAAGTAAGGGC-1	1	LVG1	OD	Muller glia	published_fragment_file_unique_RNA_match
1_CTTGAATCACATAGCC-1	CTTGAATCACATAGCC-1	1	LVG1	OD	Muller glia	published_fragment_file_unique_RNA_match
1_GACTATTCAAGCGAGC-1	GACTATTCAAGCGAGC-1	1	LVG1	OD	Muller glia	published_fragment_file_unique_RNA_match
1_GGCATTAGTTTGAGGC-1	GGCATTAGTTTGAGGC-1	1	LVG1	OD	Muller glia	published_fragment_file_unique_RNA_match
1_GATTGCAGTAAAGCGG-1	GATTGCAGTAAAGCGG-1	1	LVG1	OD	Muller glia	published_fragment_file_unique_RNA_match
1_GTATTGTCAATACTGT-1	GTATTGTCAATACTGT-1	1	LVG1	OD	Muller glia	published_fragment_file_unique_RNA_match
1_AAGTTTGTCCTGATGG-1	AAGTTTGTCCTGATGG-1	1	LVG1	OD	Muller glia	published_fragment_file_unique_RNA_match
1_AGCGTGCTCCTAAGAC-1	AGCGTGCTCCTAAGAC-1	1	LVG1	OD	Muller glia	published_fragment_file_unique_RNA_match
1_AAACGTACAGGTTCAC-1	AAACGTACAGGTTCAC-1	1	LVG1	OD	Muller glia	published_fragment_file_unique_RNA_match
1_ATCATCAAGTGCACGC-1	ATCATCAAGTGCACGC-1	1	LVG1	OD	Muller glia	published_fragment_file_unique_RNA_match
1_CCAACATAGAGAAGGG-1	CCAACATAGAGAAGGG-1	1	LVG1	OD	Muller glia	published_fragment_file_unique_RNA_match
1_TTCAGTTTCGGTTAGT-1	TTCAGTTTCGGTTAGT-1	1	LVG1	OD	Muller glia	published_fragment_file_unique_RNA_match
1_TAGCAGGCATGTTGCA-1	TAGCAGGCATGTTGCA-1	1	LVG1	OD	Muller glia	published_fragment_file_unique_RNA_match
1_CCTGCTCCAAGGACCA-1	CCTGCTCCAAGGACCA-1	1	LVG1	OD	Muller glia	published_fragment_file_unique_RNA_match
1_GGCATTAGTTAACACG-1	GGCATTAGTTAACACG-1	1	LVG1	OD	Muller glia	published_fragment_file_unique_RNA_match
1_GGTAAACCAAGCCAGA-1	GGTAAACCAAGCCAGA-1	1	LVG1	OD	Muller glia	published_fragment_file_unique_RNA_match
1_GTATTCAAGGACACTT-1	GTATTCAAGGACACTT-1	1	LVG1	OD	Muller glia	published_fragment_file_unique_RNA_match
1_GGTGTCCAGATAACCC-1	GGTGTCCAGATAACCC-1	1	LVG1	OD	Muller glia	published_fragment_file_unique_RNA_match
1_TCATACTTCCAAGTTA-1	TCATACTTCCAAGTTA-1	1	LVG1	OD	Muller glia	published_fragment_file_unique_RNA_match
1_ACCTGGTCACCAACCG-1	ACCTGGTCACCAACCG-1	1	LVG1	OD	Muller glia	published_fragment_file_unique_RNA_match
1_GCGGTTGGTGTCACGG-1	GCGGTTGGTGTCACGG-1	1	LVG1	OD	Muller glia	published_fragment_file_unique_RNA_match
1_ACGTCCTTCACCAATA-1	ACGTCCTTCACCAATA-1	1	LVG1	OD	Muller glia	published_fragment_file_unique_RNA_match
1_TAGGTGCGTCCACAAA-1	TAGGTGCGTCCACAAA-1	1	LVG1	OD	Muller glia	published_fragment_file_unique_RNA_match
1_CGGGTCTAGGAGCATA-1	CGGGTCTAGGAGCATA-1	1	LVG1	OD	Muller glia	published_fragment_file_unique_RNA_match
1_AGCTACGTCTCCATGC-1	AGCTACGTCTCCATGC-1	1	LVG1	OD	Muller glia	published_fragment_file_unique_RNA_match
1_TGGCCATCACAGAAAC-1	TGGCCATCACAGAAAC-1	1	LVG1	OD	Muller glia	published_fragment_file_unique_RNA_match
1_TTAGCAATCCTAATTC-1	TTAGCAATCCTAATTC-1	1	LVG1	OD	Muller glia	published_fragment_file_unique_RNA_match
1_AACCTCACAGGACCTT-1	AACCTCACAGGACCTT-1	1	LVG1	OD	Muller glia	published_fragment_file_unique_RNA_match
1_GGTTTAATCATAATCG-1	GGTTTAATCATAATCG-1	1	LVG1	OD	Muller glia	published_fragment_file_unique_RNA_match
1_CAGGGTGAGACCATAC-1	CAGGGTGAGACCATAC-1	1	LVG1	OD	Muller glia	published_fragment_file_unique_RNA_match
1_ATTTAGGTCGCTAGTG-1	ATTTAGGTCGCTAGTG-1	1	LVG1	OD	Muller glia	published_fragment_file_unique_RNA_match
1_GCCACAATCTGCAAAC-1	GCCACAATCTGCAAAC-1	1	LVG1	OD	Muller glia	published_fragment_file_unique_RNA_match
1_ATCGGCCAGTGAGCAA-1	ATCGGCCAGTGAGCAA-1	1	LVG1	OD	Muller glia	published_fragment_file_unique_RNA_match
1_GATGGCTGTCGCAAAC-1	GATGGCTGTCGCAAAC-1	1	LVG1	OD	Muller glia	published_fragment_file_unique_RNA_match
1_ACTATGTCAAGCCAGA-1	ACTATGTCAAGCCAGA-1	1	LVG1	OD	Muller glia	published_fragment_file_unique_RNA_match
1_TACGGTTAGCACAGCC-1	TACGGTTAGCACAGCC-1	1	LVG1	OD	Muller glia	published_fragment_file_unique_RNA_match
1_GTAGTTATCATCACTT-1	GTAGTTATCATCACTT-1	1	LVG1	OD	Muller glia	published_fragment_file_unique_RNA_match
1_CAATATGTCCGGTTGA-1	CAATATGTCCGGTTGA-1	1	LVG1	OD	Muller glia	published_fragment_file_unique_RNA_match
1_TCGTAATCACCGGTAT-1	TCGTAATCACCGGTAT-1	1	LVG1	OD	Muller glia	published_fragment_file_unique_RNA_match
1_ACGAGTAAGTTCCTCA-1	ACGAGTAAGTTCCTCA-1	1	LVG1	OD	Muller glia	published_fragment_file_unique_RNA_match
1_GTCATCCTCCCGTTAC-1	GTCATCCTCCCGTTAC-1	1	LVG1	OD	Muller glia	published_fragment_file_unique_RNA_match
1_GCGATATTCTCCATAT-1	GCGATATTCTCCATAT-1	1	LVG1	OD	Muller glia	published_fragment_file_unique_RNA_match
1_CTTAAGATCCAAGTGT-1	CTTAAGATCCAAGTGT-1	1	LVG1	OD	Muller glia	published_fragment_file_unique_RNA_match
1_GCACCTAAGCTACTGG-1	GCACCTAAGCTACTGG-1	1	LVG1	OD	Muller glia	published_fragment_file_unique_RNA_match
1_GCTGTGCAGAGAGCCG-1	GCTGTGCAGAGAGCCG-1	1	LVG1	OD	Muller glia	published_fragment_file_unique_RNA_match
1_GCAATGAAGGTTTGAC-1	GCAATGAAGGTTTGAC-1	1	LVG1	OD	Muller glia	published_fragment_file_unique_RNA_match
1_GTAGGAGGTCCCGAAG-1	GTAGGAGGTCCCGAAG-1	1	LVG1	OD	Muller glia	published_fragment_file_unique_RNA_match
1_TAGCGGCTCAATGTCA-1	TAGCGGCTCAATGTCA-1	1	LVG1	OD	Muller glia	published_fragment_file_unique_RNA_match
1_CTCACAACACCGTTCC-1	CTCACAACACCGTTCC-1	1	LVG1	OD	Muller glia	published_fragment_file_unique_RNA_match
1_GGCTAGACATTGTTGG-1	GGCTAGACATTGTTGG-1	1	LVG1	OD	Muller glia	published_fragment_file_unique_RNA_match
1_GTAAGGTCATGGCCCA-1	GTAAGGTCATGGCCCA-1	1	LVG1	OD	Muller glia	published_fragment_file_unique_RNA_match
1_TCCATATTCCTAAGAC-1	TCCATATTCCTAAGAC-1	1	LVG1	OD	Muller glia	published_fragment_file_unique_RNA_match
1_ACGTTACAGAACCTGT-1	ACGTTACAGAACCTGT-1	1	LVG1	OD	Muller glia	published_fragment_file_unique_RNA_match
1_CCGCAAATCCTTGCGT-1	CCGCAAATCCTTGCGT-1	1	LVG1	OD	Muller glia	published_fragment_file_unique_RNA_match
1_GTGAATCTCGATTATG-1	GTGAATCTCGATTATG-1	1	LVG1	OD	Muller glia	published_fragment_file_unique_RNA_match
1_GGATACTTCGCACACA-1	GGATACTTCGCACACA-1	1	LVG1	OD	Muller glia	published_fragment_file_unique_RNA_match
1_CCGCACACAACAGCCT-1	CCGCACACAACAGCCT-1	1	LVG1	OD	Muller glia	published_fragment_file_unique_RNA_match
1_GCAATGAAGCAAGATG-1	GCAATGAAGCAAGATG-1	1	LVG1	OD	Muller glia	published_fragment_file_unique_RNA_match
1_GACTATTCACTTACAG-1	GACTATTCACTTACAG-1	1	LVG1	OD	Muller glia	published_fragment_file_unique_RNA_match
1_CAACTAATCATAGACC-1	CAACTAATCATAGACC-1	1	LVG1	OD	Muller glia	published_fragment_file_unique_RNA_match
1_TGGTGATTCGTACCGA-1	TGGTGATTCGTACCGA-1	1	LVG1	OD	Muller glia	published_fragment_file_unique_RNA_match
1_AGAATCTGTGGGTGAA-1	AGAATCTGTGGGTGAA-1	1	LVG1	OD	Muller glia	published_fragment_file_unique_RNA_match
1_CAAGGTTTCCTAAATG-1	CAAGGTTTCCTAAATG-1	1	LVG1	OD	Muller glia	published_fragment_file_unique_RNA_match
1_TGTAATGTCCTCAGTC-1	TGTAATGTCCTCAGTC-1	1	LVG1	OD	Muller glia	published_fragment_file_unique_RNA_match
1_TCGGTAAGTTCACTGT-1	TCGGTAAGTTCACTGT-1	1	LVG1	OD	Muller glia	published_fragment_file_unique_RNA_match
1_CAATGTCAGGAACCGG-1	CAATGTCAGGAACCGG-1	1	LVG1	OD	Muller glia	published_fragment_file_unique_RNA_match
1_AAAGGCTCAGGCATGA-1	AAAGGCTCAGGCATGA-1	1	LVG1	OD	Muller glia	published_fragment_file_unique_RNA_match
1_AAGCGTTTCCTGATGG-1	AAGCGTTTCCTGATGG-1	1	LVG1	OD	Muller glia	published_fragment_file_unique_RNA_match
1_CCTAAGTAGTAATCCA-1	CCTAAGTAGTAATCCA-1	1	LVG1	OD	Muller glia	published_fragment_file_unique_RNA_match
1_TGAGGGAGTATGGTGC-1	TGAGGGAGTATGGTGC-1	1	LVG1	OD	Muller glia	published_fragment_file_unique_RNA_match
1_TATGGTCAGTTCCCGT-1	TATGGTCAGTTCCCGT-1	1	LVG1	OD	Muller glia	published_fragment_file_unique_RNA_match
1_TTTCCTGAGCAAGGAC-1	TTTCCTGAGCAAGGAC-1	1	LVG1	OD	Muller glia	published_fragment_file_unique_RNA_match
1_GAGCTTAGTTTACGTC-1	GAGCTTAGTTTACGTC-1	1	LVG1	OD	Muller glia	published_fragment_file_unique_RNA_match
1_CGGTTATAGCCACAAT-1	CGGTTATAGCCACAAT-1	1	LVG1	OD	Muller glia	published_fragment_file_unique_RNA_match
1_GGTCAATTCAGGTCCA-1	GGTCAATTCAGGTCCA-1	1	LVG1	OD	Muller glia	published_fragment_file_unique_RNA_match
1_CTTATTGGTTAGGACC-1	CTTATTGGTTAGGACC-1	1	LVG1	OD	Muller glia	published_fragment_file_unique_RNA_match
1_GAGTCAAAGTTTGCGG-1	GAGTCAAAGTTTGCGG-1	1	LVG1	OD	Muller glia	published_fragment_file_unique_RNA_match
1_GGTGTCCAGTCTTGAA-1	GGTGTCCAGTCTTGAA-1	1	LVG1	OD	Muller glia	published_fragment_file_unique_RNA_match
1_GATAAGCCAACTAACT-1	GATAAGCCAACTAACT-1	1	LVG1	OD	Muller glia	published_fragment_file_unique_RNA_match
1_CTAGTGAGTAAGCTCA-1	CTAGTGAGTAAGCTCA-1	1	LVG1	OD	Muller glia	published_fragment_file_unique_RNA_match
1_GGTCAGGAGTACCGCA-1	GGTCAGGAGTACCGCA-1	1	LVG1	OD	Muller glia	published_fragment_file_unique_RNA_match
1_AATAGAGGTGTCCAAA-1	AATAGAGGTGTCCAAA-1	1	LVG1	OD	Muller glia	published_fragment_file_unique_RNA_match
1_AGTTGCGTCGAGGAAC-1	AGTTGCGTCGAGGAAC-1	1	LVG1	OD	Muller glia	published_fragment_file_unique_RNA_match
1_CGGGTATGTATGGTGC-1	CGGGTATGTATGGTGC-1	1	LVG1	OD	Muller glia	published_fragment_file_unique_RNA_match
1_ATTTAGGTCCGCCAAA-1	ATTTAGGTCCGCCAAA-1	1	LVG1	OD	Muller glia	published_fragment_file_unique_RNA_match
1_TTTAACGAGTTAGAGG-1	TTTAACGAGTTAGAGG-1	1	LVG1	OD	Muller glia	published_fragment_file_unique_RNA_match
1_GAGTGAGGTTTACGTC-1	GAGTGAGGTTTACGTC-1	1	LVG1	OD	Muller glia	published_fragment_file_unique_RNA_match
1_TGAGGCACATCCATCT-1	TGAGGCACATCCATCT-1	1	LVG1	OD	Muller glia	published_fragment_file_unique_RNA_match
1_GAGCTAGCAATTAAGG-1	GAGCTAGCAATTAAGG-1	1	LVG1	OD	Muller glia	published_fragment_file_unique_RNA_match
1_GACTAATGTTTGGCTT-1	GACTAATGTTTGGCTT-1	1	LVG1	OD	Muller glia	published_fragment_file_unique_RNA_match
1_CACTGACCACCGGTAT-1	CACTGACCACCGGTAT-1	1	LVG1	OD	Muller glia	published_fragment_file_unique_RNA_match
1_GCTTTGTGTATGGTGC-1	GCTTTGTGTATGGTGC-1	1	LVG1	OD	Muller glia	published_fragment_file_unique_RNA_match
1_GGCAATCGTGTGAGAG-1	GGCAATCGTGTGAGAG-1	1	LVG1	OD	Muller glia	published_fragment_file_unique_RNA_match
1_TGTTCATTCGCTCACT-1	TGTTCATTCGCTCACT-1	1	LVG1	OD	Muller glia	published_fragment_file_unique_RNA_match
1_ACTATCCGTGAATCGC-1	ACTATCCGTGAATCGC-1	1	LVG1	OD	Muller glia	published_fragment_file_unique_RNA_match
1_GTTCTTGTCTACTAAG-1	GTTCTTGTCTACTAAG-1	1	LVG1	OD	Muller glia	published_fragment_file_unique_RNA_match
1_CAGCTATAGCTCAATA-1	CAGCTATAGCTCAATA-1	1	LVG1	OD	Muller glia	published_fragment_file_unique_RNA_match
1_GGTTATATCGCTATAA-1	GGTTATATCGCTATAA-1	1	LVG1	OD	Muller glia	published_fragment_file_unique_RNA_match
1_GTAAAGCCAGGCATCT-1	GTAAAGCCAGGCATCT-1	1	LVG1	OD	Muller glia	published_fragment_file_unique_RNA_match
1_GGACAGCCAGCCAGAA-1	GGACAGCCAGCCAGAA-1	1	LVG1	OD	Muller glia	published_fragment_file_unique_RNA_match
1_GGGCGAATCATTGTTC-1	GGGCGAATCATTGTTC-1	1	LVG1	OD	Muller glia	published_fragment_file_unique_RNA_match
1_GGCCAACTCACATTGA-1	GGCCAACTCACATTGA-1	1	LVG1	OD	Muller glia	published_fragment_file_unique_RNA_match
1_AAGCGCTGTAATGGCC-1	AAGCGCTGTAATGGCC-1	1	LVG1	OD	Muller glia	published_fragment_file_unique_RNA_match
1_GGTTAATGTGCTCACC-1	GGTTAATGTGCTCACC-1	1	LVG1	OD	Muller glia	published_fragment_file_unique_RNA_match
1_CTTAAGGGTTGCTGGG-1	CTTAAGGGTTGCTGGG-1	1	LVG1	OD	Muller glia	published_fragment_file_unique_RNA_match
1_GAGTATCTCCATTACT-1	GAGTATCTCCATTACT-1	1	LVG1	OD	Muller glia	published_fragment_file_unique_RNA_match
1_GCAAACTTCGATTATG-1	GCAAACTTCGATTATG-1	1	LVG1	OD	Muller glia	published_fragment_file_unique_RNA_match
1_GGAGTCTGTGTTTGCT-1	GGAGTCTGTGTTTGCT-1	1	LVG1	OD	Muller glia	published_fragment_file_unique_RNA_match
1_CGACTAAGTTAGCATG-1	CGACTAAGTTAGCATG-1	1	LVG1	OD	Muller glia	published_fragment_file_unique_RNA_match
1_GAGGTACAGGTGCTGC-1	GAGGTACAGGTGCTGC-1	1	LVG1	OD	Muller glia	published_fragment_file_unique_RNA_match
1_TTTGTCTAGACTTACA-1	TTTGTCTAGACTTACA-1	1	LVG1	OD	Muller glia	published_fragment_file_unique_RNA_match
1_TGAGGCACATGGCCCA-1	TGAGGCACATGGCCCA-1	1	LVG1	OD	Muller glia	published_fragment_file_unique_RNA_match
1_AGCTTCCTCTCCATAT-1	AGCTTCCTCTCCATAT-1	1	LVG1	OD	Muller glia	published_fragment_file_unique_RNA_match
1_ATTCCTAGTAAATTGC-1	ATTCCTAGTAAATTGC-1	1	LVG1	OD	Muller glia	published_fragment_file_unique_RNA_match
1_CGATCCTTCGTTACAA-1	CGATCCTTCGTTACAA-1	1	LVG1	OD	Muller glia	published_fragment_file_unique_RNA_match
1_AAGTTACGTAAACAAG-1	AAGTTACGTAAACAAG-1	1	LVG1	OD	Muller glia	published_fragment_file_unique_RNA_match
1_CGGTTTGAGGACTTAC-1	CGGTTTGAGGACTTAC-1	1	LVG1	OD	Muller glia	published_fragment_file_unique_RNA_match
1_AGCTAAACAATCATGT-1	AGCTAAACAATCATGT-1	1	LVG1	OD	Muller glia	published_fragment_file_unique_RNA_match
1_GGGAATATCGAAGTGA-1	GGGAATATCGAAGTGA-1	1	LVG1	OD	Muller glia	published_fragment_file_unique_RNA_match
1_CAACCCTTCCCTTGCG-1	CAACCCTTCCCTTGCG-1	1	LVG1	OD	Muller glia	published_fragment_file_unique_RNA_match
1_GTGTTCCTCATGGTGT-1	GTGTTCCTCATGGTGT-1	1	LVG1	OD	Muller glia	published_fragment_file_unique_RNA_match
1_CGCTTAACAATAATGG-1	CGCTTAACAATAATGG-1	1	LVG1	OD	Muller glia	published_fragment_file_unique_RNA_match
1_CGCTTACTCGCGCTAA-1	CGCTTACTCGCGCTAA-1	1	LVG1	OD	Muller glia	published_fragment_file_unique_RNA_match
1_GGCAATCGTCCTTCAG-1	GGCAATCGTCCTTCAG-1	1	LVG1	OD	Muller glia	published_fragment_file_unique_RNA_match
1_CATTGTAAGAGGAGTC-1	CATTGTAAGAGGAGTC-1	1	LVG1	OD	Muller glia	published_fragment_file_unique_RNA_match
1_TGCTGGATCCGGGACT-1	TGCTGGATCCGGGACT-1	1	LVG1	OD	Muller glia	published_fragment_file_unique_RNA_match
1_TAGCCGGGTAAATTGC-1	TAGCCGGGTAAATTGC-1	1	LVG1	OD	Muller glia	published_fragment_file_unique_RNA_match
1_AAACAGCCATTAAGCT-1	AAACAGCCATTAAGCT-1	1	LVG1	OD	Muller glia	published_fragment_file_unique_RNA_match
1_CGCCTCATCAGGTTTA-1	CGCCTCATCAGGTTTA-1	1	LVG1	OD	Muller glia	published_fragment_file_unique_RNA_match
1_ACTATGTCACGTTACA-1	ACTATGTCACGTTACA-1	1	LVG1	OD	Muller glia	published_fragment_file_unique_RNA_match
1_CGTAACTAGTTAGAGG-1	CGTAACTAGTTAGAGG-1	1	LVG1	OD	Muller glia	published_fragment_file_unique_RNA_match
1_GGAAGTATCATGCTTT-1	GGAAGTATCATGCTTT-1	1	LVG1	OD	Muller glia	published_fragment_file_unique_RNA_match
1_GGGTTTGTCCCTCACG-1	GGGTTTGTCCCTCACG-1	1	LVG1	OD	Muller glia	published_fragment_file_unique_RNA_match
1_CCTTAGTGTCAATACG-1	CCTTAGTGTCAATACG-1	1	LVG1	OD	Muller glia	published_fragment_file_unique_RNA_match
1_GTTCGCTTCGTTACTT-1	GTTCGCTTCGTTACTT-1	1	LVG1	OD	Muller glia	published_fragment_file_unique_RNA_match
1_GGTGTGACAATAATGG-1	GGTGTGACAATAATGG-1	1	LVG1	OD	Muller glia	published_fragment_file_unique_RNA_match
1_CCTGTTGGTTCCAGGG-1	CCTGTTGGTTCCAGGG-1	1	LVG1	OD	Muller glia	published_fragment_file_unique_RNA_match
1_TCGGTTACAGTTTCTC-1	TCGGTTACAGTTTCTC-1	1	LVG1	OD	Muller glia	published_fragment_file_unique_RNA_match
1_TAGCCTTGTTCCGCAC-1	TAGCCTTGTTCCGCAC-1	1	LVG1	OD	Muller glia	published_fragment_file_unique_RNA_match
1_GCAAACCGTGAAACAA-1	GCAAACCGTGAAACAA-1	1	LVG1	OD	Muller glia	published_fragment_file_unique_RNA_match
1_GCACTTACAATCCTGA-1	GCACTTACAATCCTGA-1	1	LVG1	OD	Muller glia	published_fragment_file_unique_RNA_match
1_GAGCGATAGCCTGATG-1	GAGCGATAGCCTGATG-1	1	LVG1	OD	Muller glia	published_fragment_file_unique_RNA_match
1_GTACACCCACCTCAGG-1	GTACACCCACCTCAGG-1	1	LVG1	OD	Muller glia	published_fragment_file_unique_RNA_match
1_GCCATGATCGATAACC-1	GCCATGATCGATAACC-1	1	LVG1	OD	Muller glia	published_fragment_file_unique_RNA_match
1_AAAGGAGCAATCCTAG-1	AAAGGAGCAATCCTAG-1	1	LVG1	OD	Muller glia	published_fragment_file_unique_RNA_match
1_TTCAGGTAGCGATAGA-1	TTCAGGTAGCGATAGA-1	1	LVG1	OD	Muller glia	published_fragment_file_unique_RNA_match
1_CGTTAGTAGAAGGTGC-1	CGTTAGTAGAAGGTGC-1	1	LVG1	OD	Muller glia	published_fragment_file_unique_RNA_match
1_AACGACAAGTCATTGA-1	AACGACAAGTCATTGA-1	1	LVG1	OD	Muller glia	published_fragment_file_unique_RNA_match
1_GATCAAGAGCCGCTAA-1	GATCAAGAGCCGCTAA-1	1	LVG1	OD	Muller glia	published_fragment_file_unique_RNA_match
1_GCAAGCCTCACGTTAA-1	GCAAGCCTCACGTTAA-1	1	LVG1	OD	Muller glia	published_fragment_file_unique_RNA_match
1_CGTCATTGTAATAGCT-1	CGTCATTGTAATAGCT-1	1	LVG1	OD	Muller glia	published_fragment_file_unique_RNA_match
1_CCTATTGTCCCGTTTA-1	CCTATTGTCCCGTTTA-1	1	LVG1	OD	Muller glia	published_fragment_file_unique_RNA_match
1_GGCAAATCAAACTCAT-1	GGCAAATCAAACTCAT-1	1	LVG1	OD	Muller glia	published_fragment_file_unique_RNA_match
1_ATATGTCCAAAGCGGC-1	ATATGTCCAAAGCGGC-1	1	LVG1	OD	Muller glia	published_fragment_file_unique_RNA_match
1_GTGTGAGCAAGGTATA-1	GTGTGAGCAAGGTATA-1	1	LVG1	OD	Muller glia	published_fragment_file_unique_RNA_match
1_CAAACCGTCACATTGA-1	CAAACCGTCACATTGA-1	1	LVG1	OD	Muller glia	published_fragment_file_unique_RNA_match
1_AGGTGAGGTTCACCCA-1	AGGTGAGGTTCACCCA-1	1	LVG1	OD	Muller glia	published_fragment_file_unique_RNA_match
1_CGTAGCGGTCGCAAAC-1	CGTAGCGGTCGCAAAC-1	1	LVG1	OD	Muller glia	published_fragment_file_unique_RNA_match
1_ACTGAAACAATATACC-1	ACTGAAACAATATACC-1	1	LVG1	OD	Muller glia	published_fragment_file_unique_RNA_match
1_GACCTGCAGCGATACT-1	GACCTGCAGCGATACT-1	1	LVG1	OD	Muller glia	published_fragment_file_unique_RNA_match
1_TTGCTTAGTACGGTAC-1	TTGCTTAGTACGGTAC-1	1	LVG1	OD	Muller glia	published_fragment_file_unique_RNA_match
1_GCCTATTGTAGCCATA-1	GCCTATTGTAGCCATA-1	1	LVG1	OD	Muller glia	published_fragment_file_unique_RNA_match
1_ATATAGGCAATAATGG-1	ATATAGGCAATAATGG-1	1	LVG1	OD	Muller glia	published_fragment_file_unique_RNA_match
1_TGATCAATCACAGACT-1	TGATCAATCACAGACT-1	1	LVG1	OD	Muller glia	published_fragment_file_unique_RNA_match
1_CTTCAATTCTTAGGAC-1	CTTCAATTCTTAGGAC-1	1	LVG1	OD	Muller glia	published_fragment_file_unique_RNA_match
1_CGACTAAGTTCATCTA-1	CGACTAAGTTCATCTA-1	1	LVG1	OD	Muller glia	published_fragment_file_unique_RNA_match
1_AGGTCAAAGCCATCAG-1	AGGTCAAAGCCATCAG-1	1	LVG1	OD	Muller glia	published_fragment_file_unique_RNA_match
1_TATAGCCAGTTAGCTA-1	TATAGCCAGTTAGCTA-1	1	LVG1	OD	Muller glia	published_fragment_file_unique_RNA_match
1_CTTAGTTTCGCACAAT-1	CTTAGTTTCGCACAAT-1	1	LVG1	OD	Muller glia	published_fragment_file_unique_RNA_match
1_CCGTGCTGTCCTTTAA-1	CCGTGCTGTCCTTTAA-1	1	LVG1	OD	Muller glia	published_fragment_file_unique_RNA_match
1_GGTAACTTCCGCTAGA-1	GGTAACTTCCGCTAGA-1	1	LVG1	OD	Muller glia	published_fragment_file_unique_RNA_match
1_ACGCCACAGGCGCATC-1	ACGCCACAGGCGCATC-1	1	LVG1	OD	Muller glia	published_fragment_file_unique_RNA_match
1_TGCTTTAGTAGCTGGT-1	TGCTTTAGTAGCTGGT-1	1	LVG1	OD	Muller glia	published_fragment_file_unique_RNA_match
1_CAGGACCTCAATGTGC-1	CAGGACCTCAATGTGC-1	1	LVG1	OD	Muller glia	published_fragment_file_unique_RNA_match
1_GCCAATAGTTTAACCC-1	GCCAATAGTTTAACCC-1	1	LVG1	OD	Muller glia	published_fragment_file_unique_RNA_match
1_AATGAAGGTTACCTGT-1	AATGAAGGTTACCTGT-1	1	LVG1	OD	Muller glia	published_fragment_file_unique_RNA_match
1_ACGTACCCACTAGGTC-1	ACGTACCCACTAGGTC-1	1	LVG1	OD	Muller glia	published_fragment_file_unique_RNA_match
1_GCCTAATAGCCGGTAC-1	GCCTAATAGCCGGTAC-1	1	LVG1	OD	Muller glia	published_fragment_file_unique_RNA_match
1_CCTCAAACACCCACAG-1	CCTCAAACACCCACAG-1	1	LVG1	OD	Muller glia	published_fragment_file_unique_RNA_match
1_CCTAGTTGTTATAGCG-1	CCTAGTTGTTATAGCG-1	1	LVG1	OD	Muller glia	published_fragment_file_unique_RNA_match
1_GCTGCAATCCTTGTTG-1	GCTGCAATCCTTGTTG-1	1	LVG1	OD	Muller glia	published_fragment_file_unique_RNA_match
1_CACCTGTTCCCAGTAG-1	CACCTGTTCCCAGTAG-1	1	LVG1	OD	Muller glia	published_fragment_file_unique_RNA_match
1_GATGACTTCTAATCTC-1	GATGACTTCTAATCTC-1	1	LVG1	OD	Muller glia	published_fragment_file_unique_RNA_match
1_TTAGCAGGTGTGCAAC-1	TTAGCAGGTGTGCAAC-1	1	LVG1	OD	Muller glia	published_fragment_file_unique_RNA_match
1_GTTGTGAGTGCAACTA-1	GTTGTGAGTGCAACTA-1	1	LVG1	OD	Muller glia	published_fragment_file_unique_RNA_match
1_GTTCCCAGTATTTGGG-1	GTTCCCAGTATTTGGG-1	1	LVG1	OD	Muller glia	published_fragment_file_unique_RNA_match
1_GAAACCCGTGCACGCA-1	GAAACCCGTGCACGCA-1	1	LVG1	OD	Muller glia	published_fragment_file_unique_RNA_match
1_CAAGTGAAGGCTTAGT-1	CAAGTGAAGGCTTAGT-1	1	LVG1	OD	Muller glia	published_fragment_file_unique_RNA_match
1_GCCTAATAGGTAAGCA-1	GCCTAATAGGTAAGCA-1	1	LVG1	OD	Muller glia	published_fragment_file_unique_RNA_match
1_CGCTTACTCAGCATTA-1	CGCTTACTCAGCATTA-1	1	LVG1	OD	Muller glia	published_fragment_file_unique_RNA_match
1_GTTAAACGTGGTTCTT-1	GTTAAACGTGGTTCTT-1	1	LVG1	OD	Muller glia	published_fragment_file_unique_RNA_match
1_GTTAACGGTTACAAAC-1	GTTAACGGTTACAAAC-1	1	LVG1	OD	Muller glia	published_fragment_file_unique_RNA_match
1_TACAATGTCTCACACC-1	TACAATGTCTCACACC-1	1	LVG1	OD	Muller glia	published_fragment_file_unique_RNA_match
1_ACCTTGCTCCCTGGTT-1	ACCTTGCTCCCTGGTT-1	1	LVG1	OD	Muller glia	published_fragment_file_unique_RNA_match
1_AATGCAACATCCTAGA-1	AATGCAACATCCTAGA-1	1	LVG1	OD	Muller glia	published_fragment_file_unique_RNA_match
1_GATTAGTGTTGACTTC-1	GATTAGTGTTGACTTC-1	1	LVG1	OD	Muller glia	published_fragment_file_unique_RNA_match
1_CAATGAACATCCCGCT-1	CAATGAACATCCCGCT-1	1	LVG1	OD	Muller glia	published_fragment_file_unique_RNA_match
1_TCGCTAACAAACTCAT-1	TCGCTAACAAACTCAT-1	1	LVG1	OD	Muller glia	published_fragment_file_unique_RNA_match
1_ACGGGAAGTCATAAGT-1	ACGGGAAGTCATAAGT-1	1	LVG1	OD	Muller glia	published_fragment_file_unique_RNA_match
1_GCTGACATCACTTTAC-1	GCTGACATCACTTTAC-1	1	LVG1	OD	Muller glia	published_fragment_file_unique_RNA_match
1_TCCGCCATCAATCTAG-1	TCCGCCATCAATCTAG-1	1	LVG1	OD	Muller glia	published_fragment_file_unique_RNA_match
1_ACCCGTAAGGTGTCCA-1	ACCCGTAAGGTGTCCA-1	1	LVG1	OD	Muller glia	published_fragment_file_unique_RNA_match
1_ATGAAGTAGTGAACCT-1	ATGAAGTAGTGAACCT-1	1	LVG1	OD	Muller glia	published_fragment_file_unique_RNA_match
1_TTAGCCTGTTAAGCCA-1	TTAGCCTGTTAAGCCA-1	1	LVG1	OD	Muller glia	published_fragment_file_unique_RNA_match
1_CGCTGTGCATAGCGGA-1	CGCTGTGCATAGCGGA-1	1	LVG1	OD	Muller glia	published_fragment_file_unique_RNA_match
1_CTCACACTCGCTAGAT-1	CTCACACTCGCTAGAT-1	1	LVG1	OD	Muller glia	published_fragment_file_unique_RNA_match
1_TCAAGCTAGCTTAGCG-1	TCAAGCTAGCTTAGCG-1	1	LVG1	OD	Muller glia	published_fragment_file_unique_RNA_match
1_TCCGGTAAGCTGCACA-1	TCCGGTAAGCTGCACA-1	1	LVG1	OD	Muller glia	published_fragment_file_unique_RNA_match
1_TGAAACTGTCATGCAA-1	TGAAACTGTCATGCAA-1	1	LVG1	OD	Muller glia	published_fragment_file_unique_RNA_match
1_TAGTCAATCCAAACAC-1	TAGTCAATCCAAACAC-1	1	LVG1	OD	Muller glia	published_fragment_file_unique_RNA_match
1_CTTTCTTGTGATCATG-1	CTTTCTTGTGATCATG-1	1	LVG1	OD	Muller glia	published_fragment_file_unique_RNA_match
1_CCTTGTTCATCAGCAC-1	CCTTGTTCATCAGCAC-1	1	LVG1	OD	Muller glia	published_fragment_file_unique_RNA_match
1_TCCGGTAAGGAAGCTA-1	TCCGGTAAGGAAGCTA-1	1	LVG1	OD	Muller glia	published_fragment_file_unique_RNA_match
1_GATTGATGTTGTGATG-1	GATTGATGTTGTGATG-1	1	LVG1	OD	Muller glia	published_fragment_file_unique_RNA_match
1_TTGGAGGCAGCTAATT-1	TTGGAGGCAGCTAATT-1	1	LVG1	OD	Muller glia	published_fragment_file_unique_RNA_match
1_AGTGCCGGTTACGCAA-1	AGTGCCGGTTACGCAA-1	1	LVG1	OD	Muller glia	published_fragment_file_unique_RNA_match
1_GAGCCTTCAGTGAACG-1	GAGCCTTCAGTGAACG-1	1	LVG1	OD	Muller glia	published_fragment_file_unique_RNA_match
1_CTCATGCTCCGGCTAA-1	CTCATGCTCCGGCTAA-1	1	LVG1	OD	Muller glia	published_fragment_file_unique_RNA_match
1_AAGCTTGGTTTATGGG-1	AAGCTTGGTTTATGGG-1	1	LVG1	OD	Muller glia	published_fragment_file_unique_RNA_match
1_CCTATTGTCTCACACC-1	CCTATTGTCTCACACC-1	1	LVG1	OD	Muller glia	published_fragment_file_unique_RNA_match
1_CTTTGAGCAGTTAGCC-1	CTTTGAGCAGTTAGCC-1	1	LVG1	OD	Muller glia	published_fragment_file_unique_RNA_match
1_CATAGGCGTGGATTGC-1	CATAGGCGTGGATTGC-1	1	LVG1	OD	Muller glia	published_fragment_file_unique_RNA_match
1_CCGCTTAGTAATGGAA-1	CCGCTTAGTAATGGAA-1	1	LVG1	OD	Muller glia	published_fragment_file_unique_RNA_match
1_TCAAGGTTCCTAGTAA-1	TCAAGGTTCCTAGTAA-1	1	LVG1	OD	Muller glia	published_fragment_file_unique_RNA_match
1_CTTGTCCAGGGTGAGT-1	CTTGTCCAGGGTGAGT-1	1	LVG1	OD	Muller glia	published_fragment_file_unique_RNA_match
1_TGGCCAATCTACTAAG-1	TGGCCAATCTACTAAG-1	1	LVG1	OD	Muller glia	published_fragment_file_unique_RNA_match
1_TCCTTTACATTGTGAT-1	TCCTTTACATTGTGAT-1	1	LVG1	OD	Muller glia	published_fragment_file_unique_RNA_match
1_GAACCGCTCTAGCTTT-1	GAACCGCTCTAGCTTT-1	1	LVG1	OD	Muller glia	published_fragment_file_unique_RNA_match
1_GTTCCCAGTCACAGCG-1	GTTCCCAGTCACAGCG-1	1	LVG1	OD	Muller glia	published_fragment_file_unique_RNA_match
1_GGTTACTAGGGTTATC-1	GGTTACTAGGGTTATC-1	1	LVG1	OD	Muller glia	published_fragment_file_unique_RNA_match
1_AAACCGCGTGAGAAAC-1	AAACCGCGTGAGAAAC-1	1	LVG1	OD	Muller glia	published_fragment_file_unique_RNA_match
1_TTCTTAGGTTCGCTCA-1	TTCTTAGGTTCGCTCA-1	1	LVG1	OD	Muller glia	published_fragment_file_unique_RNA_match
1_CATAGGCGTGTGAGAG-1	CATAGGCGTGTGAGAG-1	1	LVG1	OD	Muller glia	published_fragment_file_unique_RNA_match
1_GTCCTCAGTGAGAAAC-1	GTCCTCAGTGAGAAAC-1	1	LVG1	OD	Muller glia	published_fragment_file_unique_RNA_match
1_AGGAAACGTTCAAGAT-1	AGGAAACGTTCAAGAT-1	1	LVG1	OD	Muller glia	published_fragment_file_unique_RNA_match
1_AAATGGCCAAGGTCGA-1	AAATGGCCAAGGTCGA-1	1	LVG1	OD	Muller glia	published_fragment_file_unique_RNA_match
1_CGTTATCGTAACGAGG-1	CGTTATCGTAACGAGG-1	1	LVG1	OD	Muller glia	published_fragment_file_unique_RNA_match
1_CAAGTTATCCACAATA-1	CAAGTTATCCACAATA-1	1	LVG1	OD	Muller glia	published_fragment_file_unique_RNA_match
1_TTTGAGTCACCTCAGG-1	TTTGAGTCACCTCAGG-1	1	LVG1	OD	Muller glia	published_fragment_file_unique_RNA_match
1_GGATAACCAATAGCAA-1	GGATAACCAATAGCAA-1	1	LVG1	OD	Muller glia	published_fragment_file_unique_RNA_match
1_CGGACAACATTATGAC-1	CGGACAACATTATGAC-1	1	LVG1	OD	Muller glia	published_fragment_file_unique_RNA_match
1_AACAAGCCAAGGTCGA-1	AACAAGCCAAGGTCGA-1	1	LVG1	OD	Muller glia	published_fragment_file_unique_RNA_match
1_GTGAACAAGGCTATGT-1	GTGAACAAGGCTATGT-1	1	LVG1	OD	Muller glia	published_fragment_file_unique_RNA_match
1_GCCTCCATCCCGAACA-1	GCCTCCATCCCGAACA-1	1	LVG1	OD	Muller glia	published_fragment_file_unique_RNA_match
1_TACGTTAAGTTGTCCC-1	TACGTTAAGTTGTCCC-1	1	LVG1	OD	Muller glia	published_fragment_file_unique_RNA_match
1_TGCTCACTCGGTCATG-1	TGCTCACTCGGTCATG-1	1	LVG1	OD	Muller glia	published_fragment_file_unique_RNA_match
1_AATGTCATCGTTTCTG-1	AATGTCATCGTTTCTG-1	1	LVG1	OD	Muller glia	published_fragment_file_unique_RNA_match
1_ACTATGTCATGCTCCC-1	ACTATGTCATGCTCCC-1	1	LVG1	OD	Muller glia	published_fragment_file_unique_RNA_match
1_ATCACACAGGGTCCAC-1	ATCACACAGGGTCCAC-1	1	LVG1	OD	Muller glia	published_fragment_file_unique_RNA_match
1_CGAGCGAAGGCGCACT-1	CGAGCGAAGGCGCACT-1	1	LVG1	OD	Muller glia	published_fragment_file_unique_RNA_match
1_TCACGGATCTCTAGCC-1	TCACGGATCTCTAGCC-1	1	LVG1	OD	Muller glia	published_fragment_file_unique_RNA_match
1_GCCGTGAGTGCCTCAC-1	GCCGTGAGTGCCTCAC-1	1	LVG1	OD	Muller glia	published_fragment_file_unique_RNA_match
1_CACAGGGAGTCATTGA-1	CACAGGGAGTCATTGA-1	1	LVG1	OD	Muller glia	published_fragment_file_unique_RNA_match
1_TAGCTAGGTTAGCATG-1	TAGCTAGGTTAGCATG-1	1	LVG1	OD	Muller glia	published_fragment_file_unique_RNA_match
1_TAGGCTTAGGATTGCT-1	TAGGCTTAGGATTGCT-1	1	LVG1	OD	Muller glia	published_fragment_file_unique_RNA_match
1_GGATTATGTACCGTTT-1	GGATTATGTACCGTTT-1	1	LVG1	OD	Muller glia	published_fragment_file_unique_RNA_match
1_ATGCGATTCTTTGACT-1	ATGCGATTCTTTGACT-1	1	LVG1	OD	Muller glia	published_fragment_file_unique_RNA_match
1_CATCATAAGAGAGGCT-1	CATCATAAGAGAGGCT-1	1	LVG1	OD	Muller glia	published_fragment_file_unique_RNA_match
1_GGTTATGGTTCCATTA-1	GGTTATGGTTCCATTA-1	1	LVG1	OD	Muller glia	published_fragment_file_unique_RNA_match
1_TAGCCGGGTAACCAGC-1	TAGCCGGGTAACCAGC-1	1	LVG1	OD	Muller glia	published_fragment_file_unique_RNA_match
1_GAGGTACAGAATGACG-1	GAGGTACAGAATGACG-1	1	LVG1	OD	Muller glia	published_fragment_file_unique_RNA_match
1_GCAGCAACAGGATAAC-1	GCAGCAACAGGATAAC-1	1	LVG1	OD	Muller glia	published_fragment_file_unique_RNA_match
1_GCGCAATGTTAGCATG-1	GCGCAATGTTAGCATG-1	1	LVG1	OD	Muller glia	published_fragment_file_unique_RNA_match
1_ACCTGTTGTTGTCCAT-1	ACCTGTTGTTGTCCAT-1	1	LVG1	OD	Muller glia	published_fragment_file_unique_RNA_match
1_AATGTCCAGTCACCTC-1	AATGTCCAGTCACCTC-1	1	LVG1	OD	Muller glia	published_fragment_file_unique_RNA_match
1_CAGCAAGCAATAGCAA-1	CAGCAAGCAATAGCAA-1	1	LVG1	OD	Muller glia	published_fragment_file_unique_RNA_match
1_AATAGAGGTGATCATG-1	AATAGAGGTGATCATG-1	1	LVG1	OD	Muller glia	published_fragment_file_unique_RNA_match
1_TTGGGCCAGTTATGGC-1	TTGGGCCAGTTATGGC-1	1	LVG1	OD	Muller glia	published_fragment_file_unique_RNA_match
1_CAGCTAAGTCTTGCTG-1	CAGCTAAGTCTTGCTG-1	1	LVG1	OD	Muller glia	published_fragment_file_unique_RNA_match
1_TGACCTTGTCCACAAA-1	TGACCTTGTCCACAAA-1	1	LVG1	OD	Muller glia	published_fragment_file_unique_RNA_match
1_GGAACGGTCTCAATTC-1	GGAACGGTCTCAATTC-1	1	LVG1	OD	Muller glia	published_fragment_file_unique_RNA_match
1_GCCGTGAGTACCCACC-1	GCCGTGAGTACCCACC-1	1	LVG1	OD	Muller glia	published_fragment_file_unique_RNA_match
1_GAGTGAGGTAGTCAAT-1	GAGTGAGGTAGTCAAT-1	1	LVG1	OD	Muller glia	published_fragment_file_unique_RNA_match
1_TAGCTAATCAGCAAGA-1	TAGCTAATCAGCAAGA-1	1	LVG1	OD	Muller glia	published_fragment_file_unique_RNA_match
1_GGATTGCGTTACTAGG-1	GGATTGCGTTACTAGG-1	1	LVG1	OD	Muller glia	published_fragment_file_unique_RNA_match
1_TTACCTGTCTGGCTTC-1	TTACCTGTCTGGCTTC-1	1	LVG1	OD	Muller glia	published_fragment_file_unique_RNA_match
1_CCTAAGTAGGTAAGCA-1	CCTAAGTAGGTAAGCA-1	1	LVG1	OD	Muller glia	published_fragment_file_unique_RNA_match
1_AGAGATTAGGTGAGAC-1	AGAGATTAGGTGAGAC-1	1	LVG1	OD	Muller glia	published_fragment_file_unique_RNA_match
1_AACATCATCTTGTCCA-1	AACATCATCTTGTCCA-1	1	LVG1	OD	Muller glia	published_fragment_file_unique_RNA_match
1_AGTTTGCAGGAGTAAT-1	AGTTTGCAGGAGTAAT-1	1	LVG1	OD	Muller glia	published_fragment_file_unique_RNA_match
1_ACCCGCTGTAGCTGCG-1	ACCCGCTGTAGCTGCG-1	1	LVG1	OD	Muller glia	published_fragment_file_unique_RNA_match
1_CGTAATGGTTGCGTAA-1	CGTAATGGTTGCGTAA-1	1	LVG1	OD	Muller glia	published_fragment_file_unique_RNA_match
1_TAGCTTAAGGACCAGG-1	TAGCTTAAGGACCAGG-1	1	LVG1	OD	Muller glia	published_fragment_file_unique_RNA_match
1_TCTCGCCCAGGTTTGC-1	TCTCGCCCAGGTTTGC-1	1	LVG1	OD	Muller glia	published_fragment_file_unique_RNA_match
1_TAGCCGGGTTGTGATG-1	TAGCCGGGTTGTGATG-1	1	LVG1	OD	Muller glia	published_fragment_file_unique_RNA_match
1_ATGGCCCAGGACTAAG-1	ATGGCCCAGGACTAAG-1	1	LVG1	OD	Muller glia	published_fragment_file_unique_RNA_match
1_GATTGGTTCGTACCGA-1	GATTGGTTCGTACCGA-1	1	LVG1	OD	Muller glia	published_fragment_file_unique_RNA_match
2_ATGGACAAGTGAACAG-1	ATGGACAAGTGAACAG-1	2	LVG1	OS	Muller glia	published_fragment_file_unique_RNA_match
2_GATTCAGGTGCTTTAC-1	GATTCAGGTGCTTTAC-1	2	LVG1	OS	Muller glia	published_fragment_file_unique_RNA_match
2_TGATCAATCGCAACAT-1	TGATCAATCGCAACAT-1	2	LVG1	OS	Muller glia	published_fragment_file_unique_RNA_match
2_CCGGTTAAGATGGACA-1	CCGGTTAAGATGGACA-1	2	LVG1	OS	Muller glia	published_fragment_file_unique_RNA_match
2_CTAAAGCTCATGCTCC-1	CTAAAGCTCATGCTCC-1	2	LVG1	OS	Muller glia	published_fragment_file_unique_RNA_match
2_CCTGAATAGTAAAGGT-1	CCTGAATAGTAAAGGT-1	2	LVG1	OS	Muller glia	published_fragment_file_unique_RNA_match
2_AAACCAACATGTTGGC-1	AAACCAACATGTTGGC-1	2	LVG1	OS	Muller glia	published_fragment_file_unique_RNA_match
2_TGACTCCTCAGGCCTA-1	TGACTCCTCAGGCCTA-1	2	LVG1	OS	Muller glia	published_fragment_file_unique_RNA_match
2_TCAAGACTCACTTTAC-1	TCAAGACTCACTTTAC-1	2	LVG1	OS	Muller glia	published_fragment_file_unique_RNA_match
2_GGCGGTAAGCTATTAG-1	GGCGGTAAGCTATTAG-1	2	LVG1	OS	Muller glia	published_fragment_file_unique_RNA_match
2_CGTGAGGAGGCCCAGT-1	CGTGAGGAGGCCCAGT-1	2	LVG1	OS	Muller glia	published_fragment_file_unique_RNA_match
2_ATGCCTGAGTTAGTTG-1	ATGCCTGAGTTAGTTG-1	2	LVG1	OS	Muller glia	published_fragment_file_unique_RNA_match
2_AGCTTAATCTTGCTAT-1	AGCTTAATCTTGCTAT-1	2	LVG1	OS	Muller glia	published_fragment_file_unique_RNA_match
2_ATTCGTTTCTGCAAGT-1	ATTCGTTTCTGCAAGT-1	2	LVG1	OS	Muller glia	published_fragment_file_unique_RNA_match
2_CTAGCTGAGGTGCGGA-1	CTAGCTGAGGTGCGGA-1	2	LVG1	OS	Muller glia	published_fragment_file_unique_RNA_match
2_GTCAAACTCGCTTGCT-1	GTCAAACTCGCTTGCT-1	2	LVG1	OS	Muller glia	published_fragment_file_unique_RNA_match
2_ACCTGGATCCCTGTTA-1	ACCTGGATCCCTGTTA-1	2	LVG1	OS	Muller glia	published_fragment_file_unique_RNA_match
2_TTAGACTCACAACAAA-1	TTAGACTCACAACAAA-1	2	LVG1	OS	Muller glia	published_fragment_file_unique_RNA_match
2_CGTTAGTAGCGGCTGT-1	CGTTAGTAGCGGCTGT-1	2	LVG1	OS	Muller glia	published_fragment_file_unique_RNA_match
2_CCCTGGACAGGACCAA-1	CCCTGGACAGGACCAA-1	2	LVG1	OS	Muller glia	published_fragment_file_unique_RNA_match
2_CGTGTGTCAATTGACT-1	CGTGTGTCAATTGACT-1	2	LVG1	OS	Muller glia	published_fragment_file_unique_RNA_match
2_AAGCGTTTCGTTTCTG-1	AAGCGTTTCGTTTCTG-1	2	LVG1	OS	Muller glia	published_fragment_file_unique_RNA_match
2_TAGTTGTCAAACGGGC-1	TAGTTGTCAAACGGGC-1	2	LVG1	OS	Muller glia	published_fragment_file_unique_RNA_match
2_CACAGGCTCAAATCGC-1	CACAGGCTCAAATCGC-1	2	LVG1	OS	Muller glia	published_fragment_file_unique_RNA_match
2_GTTTGTCGTGACATGC-1	GTTTGTCGTGACATGC-1	2	LVG1	OS	Muller glia	published_fragment_file_unique_RNA_match
2_CCTCAGTTCCCGTTAC-1	CCTCAGTTCCCGTTAC-1	2	LVG1	OS	Muller glia	published_fragment_file_unique_RNA_match
2_TCTAGCACAATCCCTT-1	TCTAGCACAATCCCTT-1	2	LVG1	OS	Muller glia	published_fragment_file_unique_RNA_match
2_GACTTGGTCTTTAAGG-1	GACTTGGTCTTTAAGG-1	2	LVG1	OS	Muller glia	published_fragment_file_unique_RNA_match
2_GCTATAGGTCCTAACT-1	GCTATAGGTCCTAACT-1	2	LVG1	OS	Muller glia	published_fragment_file_unique_RNA_match
2_TGGCGGTTCATGCAAC-1	TGGCGGTTCATGCAAC-1	2	LVG1	OS	Muller glia	published_fragment_file_unique_RNA_match
2_CTGGTTTGTCATCAAG-1	CTGGTTTGTCATCAAG-1	2	LVG1	OS	Muller glia	published_fragment_file_unique_RNA_match
2_TCAAGGAAGTAAACCC-1	TCAAGGAAGTAAACCC-1	2	LVG1	OS	Muller glia	published_fragment_file_unique_RNA_match
2_GACCTCAAGCACAGCC-1	GACCTCAAGCACAGCC-1	2	LVG1	OS	Muller glia	published_fragment_file_unique_RNA_match
2_TCGCCCATCTGCAAGT-1	TCGCCCATCTGCAAGT-1	2	LVG1	OS	Muller glia	published_fragment_file_unique_RNA_match
2_CTCTAAGCATCCATCT-1	CTCTAAGCATCCATCT-1	2	LVG1	OS	Muller glia	published_fragment_file_unique_RNA_match
2_CATGAGGCACAAACTT-1	CATGAGGCACAAACTT-1	2	LVG1	OS	Muller glia	published_fragment_file_unique_RNA_match
2_GAGCGATAGGTTTACA-1	GAGCGATAGGTTTACA-1	2	LVG1	OS	Muller glia	published_fragment_file_unique_RNA_match
2_GACACCGGTTGTCATC-1	GACACCGGTTGTCATC-1	2	LVG1	OS	Muller glia	published_fragment_file_unique_RNA_match
2_AGGTGAGGTTACATCC-1	AGGTGAGGTTACATCC-1	2	LVG1	OS	Muller glia	published_fragment_file_unique_RNA_match
2_GAAACTGAGCGTGCGT-1	GAAACTGAGCGTGCGT-1	2	LVG1	OS	Muller glia	published_fragment_file_unique_RNA_match
2_AATGCAACAATTATGC-1	AATGCAACAATTATGC-1	2	LVG1	OS	Muller glia	published_fragment_file_unique_RNA_match
2_TGTCCTTCAGCCTAAC-1	TGTCCTTCAGCCTAAC-1	2	LVG1	OS	Muller glia	published_fragment_file_unique_RNA_match
2_AAATCCGGTGCCGCAA-1	AAATCCGGTGCCGCAA-1	2	LVG1	OS	Muller glia	published_fragment_file_unique_RNA_match
2_CCATAAGGTTCACCAT-1	CCATAAGGTTCACCAT-1	2	LVG1	OS	Muller glia	published_fragment_file_unique_RNA_match
2_GTTGTGAGTCATGCAA-1	GTTGTGAGTCATGCAA-1	2	LVG1	OS	Muller glia	published_fragment_file_unique_RNA_match
2_ACGTTACAGGCTGTGC-1	ACGTTACAGGCTGTGC-1	2	LVG1	OS	Muller glia	published_fragment_file_unique_RNA_match
2_GTGCTCCGTTCCTGTG-1	GTGCTCCGTTCCTGTG-1	2	LVG1	OS	Muller glia	published_fragment_file_unique_RNA_match
2_ACGTCCTTCCACCTGT-1	ACGTCCTTCCACCTGT-1	2	LVG1	OS	Muller glia	published_fragment_file_unique_RNA_match
2_GGTTGCTCACTCAACA-1	GGTTGCTCACTCAACA-1	2	LVG1	OS	Muller glia	published_fragment_file_unique_RNA_match
2_TACCAGGTCCCATAGG-1	TACCAGGTCCCATAGG-1	2	LVG1	OS	Muller glia	published_fragment_file_unique_RNA_match
2_TATCGAGGTTTACGTC-1	TATCGAGGTTTACGTC-1	2	LVG1	OS	Muller glia	published_fragment_file_unique_RNA_match
2_AGGACTAAGCTTTGGG-1	AGGACTAAGCTTTGGG-1	2	LVG1	OS	Muller glia	published_fragment_file_unique_RNA_match
2_GCTTTGTGTCATTGTC-1	GCTTTGTGTCATTGTC-1	2	LVG1	OS	Muller glia	published_fragment_file_unique_RNA_match
2_GCGATTAGTTTACTTG-1	GCGATTAGTTTACTTG-1	2	LVG1	OS	Muller glia	published_fragment_file_unique_RNA_match
2_CTAACCTGTGCGCATG-1	CTAACCTGTGCGCATG-1	2	LVG1	OS	Muller glia	published_fragment_file_unique_RNA_match
2_GAAACTGAGTTGTCAA-1	GAAACTGAGTTGTCAA-1	2	LVG1	OS	Muller glia	published_fragment_file_unique_RNA_match
2_CGAGCGAAGAGGCTAA-1	CGAGCGAAGAGGCTAA-1	2	LVG1	OS	Muller glia	published_fragment_file_unique_RNA_match
2_TGAGTGAAGGGATGAC-1	TGAGTGAAGGGATGAC-1	2	LVG1	OS	Muller glia	published_fragment_file_unique_RNA_match
2_ACGTCCTTCCGGTTAG-1	ACGTCCTTCCGGTTAG-1	2	LVG1	OS	Muller glia	published_fragment_file_unique_RNA_match
2_CAGGCTGGTTGGCGTG-1	CAGGCTGGTTGGCGTG-1	2	LVG1	OS	Muller glia	published_fragment_file_unique_RNA_match
2_GGGTTTGTCTCATCAT-1	GGGTTTGTCTCATCAT-1	2	LVG1	OS	Muller glia	published_fragment_file_unique_RNA_match
2_AACTAGCTCCTCCTAA-1	AACTAGCTCCTCCTAA-1	2	LVG1	OS	Muller glia	published_fragment_file_unique_RNA_match
2_GACATAGAGGAGTCTT-1	GACATAGAGGAGTCTT-1	2	LVG1	OS	Muller glia	published_fragment_file_unique_RNA_match
2_CTTTAGTTCGGTCAGC-1	CTTTAGTTCGGTCAGC-1	2	LVG1	OS	Muller glia	published_fragment_file_unique_RNA_match
2_TATGGATGTCTAACAG-1	TATGGATGTCTAACAG-1	2	LVG1	OS	Muller glia	published_fragment_file_unique_RNA_match
2_AGCATTTCACTGACTA-1	AGCATTTCACTGACTA-1	2	LVG1	OS	Muller glia	published_fragment_file_unique_RNA_match
2_GCAATGAAGTTTGGTA-1	GCAATGAAGTTTGGTA-1	2	LVG1	OS	Muller glia	published_fragment_file_unique_RNA_match
2_GGATTGCGTGTTAAAC-1	GGATTGCGTGTTAAAC-1	2	LVG1	OS	Muller glia	published_fragment_file_unique_RNA_match
2_ATCGGCCAGGTCAAAG-1	ATCGGCCAGGTCAAAG-1	2	LVG1	OS	Muller glia	published_fragment_file_unique_RNA_match
2_CTCCCTGAGCGAGTAA-1	CTCCCTGAGCGAGTAA-1	2	LVG1	OS	Muller glia	published_fragment_file_unique_RNA_match
2_TGTTGTAAGCGGCTGT-1	TGTTGTAAGCGGCTGT-1	2	LVG1	OS	Muller glia	published_fragment_file_unique_RNA_match
2_CAAACACTCCTTGAGG-1	CAAACACTCCTTGAGG-1	2	LVG1	OS	Muller glia	published_fragment_file_unique_RNA_match
2_CGCATTTGTGGCTTCC-1	CGCATTTGTGGCTTCC-1	2	LVG1	OS	Muller glia	published_fragment_file_unique_RNA_match
2_ATCCATAAGGCTACAT-1	ATCCATAAGGCTACAT-1	2	LVG1	OS	Muller glia	published_fragment_file_unique_RNA_match
2_ACAACAACAAGTGTTT-1	ACAACAACAAGTGTTT-1	2	LVG1	OS	Muller glia	published_fragment_file_unique_RNA_match
2_GACCTAGTCCCTGTTA-1	GACCTAGTCCCTGTTA-1	2	LVG1	OS	Muller glia	published_fragment_file_unique_RNA_match
2_GGTTATATCATTTGTC-1	GGTTATATCATTTGTC-1	2	LVG1	OS	Muller glia	published_fragment_file_unique_RNA_match
2_GTGTCCAAGGCACAGG-1	GTGTCCAAGGCACAGG-1	2	LVG1	OS	Muller glia	published_fragment_file_unique_RNA_match
2_CTACTAAAGACAGGCG-1	CTACTAAAGACAGGCG-1	2	LVG1	OS	Muller glia	published_fragment_file_unique_RNA_match
2_TGCTCCGTCCAGCACA-1	TGCTCCGTCCAGCACA-1	2	LVG1	OS	Muller glia	published_fragment_file_unique_RNA_match
2_AATCCGTAGCATTAGC-1	AATCCGTAGCATTAGC-1	2	LVG1	OS	Muller glia	published_fragment_file_unique_RNA_match
2_CATTGCGAGGGTCTAT-1	CATTGCGAGGGTCTAT-1	2	LVG1	OS	Muller glia	published_fragment_file_unique_RNA_match
2_GAAGGCTAGGGACGCA-1	GAAGGCTAGGGACGCA-1	2	LVG1	OS	Muller glia	published_fragment_file_unique_RNA_match
2_CCATCATGTACAAAGA-1	CCATCATGTACAAAGA-1	2	LVG1	OS	Muller glia	published_fragment_file_unique_RNA_match
2_AAGTTTGTCACTTCAT-1	AAGTTTGTCACTTCAT-1	2	LVG1	OS	Muller glia	published_fragment_file_unique_RNA_match
2_TTTGACTTCTAAGTGC-1	TTTGACTTCTAAGTGC-1	2	LVG1	OS	Muller glia	published_fragment_file_unique_RNA_match
2_TACCGAAGTGAAACAA-1	TACCGAAGTGAAACAA-1	2	LVG1	OS	Muller glia	published_fragment_file_unique_RNA_match
2_TAATGGTGTTAGCTGA-1	TAATGGTGTTAGCTGA-1	2	LVG1	OS	Muller glia	published_fragment_file_unique_RNA_match
2_AGGTACGCAGGCCTTG-1	AGGTACGCAGGCCTTG-1	2	LVG1	OS	Muller glia	published_fragment_file_unique_RNA_match
2_CTGGACCAGTTAGCTA-1	CTGGACCAGTTAGCTA-1	2	LVG1	OS	Muller glia	published_fragment_file_unique_RNA_match
2_GCCTCAAAGGCGCTAC-1	GCCTCAAAGGCGCTAC-1	2	LVG1	OS	Muller glia	published_fragment_file_unique_RNA_match
2_GGGTTATTCAAACCGT-1	GGGTTATTCAAACCGT-1	2	LVG1	OS	Muller glia	published_fragment_file_unique_RNA_match
2_AGGATCCGTTGGTGAC-1	AGGATCCGTTGGTGAC-1	2	LVG1	OS	Muller glia	published_fragment_file_unique_RNA_match
2_CACGCAATCACCAATA-1	CACGCAATCACCAATA-1	2	LVG1	OS	Muller glia	published_fragment_file_unique_RNA_match
2_TTTGGTGCATTGTGGC-1	TTTGGTGCATTGTGGC-1	2	LVG1	OS	Muller glia	published_fragment_file_unique_RNA_match
2_GTGCATTAGGCGGATG-1	GTGCATTAGGCGGATG-1	2	LVG1	OS	Muller glia	published_fragment_file_unique_RNA_match
2_TGTGGCTCACGGTTTA-1	TGTGGCTCACGGTTTA-1	2	LVG1	OS	Muller glia	published_fragment_file_unique_RNA_match
2_GCAAACAAGTAACGAG-1	GCAAACAAGTAACGAG-1	2	LVG1	OS	Muller glia	published_fragment_file_unique_RNA_match
2_GCGGATACAGTAAAGC-1	GCGGATACAGTAAAGC-1	2	LVG1	OS	Muller glia	published_fragment_file_unique_RNA_match
2_GCGCGATTCCGTTAAA-1	GCGCGATTCCGTTAAA-1	2	LVG1	OS	Muller glia	published_fragment_file_unique_RNA_match
2_GCGCAATGTCCAAGAC-1	GCGCAATGTCCAAGAC-1	2	LVG1	OS	Muller glia	published_fragment_file_unique_RNA_match
2_GTGCATTAGGAGGTTA-1	GTGCATTAGGAGGTTA-1	2	LVG1	OS	Muller glia	published_fragment_file_unique_RNA_match
2_ATCGGCCAGTAAGAAC-1	ATCGGCCAGTAAGAAC-1	2	LVG1	OS	Muller glia	published_fragment_file_unique_RNA_match
2_CTTATGTTCGAGGTGG-1	CTTATGTTCGAGGTGG-1	2	LVG1	OS	Muller glia	published_fragment_file_unique_RNA_match
2_GTGAGCGAGCTGTAAC-1	GTGAGCGAGCTGTAAC-1	2	LVG1	OS	Muller glia	published_fragment_file_unique_RNA_match
2_CGGAGCAAGATAGACG-1	CGGAGCAAGATAGACG-1	2	LVG1	OS	Muller glia	published_fragment_file_unique_RNA_match
2_TGCCTGTTCGCAATCG-1	TGCCTGTTCGCAATCG-1	2	LVG1	OS	Muller glia	published_fragment_file_unique_RNA_match
2_CAGTATGGTCTAGCTT-1	CAGTATGGTCTAGCTT-1	2	LVG1	OS	Muller glia	published_fragment_file_unique_RNA_match
2_GGTTAATGTATCTGGA-1	GGTTAATGTATCTGGA-1	2	LVG1	OS	Muller glia	published_fragment_file_unique_RNA_match
2_CGGCCATAGCCTCTCG-1	CGGCCATAGCCTCTCG-1	2	LVG1	OS	Muller glia	published_fragment_file_unique_RNA_match
2_CTTCATCCATAAAGCA-1	CTTCATCCATAAAGCA-1	2	LVG1	OS	Muller glia	published_fragment_file_unique_RNA_match
2_GTACCGGGTGAAGCCT-1	GTACCGGGTGAAGCCT-1	2	LVG1	OS	Muller glia	published_fragment_file_unique_RNA_match
2_TGCTGGATCAGCCAAT-1	TGCTGGATCAGCCAAT-1	2	LVG1	OS	Muller glia	published_fragment_file_unique_RNA_match
2_TTACGTTTCCCTTGCG-1	TTACGTTTCCCTTGCG-1	2	LVG1	OS	Muller glia	published_fragment_file_unique_RNA_match
2_TTCCTCAAGGGACGCA-1	TTCCTCAAGGGACGCA-1	2	LVG1	OS	Muller glia	published_fragment_file_unique_RNA_match
2_TAGCCTGAGGAACACA-1	TAGCCTGAGGAACACA-1	2	LVG1	OS	Muller glia	published_fragment_file_unique_RNA_match
2_AAACCAACATCACAGC-1	AAACCAACATCACAGC-1	2	LVG1	OS	Muller glia	published_fragment_file_unique_RNA_match
2_CGGCCATAGTCATCCC-1	CGGCCATAGTCATCCC-1	2	LVG1	OS	Muller glia	published_fragment_file_unique_RNA_match
2_GCTGTACCAAGTCGCT-1	GCTGTACCAAGTCGCT-1	2	LVG1	OS	Muller glia	published_fragment_file_unique_RNA_match
2_TCAGCAAGTAAGCTCA-1	TCAGCAAGTAAGCTCA-1	2	LVG1	OS	Muller glia	published_fragment_file_unique_RNA_match
2_GTAGGTGCAATTTGGT-1	GTAGGTGCAATTTGGT-1	2	LVG1	OS	Muller glia	published_fragment_file_unique_RNA_match
2_GAAACTGAGGTAAGGC-1	GAAACTGAGGTAAGGC-1	2	LVG1	OS	Muller glia	published_fragment_file_unique_RNA_match
2_TTGCAGCCATGAGTTT-1	TTGCAGCCATGAGTTT-1	2	LVG1	OS	Muller glia	published_fragment_file_unique_RNA_match
2_GTAGGAGGTGTTTGCT-1	GTAGGAGGTGTTTGCT-1	2	LVG1	OS	Muller glia	published_fragment_file_unique_RNA_match
2_ATCGCCCGTAGCTGCG-1	ATCGCCCGTAGCTGCG-1	2	LVG1	OS	Muller glia	published_fragment_file_unique_RNA_match
2_GGCAAATCATGCTATG-1	GGCAAATCATGCTATG-1	2	LVG1	OS	Muller glia	published_fragment_file_unique_RNA_match
2_ATCATGTCATTGGGAG-1	ATCATGTCATTGGGAG-1	2	LVG1	OS	Muller glia	published_fragment_file_unique_RNA_match
2_TTGCCCGTCATTCATC-1	TTGCCCGTCATTCATC-1	2	LVG1	OS	Muller glia	published_fragment_file_unique_RNA_match
2_GTGGACACATAAGGAC-1	GTGGACACATAAGGAC-1	2	LVG1	OS	Muller glia	published_fragment_file_unique_RNA_match
2_CTCTAAGCACCCACCT-1	CTCTAAGCACCCACCT-1	2	LVG1	OS	Muller glia	published_fragment_file_unique_RNA_match
2_TTTGGTAAGCTTAGTA-1	TTTGGTAAGCTTAGTA-1	2	LVG1	OS	Muller glia	published_fragment_file_unique_RNA_match
2_CGGACCTAGGACTTAC-1	CGGACCTAGGACTTAC-1	2	LVG1	OS	Muller glia	published_fragment_file_unique_RNA_match
2_GGCGGTAAGCCTGTTC-1	GGCGGTAAGCCTGTTC-1	2	LVG1	OS	Muller glia	published_fragment_file_unique_RNA_match
2_GTGCAAGCAGCAACAG-1	GTGCAAGCAGCAACAG-1	2	LVG1	OS	Muller glia	published_fragment_file_unique_RNA_match
2_CTCATTTAGGATAAAC-1	CTCATTTAGGATAAAC-1	2	LVG1	OS	Muller glia	published_fragment_file_unique_RNA_match
2_GTTCATTTCCTCATGC-1	GTTCATTTCCTCATGC-1	2	LVG1	OS	Muller glia	published_fragment_file_unique_RNA_match
2_AGTTTGCAGACTCGCA-1	AGTTTGCAGACTCGCA-1	2	LVG1	OS	Muller glia	published_fragment_file_unique_RNA_match
2_GTAGTTATCGCACAAT-1	GTAGTTATCGCACAAT-1	2	LVG1	OS	Muller glia	published_fragment_file_unique_RNA_match
2_ATGCAGGCAATCTCTC-1	ATGCAGGCAATCTCTC-1	2	LVG1	OS	Muller glia	published_fragment_file_unique_RNA_match
2_AATCATGTCTAGCGAT-1	AATCATGTCTAGCGAT-1	2	LVG1	OS	Muller glia	published_fragment_file_unique_RNA_match
2_CTAATAGTCTAAGTGC-1	CTAATAGTCTAAGTGC-1	2	LVG1	OS	Muller glia	published_fragment_file_unique_RNA_match
2_ATCTATGAGCTCATAA-1	ATCTATGAGCTCATAA-1	2	LVG1	OS	Muller glia	published_fragment_file_unique_RNA_match
2_ACTCGCGCATAAAGCA-1	ACTCGCGCATAAAGCA-1	2	LVG1	OS	Muller glia	published_fragment_file_unique_RNA_match
2_ATTGCGCCAATTAACC-1	ATTGCGCCAATTAACC-1	2	LVG1	OS	Muller glia	published_fragment_file_unique_RNA_match
2_TTCCCGCCAAGGATTA-1	TTCCCGCCAAGGATTA-1	2	LVG1	OS	Muller glia	published_fragment_file_unique_RNA_match
2_TTTACGAAGCTGTCAG-1	TTTACGAAGCTGTCAG-1	2	LVG1	OS	Muller glia	published_fragment_file_unique_RNA_match
2_AGCGGATAGCTCATAA-1	AGCGGATAGCTCATAA-1	2	LVG1	OS	Muller glia	published_fragment_file_unique_RNA_match
2_CCTTATGTCGTTAGCG-1	CCTTATGTCGTTAGCG-1	2	LVG1	OS	Muller glia	published_fragment_file_unique_RNA_match
2_TAGGTGCGTTTACGTC-1	TAGGTGCGTTTACGTC-1	2	LVG1	OS	Muller glia	published_fragment_file_unique_RNA_match
2_AGAGGAACAGTTATCG-1	AGAGGAACAGTTATCG-1	2	LVG1	OS	Muller glia	published_fragment_file_unique_RNA_match
2_TCTTAGTTCCTAATTC-1	TCTTAGTTCCTAATTC-1	2	LVG1	OS	Muller glia	published_fragment_file_unique_RNA_match
2_AGGCAATCACTCGCTC-1	AGGCAATCACTCGCTC-1	2	LVG1	OS	Muller glia	published_fragment_file_unique_RNA_match
2_GCTTAGTAGGCCTGGT-1	GCTTAGTAGGCCTGGT-1	2	LVG1	OS	Muller glia	published_fragment_file_unique_RNA_match
2_TACCTGCTCACAGGAA-1	TACCTGCTCACAGGAA-1	2	LVG1	OS	Muller glia	published_fragment_file_unique_RNA_match
2_TCAACAATCCCGTTGT-1	TCAACAATCCCGTTGT-1	2	LVG1	OS	Muller glia	published_fragment_file_unique_RNA_match
2_ATTCATGAGTAAACCC-1	ATTCATGAGTAAACCC-1	2	LVG1	OS	Muller glia	published_fragment_file_unique_RNA_match
2_CAGCATGTCCCATAAA-1	CAGCATGTCCCATAAA-1	2	LVG1	OS	Muller glia	published_fragment_file_unique_RNA_match
2_GTCTTTGTCGATAACC-1	GTCTTTGTCGATAACC-1	2	LVG1	OS	Muller glia	published_fragment_file_unique_RNA_match
2_TATGACATCATGCTCC-1	TATGACATCATGCTCC-1	2	LVG1	OS	Muller glia	published_fragment_file_unique_RNA_match
2_AAGCAAGTCGCTATAA-1	AAGCAAGTCGCTATAA-1	2	LVG1	OS	Muller glia	published_fragment_file_unique_RNA_match
2_TCGTTTCCATTGCAGC-1	TCGTTTCCATTGCAGC-1	2	LVG1	OS	Muller glia	published_fragment_file_unique_RNA_match
2_TTATCCTAGGCCTGGT-1	TTATCCTAGGCCTGGT-1	2	LVG1	OS	Muller glia	published_fragment_file_unique_RNA_match
2_CAGGCTGGTTGTTGGA-1	CAGGCTGGTTGTTGGA-1	2	LVG1	OS	Muller glia	published_fragment_file_unique_RNA_match
2_CTGACATAGCAAGACA-1	CTGACATAGCAAGACA-1	2	LVG1	OS	Muller glia	published_fragment_file_unique_RNA_match
2_AGCTACTAGGTAAGCA-1	AGCTACTAGGTAAGCA-1	2	LVG1	OS	Muller glia	published_fragment_file_unique_RNA_match
2_CCCGTAAAGCTAATTG-1	CCCGTAAAGCTAATTG-1	2	LVG1	OS	Muller glia	published_fragment_file_unique_RNA_match
2_GCTGCATCACCAGGTT-1	GCTGCATCACCAGGTT-1	2	LVG1	OS	Muller glia	published_fragment_file_unique_RNA_match
2_TATGACATCTTGGATA-1	TATGACATCTTGGATA-1	2	LVG1	OS	Muller glia	published_fragment_file_unique_RNA_match
2_CATAAGCTCGCTAAGT-1	CATAAGCTCGCTAAGT-1	2	LVG1	OS	Muller glia	published_fragment_file_unique_RNA_match
2_TTCAGCACAAGCTACC-1	TTCAGCACAAGCTACC-1	2	LVG1	OS	Muller glia	published_fragment_file_unique_RNA_match
2_ATTTGCAAGTAGCGGG-1	ATTTGCAAGTAGCGGG-1	2	LVG1	OS	Muller glia	published_fragment_file_unique_RNA_match
2_CAATGCCCATGCAACC-1	CAATGCCCATGCAACC-1	2	LVG1	OS	Muller glia	published_fragment_file_unique_RNA_match
2_TGGTCAGTCGAGGAAC-1	TGGTCAGTCGAGGAAC-1	2	LVG1	OS	Muller glia	published_fragment_file_unique_RNA_match
2_ACTTACTTCGATAACC-1	ACTTACTTCGATAACC-1	2	LVG1	OS	Muller glia	published_fragment_file_unique_RNA_match
2_TAGGTTATCAATGTCA-1	TAGGTTATCAATGTCA-1	2	LVG1	OS	Muller glia	published_fragment_file_unique_RNA_match
2_AGAACAAGTGTGCAAC-1	AGAACAAGTGTGCAAC-1	2	LVG1	OS	Muller glia	published_fragment_file_unique_RNA_match
2_TACGGATTCGTTACAA-1	TACGGATTCGTTACAA-1	2	LVG1	OS	Muller glia	published_fragment_file_unique_RNA_match
2_CTTTAGGCATGAGTTT-1	CTTTAGGCATGAGTTT-1	2	LVG1	OS	Muller glia	published_fragment_file_unique_RNA_match
2_GCGTTTCTCTAGCTAA-1	GCGTTTCTCTAGCTAA-1	2	LVG1	OS	Muller glia	published_fragment_file_unique_RNA_match
2_CAATGACTCAATGAGG-1	CAATGACTCAATGAGG-1	2	LVG1	OS	Muller glia	published_fragment_file_unique_RNA_match
2_GCAGGCAAGCATGGTT-1	GCAGGCAAGCATGGTT-1	2	LVG1	OS	Muller glia	published_fragment_file_unique_RNA_match
2_GCTGCAATCGATTATG-1	GCTGCAATCGATTATG-1	2	LVG1	OS	Muller glia	published_fragment_file_unique_RNA_match
2_CGTTAGGTCACTTTAC-1	CGTTAGGTCACTTTAC-1	2	LVG1	OS	Muller glia	published_fragment_file_unique_RNA_match
2_TCATACTTCATGCATA-1	TCATACTTCATGCATA-1	2	LVG1	OS	Muller glia	published_fragment_file_unique_RNA_match
2_ATGTGAGAGTTTGTCT-1	ATGTGAGAGTTTGTCT-1	2	LVG1	OS	Muller glia	published_fragment_file_unique_RNA_match
2_TACCAAATCCTGAGTG-1	TACCAAATCCTGAGTG-1	2	LVG1	OS	Muller glia	published_fragment_file_unique_RNA_match
2_AATATCCCACAGGAAT-1	AATATCCCACAGGAAT-1	2	LVG1	OS	Muller glia	published_fragment_file_unique_RNA_match
2_GGCTCAATCACCAATA-1	GGCTCAATCACCAATA-1	2	LVG1	OS	Muller glia	published_fragment_file_unique_RNA_match
2_TACGCACCATGATTGT-1	TACGCACCATGATTGT-1	2	LVG1	OS	Muller glia	published_fragment_file_unique_RNA_match
2_CCCAATTGTCTATCGT-1	CCCAATTGTCTATCGT-1	2	LVG1	OS	Muller glia	published_fragment_file_unique_RNA_match
2_CATCCTCAGTTAACCA-1	CATCCTCAGTTAACCA-1	2	LVG1	OS	Muller glia	published_fragment_file_unique_RNA_match
2_AATATCCCACAAAGCG-1	AATATCCCACAAAGCG-1	2	LVG1	OS	Muller glia	published_fragment_file_unique_RNA_match
2_TGCTTGCTCGTTTCGC-1	TGCTTGCTCGTTTCGC-1	2	LVG1	OS	Muller glia	published_fragment_file_unique_RNA_match
2_GTTCGCGCACTAAGAA-1	GTTCGCGCACTAAGAA-1	2	LVG1	OS	Muller glia	published_fragment_file_unique_RNA_match
2_GGGTCACTCTCAATTC-1	GGGTCACTCTCAATTC-1	2	LVG1	OS	Muller glia	published_fragment_file_unique_RNA_match
2_GTCCATTGTGGTTCTT-1	GTCCATTGTGGTTCTT-1	2	LVG1	OS	Muller glia	published_fragment_file_unique_RNA_match
2_GCGGTTGGTCATTACC-1	GCGGTTGGTCATTACC-1	2	LVG1	OS	Muller glia	published_fragment_file_unique_RNA_match
2_AGGCCCAGTAAATTGC-1	AGGCCCAGTAAATTGC-1	2	LVG1	OS	Muller glia	published_fragment_file_unique_RNA_match
2_ACTAATCCAGCCGCTA-1	ACTAATCCAGCCGCTA-1	2	LVG1	OS	Muller glia	published_fragment_file_unique_RNA_match
2_GGATTATGTGACATGC-1	GGATTATGTGACATGC-1	2	LVG1	OS	Muller glia	published_fragment_file_unique_RNA_match
2_CGCATATAGCTAATTG-1	CGCATATAGCTAATTG-1	2	LVG1	OS	Muller glia	published_fragment_file_unique_RNA_match
2_TCATTTGGTTTGAGCA-1	TCATTTGGTTTGAGCA-1	2	LVG1	OS	Muller glia	published_fragment_file_unique_RNA_match
2_TGAACAGAGGAACCAA-1	TGAACAGAGGAACCAA-1	2	LVG1	OS	Muller glia	published_fragment_file_unique_RNA_match
2_CCGCAAATCCTCACAC-1	CCGCAAATCCTCACAC-1	2	LVG1	OS	Muller glia	published_fragment_file_unique_RNA_match
2_TCTTAGCGTCATCATC-1	TCTTAGCGTCATCATC-1	2	LVG1	OS	Muller glia	published_fragment_file_unique_RNA_match
2_GGAACCTGTGCACGCA-1	GGAACCTGTGCACGCA-1	2	LVG1	OS	Muller glia	published_fragment_file_unique_RNA_match
2_TAGTGAGAGGTCCACA-1	TAGTGAGAGGTCCACA-1	2	LVG1	OS	Muller glia	published_fragment_file_unique_RNA_match
2_CGTAATGGTTCCGCAC-1	CGTAATGGTTCCGCAC-1	2	LVG1	OS	Muller glia	published_fragment_file_unique_RNA_match
2_GGATATTGTCCTAAGA-1	GGATATTGTCCTAAGA-1	2	LVG1	OS	Muller glia	published_fragment_file_unique_RNA_match
2_ATTAGCTCAATCATGT-1	ATTAGCTCAATCATGT-1	2	LVG1	OS	Muller glia	published_fragment_file_unique_RNA_match
2_AGCATTTCAATAATGG-1	AGCATTTCAATAATGG-1	2	LVG1	OS	Muller glia	published_fragment_file_unique_RNA_match
2_ACACAATGTTAGAGCC-1	ACACAATGTTAGAGCC-1	2	LVG1	OS	Muller glia	published_fragment_file_unique_RNA_match
2_ACTCACCTCGGTCAAT-1	ACTCACCTCGGTCAAT-1	2	LVG1	OS	Muller glia	published_fragment_file_unique_RNA_match
2_CACTTTGTCAGCAAGA-1	CACTTTGTCAGCAAGA-1	2	LVG1	OS	Muller glia	published_fragment_file_unique_RNA_match
2_TTTAGGATCTGTTGCC-1	TTTAGGATCTGTTGCC-1	2	LVG1	OS	Muller glia	published_fragment_file_unique_RNA_match
2_GGACCGAAGGAGGCAT-1	GGACCGAAGGAGGCAT-1	2	LVG1	OS	Muller glia	published_fragment_file_unique_RNA_match
2_TCACGGATCGGGACTC-1	TCACGGATCGGGACTC-1	2	LVG1	OS	Muller glia	published_fragment_file_unique_RNA_match
2_GACTAATGTAATCCCT-1	GACTAATGTAATCCCT-1	2	LVG1	OS	Muller glia	published_fragment_file_unique_RNA_match
2_AGCTAAACAGGAACTG-1	AGCTAAACAGGAACTG-1	2	LVG1	OS	Muller glia	published_fragment_file_unique_RNA_match
2_AGACACGCAAGACTCC-1	AGACACGCAAGACTCC-1	2	LVG1	OS	Muller glia	published_fragment_file_unique_RNA_match
2_GAGTCAAAGATGGACA-1	GAGTCAAAGATGGACA-1	2	LVG1	OS	Muller glia	published_fragment_file_unique_RNA_match
2_TTGGATATCTTAGGAC-1	TTGGATATCTTAGGAC-1	2	LVG1	OS	Muller glia	published_fragment_file_unique_RNA_match
2_CCGTTGCGTTCCGGGA-1	CCGTTGCGTTCCGGGA-1	2	LVG1	OS	Muller glia	published_fragment_file_unique_RNA_match
2_TTGCGAGTCATGCTAA-1	TTGCGAGTCATGCTAA-1	2	LVG1	OS	Muller glia	published_fragment_file_unique_RNA_match
2_GCCTTACTCACACAGT-1	GCCTTACTCACACAGT-1	2	LVG1	OS	Muller glia	published_fragment_file_unique_RNA_match
2_CAAACAACATTATGCG-1	CAAACAACATTATGCG-1	2	LVG1	OS	Muller glia	published_fragment_file_unique_RNA_match
2_ACGCCACAGCGATAAG-1	ACGCCACAGCGATAAG-1	2	LVG1	OS	Muller glia	published_fragment_file_unique_RNA_match
2_TTACGTTTCCTGATGG-1	TTACGTTTCCTGATGG-1	2	LVG1	OS	Muller glia	published_fragment_file_unique_RNA_match
2_CAGCATTAGCGCCTAA-1	CAGCATTAGCGCCTAA-1	2	LVG1	OS	Muller glia	published_fragment_file_unique_RNA_match
2_CTTACTAGTCAAGTGC-1	CTTACTAGTCAAGTGC-1	2	LVG1	OS	Muller glia	published_fragment_file_unique_RNA_match
2_GCGTAACGTATTCGCT-1	GCGTAACGTATTCGCT-1	2	LVG1	OS	Muller glia	published_fragment_file_unique_RNA_match
2_TCGCGCACACAGACTC-1	TCGCGCACACAGACTC-1	2	LVG1	OS	Muller glia	published_fragment_file_unique_RNA_match
2_CGTGCTTTCGAGCTAT-1	CGTGCTTTCGAGCTAT-1	2	LVG1	OS	Muller glia	published_fragment_file_unique_RNA_match
2_TTGTGAGGTTTGAGCA-1	TTGTGAGGTTTGAGCA-1	2	LVG1	OS	Muller glia	published_fragment_file_unique_RNA_match
2_CATTCATTCCTAATGA-1	CATTCATTCCTAATGA-1	2	LVG1	OS	Muller glia	published_fragment_file_unique_RNA_match
2_CTAATTGAGTTCCTCA-1	CTAATTGAGTTCCTCA-1	2	LVG1	OS	Muller glia	published_fragment_file_unique_RNA_match
2_GCTCTGGCAGGAACCA-1	GCTCTGGCAGGAACCA-1	2	LVG1	OS	Muller glia	published_fragment_file_unique_RNA_match
2_TGAACAGAGTTCCCAC-1	TGAACAGAGTTCCCAC-1	2	LVG1	OS	Muller glia	published_fragment_file_unique_RNA_match
2_AGTGAACCAGTTAGCC-1	AGTGAACCAGTTAGCC-1	2	LVG1	OS	Muller glia	published_fragment_file_unique_RNA_match
2_GCATTAGGTGGTTATG-1	GCATTAGGTGGTTATG-1	2	LVG1	OS	Muller glia	published_fragment_file_unique_RNA_match
2_CTCACTCAGGCATGAA-1	CTCACTCAGGCATGAA-1	2	LVG1	OS	Muller glia	published_fragment_file_unique_RNA_match
2_ACAGGAATCTCCTCAA-1	ACAGGAATCTCCTCAA-1	2	LVG1	OS	Muller glia	published_fragment_file_unique_RNA_match
2_CGTGCTGCAACCTAAT-1	CGTGCTGCAACCTAAT-1	2	LVG1	OS	Muller glia	published_fragment_file_unique_RNA_match
2_GCAATAGAGCTGAGGG-1	GCAATAGAGCTGAGGG-1	2	LVG1	OS	Muller glia	published_fragment_file_unique_RNA_match
2_CTGTATTTCCTTCGTA-1	CTGTATTTCCTTCGTA-1	2	LVG1	OS	Muller glia	published_fragment_file_unique_RNA_match
2_GATTCGCCAACCTAAT-1	GATTCGCCAACCTAAT-1	2	LVG1	OS	Muller glia	published_fragment_file_unique_RNA_match
2_AGCCTGGGTTACCTGT-1	AGCCTGGGTTACCTGT-1	2	LVG1	OS	Muller glia	published_fragment_file_unique_RNA_match
2_GTCCATTGTCCTAAGA-1	GTCCATTGTCCTAAGA-1	2	LVG1	OS	Muller glia	published_fragment_file_unique_RNA_match
2_TCTCAATTCTAGCGTG-1	TCTCAATTCTAGCGTG-1	2	LVG1	OS	Muller glia	published_fragment_file_unique_RNA_match
2_CAATCCCTCATGGCTG-1	CAATCCCTCATGGCTG-1	2	LVG1	OS	Muller glia	published_fragment_file_unique_RNA_match
2_GCAGCAACAATTAGCT-1	GCAGCAACAATTAGCT-1	2	LVG1	OS	Muller glia	published_fragment_file_unique_RNA_match
2_CTGGATGTCAATAGCC-1	CTGGATGTCAATAGCC-1	2	LVG1	OS	Muller glia	published_fragment_file_unique_RNA_match
2_GCAGGATAGTTTGGTA-1	GCAGGATAGTTTGGTA-1	2	LVG1	OS	Muller glia	published_fragment_file_unique_RNA_match
2_TGTGAAACAACCCTAA-1	TGTGAAACAACCCTAA-1	2	LVG1	OS	Muller glia	published_fragment_file_unique_RNA_match
2_AACATTGTCGATTCTT-1	AACATTGTCGATTCTT-1	2	LVG1	OS	Muller glia	published_fragment_file_unique_RNA_match
2_GTTTGTCGTGTAATAC-1	GTTTGTCGTGTAATAC-1	2	LVG1	OS	Muller glia	published_fragment_file_unique_RNA_match
2_GGAGCGATCCACCTGT-1	GGAGCGATCCACCTGT-1	2	LVG1	OS	Muller glia	published_fragment_file_unique_RNA_match
2_ATCCATAAGGACCTTG-1	ATCCATAAGGACCTTG-1	2	LVG1	OS	Muller glia	published_fragment_file_unique_RNA_match
2_ACTTATGAGCATTAGC-1	ACTTATGAGCATTAGC-1	2	LVG1	OS	Muller glia	published_fragment_file_unique_RNA_match
2_TAAGCTATCAGGTCCA-1	TAAGCTATCAGGTCCA-1	2	LVG1	OS	Muller glia	published_fragment_file_unique_RNA_match
2_ACTAACTCACCGTTCC-1	ACTAACTCACCGTTCC-1	2	LVG1	OS	Muller glia	published_fragment_file_unique_RNA_match
2_TGATGAACATCGCTCC-1	TGATGAACATCGCTCC-1	2	LVG1	OS	Muller glia	published_fragment_file_unique_RNA_match
2_GTTAAACGTAAGCACC-1	GTTAAACGTAAGCACC-1	2	LVG1	OS	Muller glia	published_fragment_file_unique_RNA_match
2_GAGTCATTCTGGCAAT-1	GAGTCATTCTGGCAAT-1	2	LVG1	OS	Muller glia	published_fragment_file_unique_RNA_match
2_TTCACTGTCGGCCATA-1	TTCACTGTCGGCCATA-1	2	LVG1	OS	Muller glia	published_fragment_file_unique_RNA_match
2_ACGACAAAGGCCTTAG-1	ACGACAAAGGCCTTAG-1	2	LVG1	OS	Muller glia	published_fragment_file_unique_RNA_match
2_AGGTGAGGTTAGCCAA-1	AGGTGAGGTTAGCCAA-1	2	LVG1	OS	Muller glia	published_fragment_file_unique_RNA_match
2_CTTGGACCAATGCCCG-1	CTTGGACCAATGCCCG-1	2	LVG1	OS	Muller glia	published_fragment_file_unique_RNA_match
2_GCAGGATAGTAACCAC-1	GCAGGATAGTAACCAC-1	2	LVG1	OS	Muller glia	published_fragment_file_unique_RNA_match
2_TAAGCCAGTTATTGCC-1	TAAGCCAGTTATTGCC-1	2	LVG1	OS	Muller glia	published_fragment_file_unique_RNA_match
2_ACGCTTGAGACCATAC-1	ACGCTTGAGACCATAC-1	2	LVG1	OS	Muller glia	published_fragment_file_unique_RNA_match
2_AGTGCCGGTGCTAGAC-1	AGTGCCGGTGCTAGAC-1	2	LVG1	OS	Muller glia	published_fragment_file_unique_RNA_match
2_CCATAAATCAATAGCC-1	CCATAAATCAATAGCC-1	2	LVG1	OS	Muller glia	published_fragment_file_unique_RNA_match
2_TGGCCAATCTTGGATA-1	TGGCCAATCTTGGATA-1	2	LVG1	OS	Muller glia	published_fragment_file_unique_RNA_match
2_GTCTAATCAGGCATCT-1	GTCTAATCAGGCATCT-1	2	LVG1	OS	Muller glia	published_fragment_file_unique_RNA_match
2_TAACCGGTCCCGAAGC-1	TAACCGGTCCCGAAGC-1	2	LVG1	OS	Muller glia	published_fragment_file_unique_RNA_match
2_GATCCGTCATTCCTCG-1	GATCCGTCATTCCTCG-1	2	LVG1	OS	Muller glia	published_fragment_file_unique_RNA_match
2_TAGCTAATCTCAATGA-1	TAGCTAATCTCAATGA-1	2	LVG1	OS	Muller glia	published_fragment_file_unique_RNA_match
2_TAGGAACCAGGTTACC-1	TAGGAACCAGGTTACC-1	2	LVG1	OS	Muller glia	published_fragment_file_unique_RNA_match
2_CTTTGAGCAAGATTCT-1	CTTTGAGCAAGATTCT-1	2	LVG1	OS	Muller glia	published_fragment_file_unique_RNA_match
2_AGGCAATCATATTGAC-1	AGGCAATCATATTGAC-1	2	LVG1	OS	Muller glia	published_fragment_file_unique_RNA_match
2_CGCAAATTCAGTTCCC-1	CGCAAATTCAGTTCCC-1	2	LVG1	OS	Muller glia	published_fragment_file_unique_RNA_match
2_CTAGGCGGTTTGGCGG-1	CTAGGCGGTTTGGCGG-1	2	LVG1	OS	Muller glia	published_fragment_file_unique_RNA_match
2_GATCCGTCATAGCGGA-1	GATCCGTCATAGCGGA-1	2	LVG1	OS	Muller glia	published_fragment_file_unique_RNA_match
2_CAAGGCTGTTCGCTCA-1	CAAGGCTGTTCGCTCA-1	2	LVG1	OS	Muller glia	published_fragment_file_unique_RNA_match
2_AGGTCCGGTTGACTTC-1	AGGTCCGGTTGACTTC-1	2	LVG1	OS	Muller glia	published_fragment_file_unique_RNA_match
2_TGCATCCTCTTAAGTG-1	TGCATCCTCTTAAGTG-1	2	LVG1	OS	Muller glia	published_fragment_file_unique_RNA_match
2_AGATGCTTCATGGCCA-1	AGATGCTTCATGGCCA-1	2	LVG1	OS	Muller glia	published_fragment_file_unique_RNA_match
2_TTGGTGAGTTCCTCCT-1	TTGGTGAGTTCCTCCT-1	2	LVG1	OS	Muller glia	published_fragment_file_unique_RNA_match
2_TTAAGGTGTCAAAGAA-1	TTAAGGTGTCAAAGAA-1	2	LVG1	OS	Muller glia	published_fragment_file_unique_RNA_match
2_TCATTACTCAATGAGG-1	TCATTACTCAATGAGG-1	2	LVG1	OS	Muller glia	published_fragment_file_unique_RNA_match
2_AGAACAAGTGAAGCCT-1	AGAACAAGTGAAGCCT-1	2	LVG1	OS	Muller glia	published_fragment_file_unique_RNA_match
2_TCAGCCTTCGTGCTAG-1	TCAGCCTTCGTGCTAG-1	2	LVG1	OS	Muller glia	published_fragment_file_unique_RNA_match
2_AAAGCCCGTGGAAGGC-1	AAAGCCCGTGGAAGGC-1	2	LVG1	OS	Muller glia	published_fragment_file_unique_RNA_match
2_CTTTATGGTCAGGCAT-1	CTTTATGGTCAGGCAT-1	2	LVG1	OS	Muller glia	published_fragment_file_unique_RNA_match
2_TCAGGTCCAAGGTATA-1	TCAGGTCCAAGGTATA-1	2	LVG1	OS	Muller glia	published_fragment_file_unique_RNA_match
2_AAGGTGCAGTTGGATC-1	AAGGTGCAGTTGGATC-1	2	LVG1	OS	Muller glia	published_fragment_file_unique_RNA_match
2_GGTTGAGCAACTGGGA-1	GGTTGAGCAACTGGGA-1	2	LVG1	OS	Muller glia	published_fragment_file_unique_RNA_match
2_CCCGTTGTCCGCCTAT-1	CCCGTTGTCCGCCTAT-1	2	LVG1	OS	Muller glia	published_fragment_file_unique_RNA_match
2_TTTCTTGCATCCTAGA-1	TTTCTTGCATCCTAGA-1	2	LVG1	OS	Muller glia	published_fragment_file_unique_RNA_match
2_TAGCTAATCAATACGC-1	TAGCTAATCAATACGC-1	2	LVG1	OS	Muller glia	published_fragment_file_unique_RNA_match
2_TTCGTGCTCCTCACAC-1	TTCGTGCTCCTCACAC-1	2	LVG1	OS	Muller glia	published_fragment_file_unique_RNA_match
2_TCGGTTTGTTCCATTA-1	TCGGTTTGTTCCATTA-1	2	LVG1	OS	Muller glia	published_fragment_file_unique_RNA_match
2_TCAGGAGCATACTCCT-1	TCAGGAGCATACTCCT-1	2	LVG1	OS	Muller glia	published_fragment_file_unique_RNA_match
2_CGCCAAATCAATAGCC-1	CGCCAAATCAATAGCC-1	2	LVG1	OS	Muller glia	published_fragment_file_unique_RNA_match
2_AGGGTTGCACTTAGGC-1	AGGGTTGCACTTAGGC-1	2	LVG1	OS	Muller glia	published_fragment_file_unique_RNA_match
2_CATCCTGGTTAATCGG-1	CATCCTGGTTAATCGG-1	2	LVG1	OS	Muller glia	published_fragment_file_unique_RNA_match
2_CAGGTTAGTGGGAACA-1	CAGGTTAGTGGGAACA-1	2	LVG1	OS	Muller glia	published_fragment_file_unique_RNA_match
2_GTCCTCCCAAGCGATG-1	GTCCTCCCAAGCGATG-1	2	LVG1	OS	Muller glia	published_fragment_file_unique_RNA_match
2_GTTAATGTCGAAGTAG-1	GTTAATGTCGAAGTAG-1	2	LVG1	OS	Muller glia	published_fragment_file_unique_RNA_match
2_AATGAAGGTGCATCGG-1	AATGAAGGTGCATCGG-1	2	LVG1	OS	Muller glia	published_fragment_file_unique_RNA_match
2_TTCTTAGGTGACATGC-1	TTCTTAGGTGACATGC-1	2	LVG1	OS	Muller glia	published_fragment_file_unique_RNA_match
2_CCTCAAACACCGTTCC-1	CCTCAAACACCGTTCC-1	2	LVG1	OS	Muller glia	published_fragment_file_unique_RNA_match
2_ACGGTTTAGACAACAG-1	ACGGTTTAGACAACAG-1	2	LVG1	OS	Muller glia	published_fragment_file_unique_RNA_match
2_GAACCGCTCAGGATGA-1	GAACCGCTCAGGATGA-1	2	LVG1	OS	Muller glia	published_fragment_file_unique_RNA_match
2_CCTAGTTGTCACGGAT-1	CCTAGTTGTCACGGAT-1	2	LVG1	OS	Muller glia	published_fragment_file_unique_RNA_match
2_GCCCAAATCGCTTCTA-1	GCCCAAATCGCTTCTA-1	2	LVG1	OS	Muller glia	published_fragment_file_unique_RNA_match
2_ATCACTAAGTATTGTG-1	ATCACTAAGTATTGTG-1	2	LVG1	OS	Muller glia	published_fragment_file_unique_RNA_match
2_GATTACGGTTTCGCCA-1	GATTACGGTTTCGCCA-1	2	LVG1	OS	Muller glia	published_fragment_file_unique_RNA_match
2_GGTTTCTGTGAGAAAC-1	GGTTTCTGTGAGAAAC-1	2	LVG1	OS	Muller glia	published_fragment_file_unique_RNA_match
2_GCACGCTAGTCACCTC-1	GCACGCTAGTCACCTC-1	2	LVG1	OS	Muller glia	published_fragment_file_unique_RNA_match
2_ACCCTCCCAGTAATAG-1	ACCCTCCCAGTAATAG-1	2	LVG1	OS	Muller glia	published_fragment_file_unique_RNA_match
2_ATCCCGCGTTGGTTGA-1	ATCCCGCGTTGGTTGA-1	2	LVG1	OS	Muller glia	published_fragment_file_unique_RNA_match
2_TGATCAGGTACGGTAC-1	TGATCAGGTACGGTAC-1	2	LVG1	OS	Muller glia	published_fragment_file_unique_RNA_match
2_ATGGCCGGTGCCTCAC-1	ATGGCCGGTGCCTCAC-1	2	LVG1	OS	Muller glia	published_fragment_file_unique_RNA_match
2_CACATAATCGGTTAGT-1	CACATAATCGGTTAGT-1	2	LVG1	OS	Muller glia	published_fragment_file_unique_RNA_match
2_CACATAATCATCCTGC-1	CACATAATCATCCTGC-1	2	LVG1	OS	Muller glia	published_fragment_file_unique_RNA_match
2_ACCCAGGGTTAAGGCC-1	ACCCAGGGTTAAGGCC-1	2	LVG1	OS	Muller glia	published_fragment_file_unique_RNA_match
2_CTAATCTTCGGGATTT-1	CTAATCTTCGGGATTT-1	2	LVG1	OS	Muller glia	published_fragment_file_unique_RNA_match
2_ACAACATGTAGCTGCG-1	ACAACATGTAGCTGCG-1	2	LVG1	OS	Muller glia	published_fragment_file_unique_RNA_match
2_GCACGAACATACTCCT-1	GCACGAACATACTCCT-1	2	LVG1	OS	Muller glia	published_fragment_file_unique_RNA_match
2_GTACCTTGTTTAGCTC-1	GTACCTTGTTTAGCTC-1	2	LVG1	OS	Muller glia	published_fragment_file_unique_RNA_match
2_TTCGTGCTCGGTAACT-1	TTCGTGCTCGGTAACT-1	2	LVG1	OS	Muller glia	published_fragment_file_unique_RNA_match
2_TGGTGCATCCAATAGC-1	TGGTGCATCCAATAGC-1	2	LVG1	OS	Muller glia	published_fragment_file_unique_RNA_match
2_CTTGTTTAGAATCGCT-1	CTTGTTTAGAATCGCT-1	2	LVG1	OS	Muller glia	published_fragment_file_unique_RNA_match
2_TACCTGCTCATTCATC-1	TACCTGCTCATTCATC-1	2	LVG1	OS	Muller glia	published_fragment_file_unique_RNA_match
2_CCATATTTCAGCACGC-1	CCATATTTCAGCACGC-1	2	LVG1	OS	Muller glia	published_fragment_file_unique_RNA_match
2_TCTAGCCTCGCAACAT-1	TCTAGCCTCGCAACAT-1	2	LVG1	OS	Muller glia	published_fragment_file_unique_RNA_match
2_GTCAAACTCAATCTAG-1	GTCAAACTCAATCTAG-1	2	LVG1	OS	Muller glia	published_fragment_file_unique_RNA_match
2_GAAGGCTAGAACCTAC-1	GAAGGCTAGAACCTAC-1	2	LVG1	OS	Muller glia	published_fragment_file_unique_RNA_match
2_CTCAGGATCTAAGGAG-1	CTCAGGATCTAAGGAG-1	2	LVG1	OS	Muller glia	published_fragment_file_unique_RNA_match
2_ATAAGCCTCACAGCGC-1	ATAAGCCTCACAGCGC-1	2	LVG1	OS	Muller glia	published_fragment_file_unique_RNA_match
2_CTTATTGGTCAATGTG-1	CTTATTGGTCAATGTG-1	2	LVG1	OS	Muller glia	published_fragment_file_unique_RNA_match
2_CCAGGATGTAGTTACG-1	CCAGGATGTAGTTACG-1	2	LVG1	OS	Muller glia	published_fragment_file_unique_RNA_match
2_GAGTGATCAAGTGTCC-1	GAGTGATCAAGTGTCC-1	2	LVG1	OS	Muller glia	published_fragment_file_unique_RNA_match
2_CACTAAGGTTGGTTGA-1	CACTAAGGTTGGTTGA-1	2	LVG1	OS	Muller glia	published_fragment_file_unique_RNA_match
2_GATTCCTGTTAAGGTT-1	GATTCCTGTTAAGGTT-1	2	LVG1	OS	Muller glia	published_fragment_file_unique_RNA_match
2_TGCAAGCGTAACGAGG-1	TGCAAGCGTAACGAGG-1	2	LVG1	OS	Muller glia	published_fragment_file_unique_RNA_match
3_TAGCGGCTCTAATTGG-1	TAGCGGCTCTAATTGG-1	3	LGS1	OD	Muller glia	published_fragment_file_unique_RNA_match
3_GCCTTTGGTCCTAACT-1	GCCTTTGGTCCTAACT-1	3	LGS1	OD	Muller glia	published_fragment_file_unique_RNA_match
3_AAGTGCAAGGCGTAAA-1	AAGTGCAAGGCGTAAA-1	3	LGS1	OD	Muller glia	published_fragment_file_unique_RNA_match
3_TCCAGGTCAAGGTCCT-1	TCCAGGTCAAGGTCCT-1	3	LGS1	OD	Muller glia	published_fragment_file_unique_RNA_match
3_CAAGTAACACGGTTTA-1	CAAGTAACACGGTTTA-1	3	LGS1	OD	Muller glia	published_fragment_file_unique_RNA_match
3_ACCCAACCAGGTTACC-1	ACCCAACCAGGTTACC-1	3	LGS1	OD	Muller glia	published_fragment_file_unique_RNA_match
3_TTCGTTAGTGTTTGCT-1	TTCGTTAGTGTTTGCT-1	3	LGS1	OD	Muller glia	published_fragment_file_unique_RNA_match
3_CATAGGCGTAAATTGC-1	CATAGGCGTAAATTGC-1	3	LGS1	OD	Muller glia	published_fragment_file_unique_RNA_match
3_TGGTTGAGTTGTGATG-1	TGGTTGAGTTGTGATG-1	3	LGS1	OD	Muller glia	published_fragment_file_unique_RNA_match
3_GGCCTAATCCTAAGAC-1	GGCCTAATCCTAAGAC-1	3	LGS1	OD	Muller glia	published_fragment_file_unique_RNA_match
3_GTTACTCGTATACTGG-1	GTTACTCGTATACTGG-1	3	LGS1	OD	Muller glia	published_fragment_file_unique_RNA_match
3_TATCCAGCAAGCGAGC-1	TATCCAGCAAGCGAGC-1	3	LGS1	OD	Muller glia	published_fragment_file_unique_RNA_match
3_TTAAGTGTCATAACCA-1	TTAAGTGTCATAACCA-1	3	LGS1	OD	Muller glia	published_fragment_file_unique_RNA_match
3_ACCCTCCCATTAGGCC-1	ACCCTCCCATTAGGCC-1	3	LGS1	OD	Muller glia	published_fragment_file_unique_RNA_match
3_GGAGCGATCTTAGTCT-1	GGAGCGATCTTAGTCT-1	3	LGS1	OD	Muller glia	published_fragment_file_unique_RNA_match
3_TAACCAGGTTGTTGTC-1	TAACCAGGTTGTTGTC-1	3	LGS1	OD	Muller glia	published_fragment_file_unique_RNA_match
3_GTTGTTGCAACTAGCC-1	GTTGTTGCAACTAGCC-1	3	LGS1	OD	Muller glia	published_fragment_file_unique_RNA_match
3_GCCAGGAAGGACAATG-1	GCCAGGAAGGACAATG-1	3	LGS1	OD	Muller glia	published_fragment_file_unique_RNA_match
3_AGCCTGGGTTGCGGAT-1	AGCCTGGGTTGCGGAT-1	3	LGS1	OD	Muller glia	published_fragment_file_unique_RNA_match
3_AACGACAAGGTCCTGA-1	AACGACAAGGTCCTGA-1	3	LGS1	OD	Muller glia	published_fragment_file_unique_RNA_match
3_CTATTCAGTGTTGTAG-1	CTATTCAGTGTTGTAG-1	3	LGS1	OD	Muller glia	published_fragment_file_unique_RNA_match
3_GAGTCATTCAGCCAAT-1	GAGTCATTCAGCCAAT-1	3	LGS1	OD	Muller glia	published_fragment_file_unique_RNA_match
3_CCATTGTGTGGGAACA-1	CCATTGTGTGGGAACA-1	3	LGS1	OD	Muller glia	published_fragment_file_unique_RNA_match
3_ACCAAGCGTGCCTCAC-1	ACCAAGCGTGCCTCAC-1	3	LGS1	OD	Muller glia	published_fragment_file_unique_RNA_match
3_CTTTAGGCAAACCCTA-1	CTTTAGGCAAACCCTA-1	3	LGS1	OD	Muller glia	published_fragment_file_unique_RNA_match
3_AGGGTTGCATGTCAAT-1	AGGGTTGCATGTCAAT-1	3	LGS1	OD	Muller glia	published_fragment_file_unique_RNA_match
3_TCATTTGGTGTCCAAA-1	TCATTTGGTGTCCAAA-1	3	LGS1	OD	Muller glia	published_fragment_file_unique_RNA_match
3_TACCGTTGTTAAGTGT-1	TACCGTTGTTAAGTGT-1	3	LGS1	OD	Muller glia	published_fragment_file_unique_RNA_match
3_GGCGGTTTCCTTTACG-1	GGCGGTTTCCTTTACG-1	3	LGS1	OD	Muller glia	published_fragment_file_unique_RNA_match
3_TCCTGTTCAAACGGGC-1	TCCTGTTCAAACGGGC-1	3	LGS1	OD	Muller glia	published_fragment_file_unique_RNA_match
3_GTTTAGCAGTATTGTG-1	GTTTAGCAGTATTGTG-1	3	LGS1	OD	Muller glia	published_fragment_file_unique_RNA_match
3_GAGGCAAGTGTTTGTC-1	GAGGCAAGTGTTTGTC-1	3	LGS1	OD	Muller glia	published_fragment_file_unique_RNA_match
3_ACCATTAAGGTTTGAC-1	ACCATTAAGGTTTGAC-1	3	LGS1	OD	Muller glia	published_fragment_file_unique_RNA_match
3_ATCACACAGCACAGCC-1	ATCACACAGCACAGCC-1	3	LGS1	OD	Muller glia	published_fragment_file_unique_RNA_match
3_GTGAGGAGTTGTGATG-1	GTGAGGAGTTGTGATG-1	3	LGS1	OD	Muller glia	published_fragment_file_unique_RNA_match
3_TCTAATCTCACCTGTC-1	TCTAATCTCACCTGTC-1	3	LGS1	OD	Muller glia	published_fragment_file_unique_RNA_match
3_ACCAATATCAATGAGG-1	ACCAATATCAATGAGG-1	3	LGS1	OD	Muller glia	published_fragment_file_unique_RNA_match
3_CTAAGTCAGCTGGCTA-1	CTAAGTCAGCTGGCTA-1	3	LGS1	OD	Muller glia	published_fragment_file_unique_RNA_match
3_TCAGCGATCGAGCTAT-1	TCAGCGATCGAGCTAT-1	3	LGS1	OD	Muller glia	published_fragment_file_unique_RNA_match
3_CGAGCGAAGTTAGCCG-1	CGAGCGAAGTTAGCCG-1	3	LGS1	OD	Muller glia	published_fragment_file_unique_RNA_match
3_CGGAGTCTCCTAATGA-1	CGGAGTCTCCTAATGA-1	3	LGS1	OD	Muller glia	published_fragment_file_unique_RNA_match
3_GTGTAACTCGTCAAGT-1	GTGTAACTCGTCAAGT-1	3	LGS1	OD	Muller glia	published_fragment_file_unique_RNA_match
3_GTATCGCCATGTTGTG-1	GTATCGCCATGTTGTG-1	3	LGS1	OD	Muller glia	published_fragment_file_unique_RNA_match
3_AGCAACAAGCGGATAA-1	AGCAACAAGCGGATAA-1	3	LGS1	OD	Muller glia	published_fragment_file_unique_RNA_match
3_GTGCTCAAGTATCGCG-1	GTGCTCAAGTATCGCG-1	3	LGS1	OD	Muller glia	published_fragment_file_unique_RNA_match
3_TGTTGTGCAAAGCTCC-1	TGTTGTGCAAAGCTCC-1	3	LGS1	OD	Muller glia	published_fragment_file_unique_RNA_match
3_AATTGGGAGTAGCTTA-1	AATTGGGAGTAGCTTA-1	3	LGS1	OD	Muller glia	published_fragment_file_unique_RNA_match
3_GATTACTCATGTTTGG-1	GATTACTCATGTTTGG-1	3	LGS1	OD	Muller glia	published_fragment_file_unique_RNA_match
3_GCCATGATCTCCATGC-1	GCCATGATCTCCATGC-1	3	LGS1	OD	Muller glia	published_fragment_file_unique_RNA_match
3_GAGGCTTGTATGGTGC-1	GAGGCTTGTATGGTGC-1	3	LGS1	OD	Muller glia	published_fragment_file_unique_RNA_match
3_CATTGCGAGAAGGTGC-1	CATTGCGAGAAGGTGC-1	3	LGS1	OD	Muller glia	published_fragment_file_unique_RNA_match
3_TAGGGTTTCATTTGCT-1	TAGGGTTTCATTTGCT-1	3	LGS1	OD	Muller glia	published_fragment_file_unique_RNA_match
3_AAGGTGCAGGCTACTG-1	AAGGTGCAGGCTACTG-1	3	LGS1	OD	Muller glia	published_fragment_file_unique_RNA_match
3_CCGTTATGTCACACCC-1	CCGTTATGTCACACCC-1	3	LGS1	OD	Muller glia	published_fragment_file_unique_RNA_match
3_CGAAGTAAGACAAGTG-1	CGAAGTAAGACAAGTG-1	3	LGS1	OD	Muller glia	published_fragment_file_unique_RNA_match
3_GTCCATTGTCAGGAAG-1	GTCCATTGTCAGGAAG-1	3	LGS1	OD	Muller glia	published_fragment_file_unique_RNA_match
3_TGGACAAAGTCAGTAC-1	TGGACAAAGTCAGTAC-1	3	LGS1	OD	Muller glia	published_fragment_file_unique_RNA_match
3_CAAACGCGTTAGAGCC-1	CAAACGCGTTAGAGCC-1	3	LGS1	OD	Muller glia	published_fragment_file_unique_RNA_match
3_GTTGTTGCACAACCTA-1	GTTGTTGCACAACCTA-1	3	LGS1	OD	Muller glia	published_fragment_file_unique_RNA_match
3_TTCATCCCATGGAGGC-1	TTCATCCCATGGAGGC-1	3	LGS1	OD	Muller glia	published_fragment_file_unique_RNA_match
3_GCGCAAACAGTCTAAT-1	GCGCAAACAGTCTAAT-1	3	LGS1	OD	Muller glia	published_fragment_file_unique_RNA_match
3_GTTACGCCATCAGTAT-1	GTTACGCCATCAGTAT-1	3	LGS1	OD	Muller glia	published_fragment_file_unique_RNA_match
3_CTAGCTTGTTTAGCGA-1	CTAGCTTGTTTAGCGA-1	3	LGS1	OD	Muller glia	published_fragment_file_unique_RNA_match
3_ACGCCTTTCTGCAACG-1	ACGCCTTTCTGCAACG-1	3	LGS1	OD	Muller glia	published_fragment_file_unique_RNA_match
3_CCGCTAGCAGGAACCA-1	CCGCTAGCAGGAACCA-1	3	LGS1	OD	Muller glia	published_fragment_file_unique_RNA_match
3_TGTCAGTAGCTTTGTT-1	TGTCAGTAGCTTTGTT-1	3	LGS1	OD	Muller glia	published_fragment_file_unique_RNA_match
3_AGTCAAGAGATGGACA-1	AGTCAAGAGATGGACA-1	3	LGS1	OD	Muller glia	published_fragment_file_unique_RNA_match
3_CCTGAATAGGAACGGT-1	CCTGAATAGGAACGGT-1	3	LGS1	OD	Muller glia	published_fragment_file_unique_RNA_match
3_CACTAAGGTTCCAGGG-1	CACTAAGGTTCCAGGG-1	3	LGS1	OD	Muller glia	published_fragment_file_unique_RNA_match
3_GGTTACCCAGCTCAAC-1	GGTTACCCAGCTCAAC-1	3	LGS1	OD	Muller glia	published_fragment_file_unique_RNA_match
3_GTCATCCTCGCTTCTA-1	GTCATCCTCGCTTCTA-1	3	LGS1	OD	Muller glia	published_fragment_file_unique_RNA_match
3_CAGGTTTAGTAGGATG-1	CAGGTTTAGTAGGATG-1	3	LGS1	OD	Muller glia	published_fragment_file_unique_RNA_match
3_AGCTACGTCATGCATA-1	AGCTACGTCATGCATA-1	3	LGS1	OD	Muller glia	published_fragment_file_unique_RNA_match
3_GTATTCAAGCTCAAAC-1	GTATTCAAGCTCAAAC-1	3	LGS1	OD	Muller glia	published_fragment_file_unique_RNA_match
3_GTTCATTTCTCTAGCC-1	GTTCATTTCTCTAGCC-1	3	LGS1	OD	Muller glia	published_fragment_file_unique_RNA_match
3_CCGATGCAGCTCCTAC-1	CCGATGCAGCTCCTAC-1	3	LGS1	OD	Muller glia	published_fragment_file_unique_RNA_match
3_GGTACAAAGGGCTAAA-1	GGTACAAAGGGCTAAA-1	3	LGS1	OD	Muller glia	published_fragment_file_unique_RNA_match
3_AGTCCTGAGCTTACTT-1	AGTCCTGAGCTTACTT-1	3	LGS1	OD	Muller glia	published_fragment_file_unique_RNA_match
3_GCCTTAGAGCAGGTGG-1	GCCTTAGAGCAGGTGG-1	3	LGS1	OD	Muller glia	published_fragment_file_unique_RNA_match
3_GTTTCTAGTCATCAAG-1	GTTTCTAGTCATCAAG-1	3	LGS1	OD	Muller glia	published_fragment_file_unique_RNA_match
3_AACAGCAAGACACCGC-1	AACAGCAAGACACCGC-1	3	LGS1	OD	Muller glia	published_fragment_file_unique_RNA_match
3_TACCTGCTCGCGACAC-1	TACCTGCTCGCGACAC-1	3	LGS1	OD	Muller glia	published_fragment_file_unique_RNA_match
3_ACGAACAAGTTGTCAA-1	ACGAACAAGTTGTCAA-1	3	LGS1	OD	Muller glia	published_fragment_file_unique_RNA_match
3_CACATACAGGTCGAGG-1	CACATACAGGTCGAGG-1	3	LGS1	OD	Muller glia	published_fragment_file_unique_RNA_match
3_ATCACAATCGCTAGTG-1	ATCACAATCGCTAGTG-1	3	LGS1	OD	Muller glia	published_fragment_file_unique_RNA_match
3_GTCAATATCATCAGTA-1	GTCAATATCATCAGTA-1	3	LGS1	OD	Muller glia	published_fragment_file_unique_RNA_match
3_GACGCAACACAATGTT-1	GACGCAACACAATGTT-1	3	LGS1	OD	Muller glia	published_fragment_file_unique_RNA_match
3_TAACAAGCAGGTATTT-1	TAACAAGCAGGTATTT-1	3	LGS1	OD	Muller glia	published_fragment_file_unique_RNA_match
3_AAGCTAGAGCTGGACC-1	AAGCTAGAGCTGGACC-1	3	LGS1	OD	Muller glia	published_fragment_file_unique_RNA_match
3_TATAACCCACGAATCC-1	TATAACCCACGAATCC-1	3	LGS1	OD	Muller glia	published_fragment_file_unique_RNA_match
3_GGAAGCTAGTCATTAG-1	GGAAGCTAGTCATTAG-1	3	LGS1	OD	Muller glia	published_fragment_file_unique_RNA_match
3_CGCCACACATTAAGTC-1	CGCCACACATTAAGTC-1	3	LGS1	OD	Muller glia	published_fragment_file_unique_RNA_match
3_ACAGGTAAGGGTTATC-1	ACAGGTAAGGGTTATC-1	3	LGS1	OD	Muller glia	published_fragment_file_unique_RNA_match
3_GATTCATCACTATGGC-1	GATTCATCACTATGGC-1	3	LGS1	OD	Muller glia	published_fragment_file_unique_RNA_match
3_CAGTACCCATAGCTTG-1	CAGTACCCATAGCTTG-1	3	LGS1	OD	Muller glia	published_fragment_file_unique_RNA_match
3_GTGCATTAGCTGTCAG-1	GTGCATTAGCTGTCAG-1	3	LGS1	OD	Muller glia	published_fragment_file_unique_RNA_match
3_TCCTAGTGTGTGTGGT-1	TCCTAGTGTGTGTGGT-1	3	LGS1	OD	Muller glia	published_fragment_file_unique_RNA_match
3_ACGCCACAGCTCAAAC-1	ACGCCACAGCTCAAAC-1	3	LGS1	OD	Muller glia	published_fragment_file_unique_RNA_match
3_ACTGAATGTTGTGATG-1	ACTGAATGTTGTGATG-1	3	LGS1	OD	Muller glia	published_fragment_file_unique_RNA_match
3_AAGTTAGCATTTAAGC-1	AAGTTAGCATTTAAGC-1	3	LGS1	OD	Muller glia	published_fragment_file_unique_RNA_match
3_CAGAATCTCGGTTAGT-1	CAGAATCTCGGTTAGT-1	3	LGS1	OD	Muller glia	published_fragment_file_unique_RNA_match
3_CTTCTAAGTTTGCAGA-1	CTTCTAAGTTTGCAGA-1	3	LGS1	OD	Muller glia	published_fragment_file_unique_RNA_match
3_AGTAGGATCGGTCAGC-1	AGTAGGATCGGTCAGC-1	3	LGS1	OD	Muller glia	published_fragment_file_unique_RNA_match
3_TGATCAATCTCGCCTG-1	TGATCAATCTCGCCTG-1	3	LGS1	OD	Muller glia	published_fragment_file_unique_RNA_match
3_AGGCGGATCAAGCTTA-1	AGGCGGATCAAGCTTA-1	3	LGS1	OD	Muller glia	published_fragment_file_unique_RNA_match
3_GATTATGTCCGCACAA-1	GATTATGTCCGCACAA-1	3	LGS1	OD	Muller glia	published_fragment_file_unique_RNA_match
3_TCCACAACAGGATTAA-1	TCCACAACAGGATTAA-1	3	LGS1	OD	Muller glia	published_fragment_file_unique_RNA_match
3_TAGCTTAAGTGAGGTA-1	TAGCTTAAGTGAGGTA-1	3	LGS1	OD	Muller glia	published_fragment_file_unique_RNA_match
3_GCGGTTATCCTAGTCC-1	GCGGTTATCCTAGTCC-1	3	LGS1	OD	Muller glia	published_fragment_file_unique_RNA_match
3_TCTAGCACATGTTTGG-1	TCTAGCACATGTTTGG-1	3	LGS1	OD	Muller glia	published_fragment_file_unique_RNA_match
3_CGGGTATGTCCAAGAC-1	CGGGTATGTCCAAGAC-1	3	LGS1	OD	Muller glia	published_fragment_file_unique_RNA_match
3_TCGTTAAAGCCTGATG-1	TCGTTAAAGCCTGATG-1	3	LGS1	OD	Muller glia	published_fragment_file_unique_RNA_match
3_CCCTGGACAATTTAGC-1	CCCTGGACAATTTAGC-1	3	LGS1	OD	Muller glia	published_fragment_file_unique_RNA_match
3_TCTCAATTCCAGGTTG-1	TCTCAATTCCAGGTTG-1	3	LGS1	OD	Muller glia	published_fragment_file_unique_RNA_match
3_GCGCTTGCACTCAACA-1	GCGCTTGCACTCAACA-1	3	LGS1	OD	Muller glia	published_fragment_file_unique_RNA_match
3_CGATTGAGTTTGGCTT-1	CGATTGAGTTTGGCTT-1	3	LGS1	OD	Muller glia	published_fragment_file_unique_RNA_match
3_ATATGCATCATGCTCC-1	ATATGCATCATGCTCC-1	3	LGS1	OD	Muller glia	published_fragment_file_unique_RNA_match
3_GTCATTAAGGGCTTAT-1	GTCATTAAGGGCTTAT-1	3	LGS1	OD	Muller glia	published_fragment_file_unique_RNA_match
3_TTAGGATGTTAACGAT-1	TTAGGATGTTAACGAT-1	3	LGS1	OD	Muller glia	published_fragment_file_unique_RNA_match
3_GCTAGCTCATTAGCCA-1	GCTAGCTCATTAGCCA-1	3	LGS1	OD	Muller glia	published_fragment_file_unique_RNA_match
3_CTCATTTAGTTGGGCC-1	CTCATTTAGTTGGGCC-1	3	LGS1	OD	Muller glia	published_fragment_file_unique_RNA_match
3_TATCCAGCATTGACAT-1	TATCCAGCATTGACAT-1	3	LGS1	OD	Muller glia	published_fragment_file_unique_RNA_match
3_GAGGCAAGTTAGGCGT-1	GAGGCAAGTTAGGCGT-1	3	LGS1	OD	Muller glia	published_fragment_file_unique_RNA_match
3_GCTTGACCAGCAAGAT-1	GCTTGACCAGCAAGAT-1	3	LGS1	OD	Muller glia	published_fragment_file_unique_RNA_match
3_TGGTTAATCGGTTTGG-1	TGGTTAATCGGTTTGG-1	3	LGS1	OD	Muller glia	published_fragment_file_unique_RNA_match
3_CCGCACACAATCCTGA-1	CCGCACACAATCCTGA-1	3	LGS1	OD	Muller glia	published_fragment_file_unique_RNA_match
3_TCAGGTTAGCTCCTAC-1	TCAGGTTAGCTCCTAC-1	3	LGS1	OD	Muller glia	published_fragment_file_unique_RNA_match
3_TTGTTGCGTTCCAGGG-1	TTGTTGCGTTCCAGGG-1	3	LGS1	OD	Muller glia	published_fragment_file_unique_RNA_match
3_ACTCACCTCGTACCGA-1	ACTCACCTCGTACCGA-1	3	LGS1	OD	Muller glia	published_fragment_file_unique_RNA_match
3_GGTACCGGTATTTGGG-1	GGTACCGGTATTTGGG-1	3	LGS1	OD	Muller glia	published_fragment_file_unique_RNA_match
3_TGCAATATCCACCCTG-1	TGCAATATCCACCCTG-1	3	LGS1	OD	Muller glia	published_fragment_file_unique_RNA_match
3_AATCCGTAGTGTTGTA-1	AATCCGTAGTGTTGTA-1	3	LGS1	OD	Muller glia	published_fragment_file_unique_RNA_match
3_ACAAAGGTCTTGGATA-1	ACAAAGGTCTTGGATA-1	3	LGS1	OD	Muller glia	published_fragment_file_unique_RNA_match
3_TACTCAAAGGCACAGG-1	TACTCAAAGGCACAGG-1	3	LGS1	OD	Muller glia	published_fragment_file_unique_RNA_match
3_CCTAAGCCACGAACAG-1	CCTAAGCCACGAACAG-1	3	LGS1	OD	Muller glia	published_fragment_file_unique_RNA_match
3_TAGGGTTTCTTTGACT-1	TAGGGTTTCTTTGACT-1	3	LGS1	OD	Muller glia	published_fragment_file_unique_RNA_match
3_CCCTCATAGACTTATG-1	CCCTCATAGACTTATG-1	3	LGS1	OD	Muller glia	published_fragment_file_unique_RNA_match
3_CTGGACCAGCCAAATC-1	CTGGACCAGCCAAATC-1	3	LGS1	OD	Muller glia	published_fragment_file_unique_RNA_match
3_GATTCATCACAACAGG-1	GATTCATCACAACAGG-1	3	LGS1	OD	Muller glia	published_fragment_file_unique_RNA_match
3_GGCTAGACAGGACCAA-1	GGCTAGACAGGACCAA-1	3	LGS1	OD	Muller glia	published_fragment_file_unique_RNA_match
3_TAGTGAGAGAATCGCT-1	TAGTGAGAGAATCGCT-1	3	LGS1	OD	Muller glia	published_fragment_file_unique_RNA_match
3_AGGTACGCAGGCATGA-1	AGGTACGCAGGCATGA-1	3	LGS1	OD	Muller glia	published_fragment_file_unique_RNA_match
3_CATAGGCGTAGGATTT-1	CATAGGCGTAGGATTT-1	3	LGS1	OD	Muller glia	published_fragment_file_unique_RNA_match
3_CCCGTTGTCCATTACT-1	CCCGTTGTCCATTACT-1	3	LGS1	OD	Muller glia	published_fragment_file_unique_RNA_match
3_TGGGCATGTAGTTGGC-1	TGGGCATGTAGTTGGC-1	3	LGS1	OD	Muller glia	published_fragment_file_unique_RNA_match
3_ATTAGCGGTGGATGTC-1	ATTAGCGGTGGATGTC-1	3	LGS1	OD	Muller glia	published_fragment_file_unique_RNA_match
3_GTGTTACAGCATTAGC-1	GTGTTACAGCATTAGC-1	3	LGS1	OD	Muller glia	published_fragment_file_unique_RNA_match
3_AGTCAATGTGATTTGG-1	AGTCAATGTGATTTGG-1	3	LGS1	OD	Muller glia	published_fragment_file_unique_RNA_match
3_TTAGGCCCACACTAAT-1	TTAGGCCCACACTAAT-1	3	LGS1	OD	Muller glia	published_fragment_file_unique_RNA_match
3_ATGGCCCAGCCGCTTT-1	ATGGCCCAGCCGCTTT-1	3	LGS1	OD	Muller glia	published_fragment_file_unique_RNA_match
3_ACCCGGTAGCCTGTTC-1	ACCCGGTAGCCTGTTC-1	3	LGS1	OD	Muller glia	published_fragment_file_unique_RNA_match
3_TCTAACCGTTAAGCCA-1	TCTAACCGTTAAGCCA-1	3	LGS1	OD	Muller glia	published_fragment_file_unique_RNA_match
3_GGTCATTAGGTTAGCT-1	GGTCATTAGGTTAGCT-1	3	LGS1	OD	Muller glia	published_fragment_file_unique_RNA_match
3_GCATTGCCAGTTAAAG-1	GCATTGCCAGTTAAAG-1	3	LGS1	OD	Muller glia	published_fragment_file_unique_RNA_match
3_TCGATTAAGCCTTAAA-1	TCGATTAAGCCTTAAA-1	3	LGS1	OD	Muller glia	published_fragment_file_unique_RNA_match
3_CGCTAACCACAAACTT-1	CGCTAACCACAAACTT-1	3	LGS1	OD	Muller glia	published_fragment_file_unique_RNA_match
3_CTGTTAAAGGAGGTTA-1	CTGTTAAAGGAGGTTA-1	3	LGS1	OD	Muller glia	published_fragment_file_unique_RNA_match
3_CCTAAGGTCCGGTTAG-1	CCTAAGGTCCGGTTAG-1	3	LGS1	OD	Muller glia	published_fragment_file_unique_RNA_match
3_GTAAAGCCATAAAGCA-1	GTAAAGCCATAAAGCA-1	3	LGS1	OD	Muller glia	published_fragment_file_unique_RNA_match
3_GTGGACACAGAAATGC-1	GTGGACACAGAAATGC-1	3	LGS1	OD	Muller glia	published_fragment_file_unique_RNA_match
3_ACAACACTCCTTCTAG-1	ACAACACTCCTTCTAG-1	3	LGS1	OD	Muller glia	published_fragment_file_unique_RNA_match
3_CCCGTAAAGGAATAAC-1	CCCGTAAAGGAATAAC-1	3	LGS1	OD	Muller glia	published_fragment_file_unique_RNA_match
3_TAAGGACCACCTGGTG-1	TAAGGACCACCTGGTG-1	3	LGS1	OD	Muller glia	published_fragment_file_unique_RNA_match
3_CGGTGAGAGGTTTACA-1	CGGTGAGAGGTTTACA-1	3	LGS1	OD	Muller glia	published_fragment_file_unique_RNA_match
3_TCGCTAACAACCCTAA-1	TCGCTAACAACCCTAA-1	3	LGS1	OD	Muller glia	published_fragment_file_unique_RNA_match
3_GGCTAGTGTAATGGCC-1	GGCTAGTGTAATGGCC-1	3	LGS1	OD	Muller glia	published_fragment_file_unique_RNA_match
3_TGAGCCGGTCCTTCTC-1	TGAGCCGGTCCTTCTC-1	3	LGS1	OD	Muller glia	published_fragment_file_unique_RNA_match
3_ACTTGTAAGCGCTCAA-1	ACTTGTAAGCGCTCAA-1	3	LGS1	OD	Muller glia	published_fragment_file_unique_RNA_match
3_GTGTGTTAGCGCAATT-1	GTGTGTTAGCGCAATT-1	3	LGS1	OD	Muller glia	published_fragment_file_unique_RNA_match
3_TTAACCAAGTAGCGGG-1	TTAACCAAGTAGCGGG-1	3	LGS1	OD	Muller glia	published_fragment_file_unique_RNA_match
3_ACAGGAATCACTTCAT-1	ACAGGAATCACTTCAT-1	3	LGS1	OD	Muller glia	published_fragment_file_unique_RNA_match
3_CCAGCCTGTAAATTGC-1	CCAGCCTGTAAATTGC-1	3	LGS1	OD	Muller glia	published_fragment_file_unique_RNA_match
3_AAGCCTGTCCTAGTTT-1	AAGCCTGTCCTAGTTT-1	3	LGS1	OD	Muller glia	published_fragment_file_unique_RNA_match
3_AGGTCAAAGCGAGCGA-1	AGGTCAAAGCGAGCGA-1	3	LGS1	OD	Muller glia	published_fragment_file_unique_RNA_match
3_CGTCCTAGTAAAGCGG-1	CGTCCTAGTAAAGCGG-1	3	LGS1	OD	Muller glia	published_fragment_file_unique_RNA_match
3_GCTTTGTGTTAACGAT-1	GCTTTGTGTTAACGAT-1	3	LGS1	OD	Muller glia	published_fragment_file_unique_RNA_match
3_CTCAATAAGTGGACAA-1	CTCAATAAGTGGACAA-1	3	LGS1	OD	Muller glia	published_fragment_file_unique_RNA_match
3_AAGTTACGTAACCTAG-1	AAGTTACGTAACCTAG-1	3	LGS1	OD	Muller glia	published_fragment_file_unique_RNA_match
3_GAGTGTTTCCCTCACG-1	GAGTGTTTCCCTCACG-1	3	LGS1	OD	Muller glia	published_fragment_file_unique_RNA_match
3_CTCAATAAGAGGGACT-1	CTCAATAAGAGGGACT-1	3	LGS1	OD	Muller glia	published_fragment_file_unique_RNA_match
3_AATTGGACAAACGCGA-1	AATTGGACAAACGCGA-1	3	LGS1	OD	Muller glia	published_fragment_file_unique_RNA_match
3_GGACGAAGTTTGGCTT-1	GGACGAAGTTTGGCTT-1	3	LGS1	OD	Muller glia	published_fragment_file_unique_RNA_match
3_TGTGAAACAACAGGAT-1	TGTGAAACAACAGGAT-1	3	LGS1	OD	Muller glia	published_fragment_file_unique_RNA_match
3_AGTAATCGTCCCGAAG-1	AGTAATCGTCCCGAAG-1	3	LGS1	OD	Muller glia	published_fragment_file_unique_RNA_match
3_ACTTATGAGAGGCTAA-1	ACTTATGAGAGGCTAA-1	3	LGS1	OD	Muller glia	published_fragment_file_unique_RNA_match
3_TCAAGAACACGAACAG-1	TCAAGAACACGAACAG-1	3	LGS1	OD	Muller glia	published_fragment_file_unique_RNA_match
3_CTTTATGGTGTCCTGC-1	CTTTATGGTGTCCTGC-1	3	LGS1	OD	Muller glia	published_fragment_file_unique_RNA_match
3_TCCTAGTGTTCACCCA-1	TCCTAGTGTTCACCCA-1	3	LGS1	OD	Muller glia	published_fragment_file_unique_RNA_match
3_CTCACACTCGTACCGA-1	CTCACACTCGTACCGA-1	3	LGS1	OD	Muller glia	published_fragment_file_unique_RNA_match
3_CCGTTTGGTTAGCCAA-1	CCGTTTGGTTAGCCAA-1	3	LGS1	OD	Muller glia	published_fragment_file_unique_RNA_match
3_TTATAGCCAGCAACCT-1	TTATAGCCAGCAACCT-1	3	LGS1	OD	Muller glia	published_fragment_file_unique_RNA_match
3_GCTAGTGTCGGCCAGT-1	GCTAGTGTCGGCCAGT-1	3	LGS1	OD	Muller glia	published_fragment_file_unique_RNA_match
3_TCAGTAGGTTTGGGCG-1	TCAGTAGGTTTGGGCG-1	3	LGS1	OD	Muller glia	published_fragment_file_unique_RNA_match
3_TGAGCAAAGGAGGTTA-1	TGAGCAAAGGAGGTTA-1	3	LGS1	OD	Muller glia	published_fragment_file_unique_RNA_match
3_AGAACCAAGACACTTA-1	AGAACCAAGACACTTA-1	3	LGS1	OD	Muller glia	published_fragment_file_unique_RNA_match
3_AGAAGGTGTTGAGCCG-1	AGAAGGTGTTGAGCCG-1	3	LGS1	OD	Muller glia	published_fragment_file_unique_RNA_match
3_CCATAGCCACCTAATG-1	CCATAGCCACCTAATG-1	3	LGS1	OD	Muller glia	published_fragment_file_unique_RNA_match
3_GAGTGATCACTCAACA-1	GAGTGATCACTCAACA-1	3	LGS1	OD	Muller glia	published_fragment_file_unique_RNA_match
3_ACACAATGTCAGTAAT-1	ACACAATGTCAGTAAT-1	3	LGS1	OD	Muller glia	published_fragment_file_unique_RNA_match
3_CATCAATCATAGCGAG-1	CATCAATCATAGCGAG-1	3	LGS1	OD	Muller glia	published_fragment_file_unique_RNA_match
3_CTGTTTAGTGATGAAA-1	CTGTTTAGTGATGAAA-1	3	LGS1	OD	Muller glia	published_fragment_file_unique_RNA_match
3_CTCAATAAGTAAGTCC-1	CTCAATAAGTAAGTCC-1	3	LGS1	OD	Muller glia	published_fragment_file_unique_RNA_match
3_TTTAGGATCAAGCTTA-1	TTTAGGATCAAGCTTA-1	3	LGS1	OD	Muller glia	published_fragment_file_unique_RNA_match
3_TTCATTCAGGACAACA-1	TTCATTCAGGACAACA-1	3	LGS1	OD	Muller glia	published_fragment_file_unique_RNA_match
3_TAGTGAGAGTAACCAC-1	TAGTGAGAGTAACCAC-1	3	LGS1	OD	Muller glia	published_fragment_file_unique_RNA_match
3_ATTTGTGAGCATGACT-1	ATTTGTGAGCATGACT-1	3	LGS1	OD	Muller glia	published_fragment_file_unique_RNA_match
3_ACGTCCAAGCACGTTG-1	ACGTCCAAGCACGTTG-1	3	LGS1	OD	Muller glia	published_fragment_file_unique_RNA_match
3_TCCTCAATCAGCCAAT-1	TCCTCAATCAGCCAAT-1	3	LGS1	OD	Muller glia	published_fragment_file_unique_RNA_match
3_AGGCAGGTCCTGTTCA-1	AGGCAGGTCCTGTTCA-1	3	LGS1	OD	Muller glia	published_fragment_file_unique_RNA_match
3_TGGCCTTTCACCGGTA-1	TGGCCTTTCACCGGTA-1	3	LGS1	OD	Muller glia	published_fragment_file_unique_RNA_match
3_GCCTTAGAGTAAAGGT-1	GCCTTAGAGTAAAGGT-1	3	LGS1	OD	Muller glia	published_fragment_file_unique_RNA_match
3_TTGGCTACAGTACCGT-1	TTGGCTACAGTACCGT-1	3	LGS1	OD	Muller glia	published_fragment_file_unique_RNA_match
3_TGCATCCTCATCCTCA-1	TGCATCCTCATCCTCA-1	3	LGS1	OD	Muller glia	published_fragment_file_unique_RNA_match
3_GTAGGTGCAGTTTCTC-1	GTAGGTGCAGTTTCTC-1	3	LGS1	OD	Muller glia	published_fragment_file_unique_RNA_match
3_TCCTGTTCACGTTACA-1	TCCTGTTCACGTTACA-1	3	LGS1	OD	Muller glia	published_fragment_file_unique_RNA_match
3_GCTAGCCAGGACCTCA-1	GCTAGCCAGGACCTCA-1	3	LGS1	OD	Muller glia	published_fragment_file_unique_RNA_match
3_GAAGGAACACTGACTA-1	GAAGGAACACTGACTA-1	3	LGS1	OD	Muller glia	published_fragment_file_unique_RNA_match
3_CTGACCAAGCATGTCG-1	CTGACCAAGCATGTCG-1	3	LGS1	OD	Muller glia	published_fragment_file_unique_RNA_match
3_ATGTCAATCCGGTTAG-1	ATGTCAATCCGGTTAG-1	3	LGS1	OD	Muller glia	published_fragment_file_unique_RNA_match
3_GGTACCGGTAAATTGC-1	GGTACCGGTAAATTGC-1	3	LGS1	OD	Muller glia	published_fragment_file_unique_RNA_match
3_AAAGCGGGTAAACAAG-1	AAAGCGGGTAAACAAG-1	3	LGS1	OD	Muller glia	published_fragment_file_unique_RNA_match
3_GGATTCAGTCGCGCAA-1	GGATTCAGTCGCGCAA-1	3	LGS1	OD	Muller glia	published_fragment_file_unique_RNA_match
3_GCTTTATTCAGCCAAT-1	GCTTTATTCAGCCAAT-1	3	LGS1	OD	Muller glia	published_fragment_file_unique_RNA_match
3_TTTGTTGGTCGTAAAT-1	TTTGTTGGTCGTAAAT-1	3	LGS1	OD	Muller glia	published_fragment_file_unique_RNA_match
3_GCTTGACCACGAACAG-1	GCTTGACCACGAACAG-1	3	LGS1	OD	Muller glia	published_fragment_file_unique_RNA_match
3_GACATAGAGGCTAGAA-1	GACATAGAGGCTAGAA-1	3	LGS1	OD	Muller glia	published_fragment_file_unique_RNA_match
3_ATTTGCGCACCTAAGC-1	ATTTGCGCACCTAAGC-1	3	LGS1	OD	Muller glia	published_fragment_file_unique_RNA_match
3_ATAACGACAAGCTTAT-1	ATAACGACAAGCTTAT-1	3	LGS1	OD	Muller glia	published_fragment_file_unique_RNA_match
3_AGTCCTGAGATTGAGG-1	AGTCCTGAGATTGAGG-1	3	LGS1	OD	Muller glia	published_fragment_file_unique_RNA_match
3_CTAGTCGAGCTGTACG-1	CTAGTCGAGCTGTACG-1	3	LGS1	OD	Muller glia	published_fragment_file_unique_RNA_match
3_TTAGGCTAGCCTGATG-1	TTAGGCTAGCCTGATG-1	3	LGS1	OD	Muller glia	published_fragment_file_unique_RNA_match
3_CATTGTGCACGAACAG-1	CATTGTGCACGAACAG-1	3	LGS1	OD	Muller glia	published_fragment_file_unique_RNA_match
3_CTTCAATTCCCTCAGT-1	CTTCAATTCCCTCAGT-1	3	LGS1	OD	Muller glia	published_fragment_file_unique_RNA_match
3_AAGGATCCAGCCAGAA-1	AAGGATCCAGCCAGAA-1	3	LGS1	OD	Muller glia	published_fragment_file_unique_RNA_match
3_GCAATCTAGCAACATC-1	GCAATCTAGCAACATC-1	3	LGS1	OD	Muller glia	published_fragment_file_unique_RNA_match
3_CGTCCTAGTAGGATCC-1	CGTCCTAGTAGGATCC-1	3	LGS1	OD	Muller glia	published_fragment_file_unique_RNA_match
3_AGGATGTCACCTCAGG-1	AGGATGTCACCTCAGG-1	3	LGS1	OD	Muller glia	published_fragment_file_unique_RNA_match
3_TCGGTTCTCCTCCATA-1	TCGGTTCTCCTCCATA-1	3	LGS1	OD	Muller glia	published_fragment_file_unique_RNA_match
3_AGTGCCGGTTAATGCG-1	AGTGCCGGTTAATGCG-1	3	LGS1	OD	Muller glia	published_fragment_file_unique_RNA_match
3_GGTATTGGTAGCAGCT-1	GGTATTGGTAGCAGCT-1	3	LGS1	OD	Muller glia	published_fragment_file_unique_RNA_match
3_GACATAGAGGCTGTGC-1	GACATAGAGGCTGTGC-1	3	LGS1	OD	Muller glia	published_fragment_file_unique_RNA_match
3_GAAGGATGTCCTCCAA-1	GAAGGATGTCCTCCAA-1	3	LGS1	OD	Muller glia	published_fragment_file_unique_RNA_match
3_CTTAAGATCATTGTTC-1	CTTAAGATCATTGTTC-1	3	LGS1	OD	Muller glia	published_fragment_file_unique_RNA_match
3_ACGTTACAGGCACAGG-1	ACGTTACAGGCACAGG-1	3	LGS1	OD	Muller glia	published_fragment_file_unique_RNA_match
3_TTGGGTTAGAGGCTAA-1	TTGGGTTAGAGGCTAA-1	3	LGS1	OD	Muller glia	published_fragment_file_unique_RNA_match
3_GGATTTATCGCTCCAT-1	GGATTTATCGCTCCAT-1	3	LGS1	OD	Muller glia	published_fragment_file_unique_RNA_match
3_CAAGTTATCATTGCAA-1	CAAGTTATCATTGCAA-1	3	LGS1	OD	Muller glia	published_fragment_file_unique_RNA_match
3_TCAACAATCACTTTAC-1	TCAACAATCACTTTAC-1	3	LGS1	OD	Muller glia	published_fragment_file_unique_RNA_match
3_ACTTTGTTCCTGATTT-1	ACTTTGTTCCTGATTT-1	3	LGS1	OD	Muller glia	published_fragment_file_unique_RNA_match
3_TTGCCCGTCAGCATTA-1	TTGCCCGTCAGCATTA-1	3	LGS1	OD	Muller glia	published_fragment_file_unique_RNA_match
3_AATTTCCTCCTAGTTT-1	AATTTCCTCCTAGTTT-1	3	LGS1	OD	Muller glia	published_fragment_file_unique_RNA_match
3_TGACTCCTCCCTTGCG-1	TGACTCCTCCCTTGCG-1	3	LGS1	OD	Muller glia	published_fragment_file_unique_RNA_match
3_AGGCTAAAGCAAGATG-1	AGGCTAAAGCAAGATG-1	3	LGS1	OD	Muller glia	published_fragment_file_unique_RNA_match
3_CTCTTGATCTCAATTC-1	CTCTTGATCTCAATTC-1	3	LGS1	OD	Muller glia	published_fragment_file_unique_RNA_match
3_AACGCCCAGCATTATG-1	AACGCCCAGCATTATG-1	3	LGS1	OD	Muller glia	published_fragment_file_unique_RNA_match
3_ACGCACGGTTTATCGC-1	ACGCACGGTTTATCGC-1	3	LGS1	OD	Muller glia	published_fragment_file_unique_RNA_match
3_CTCATGACAAACCTTG-1	CTCATGACAAACCTTG-1	3	LGS1	OD	Muller glia	published_fragment_file_unique_RNA_match
3_CGGGACAAGGAAACTG-1	CGGGACAAGGAAACTG-1	3	LGS1	OD	Muller glia	published_fragment_file_unique_RNA_match
3_TTAGGCCCAGCTTAGC-1	TTAGGCCCAGCTTAGC-1	3	LGS1	OD	Muller glia	published_fragment_file_unique_RNA_match
3_ATATGGTGTAGCTAGC-1	ATATGGTGTAGCTAGC-1	3	LGS1	OD	Muller glia	published_fragment_file_unique_RNA_match
3_CTCATGACATAGCTGC-1	CTCATGACATAGCTGC-1	3	LGS1	OD	Muller glia	published_fragment_file_unique_RNA_match
3_TAATGCATCAGGATGA-1	TAATGCATCAGGATGA-1	3	LGS1	OD	Muller glia	published_fragment_file_unique_RNA_match
3_CAAACTGGTTTAGTCC-1	CAAACTGGTTTAGTCC-1	3	LGS1	OD	Muller glia	published_fragment_file_unique_RNA_match
3_CTGAATATCCACCTGT-1	CTGAATATCCACCTGT-1	3	LGS1	OD	Muller glia	published_fragment_file_unique_RNA_match
3_TGGACCGGTGCTAGAC-1	TGGACCGGTGCTAGAC-1	3	LGS1	OD	Muller glia	published_fragment_file_unique_RNA_match
3_AATGCAACATCCGTAA-1	AATGCAACATCCGTAA-1	3	LGS1	OD	Muller glia	published_fragment_file_unique_RNA_match
3_GGGTTTGTCCTGAATA-1	GGGTTTGTCCTGAATA-1	3	LGS1	OD	Muller glia	published_fragment_file_unique_RNA_match
3_ATGGCTAGTTGTAAAC-1	ATGGCTAGTTGTAAAC-1	3	LGS1	OD	Muller glia	published_fragment_file_unique_RNA_match
3_TTCGGTACACTGACCG-1	TTCGGTACACTGACCG-1	3	LGS1	OD	Muller glia	published_fragment_file_unique_RNA_match
3_GGTGAGCCAGGCTACT-1	GGTGAGCCAGGCTACT-1	3	LGS1	OD	Muller glia	published_fragment_file_unique_RNA_match
3_AAGCCTTAGCGCAATT-1	AAGCCTTAGCGCAATT-1	3	LGS1	OD	Muller glia	published_fragment_file_unique_RNA_match
3_TCGTGCTTCCAACTGG-1	TCGTGCTTCCAACTGG-1	3	LGS1	OD	Muller glia	published_fragment_file_unique_RNA_match
3_GACGCAACAAACAACA-1	GACGCAACAAACAACA-1	3	LGS1	OD	Muller glia	published_fragment_file_unique_RNA_match
3_GGGTGTTGTCATGCCC-1	GGGTGTTGTCATGCCC-1	3	LGS1	OD	Muller glia	published_fragment_file_unique_RNA_match
3_CTACTTAGTGTTTGAG-1	CTACTTAGTGTTTGAG-1	3	LGS1	OD	Muller glia	published_fragment_file_unique_RNA_match
3_GCGCAAACAGTGAACG-1	GCGCAAACAGTGAACG-1	3	LGS1	OD	Muller glia	published_fragment_file_unique_RNA_match
3_TGCTTCCAGCCTGATG-1	TGCTTCCAGCCTGATG-1	3	LGS1	OD	Muller glia	published_fragment_file_unique_RNA_match
3_CGAATCTAGCATTAGC-1	CGAATCTAGCATTAGC-1	3	LGS1	OD	Muller glia	published_fragment_file_unique_RNA_match
3_CTTGAACAGTAAGAAC-1	CTTGAACAGTAAGAAC-1	3	LGS1	OD	Muller glia	published_fragment_file_unique_RNA_match
3_TCTTGTCCAGGCGAGT-1	TCTTGTCCAGGCGAGT-1	3	LGS1	OD	Muller glia	published_fragment_file_unique_RNA_match
3_TCTTGTCCAGCCAGAA-1	TCTTGTCCAGCCAGAA-1	3	LGS1	OD	Muller glia	published_fragment_file_unique_RNA_match
3_ATGATGGAGGTTACGT-1	ATGATGGAGGTTACGT-1	3	LGS1	OD	Muller glia	published_fragment_file_unique_RNA_match
3_GATTCAGGTTCGCTTG-1	GATTCAGGTTCGCTTG-1	3	LGS1	OD	Muller glia	published_fragment_file_unique_RNA_match
3_TGGATTCAGTGAGCGG-1	TGGATTCAGTGAGCGG-1	3	LGS1	OD	Muller glia	published_fragment_file_unique_RNA_match
3_TAGCAGGCATAAGTTC-1	TAGCAGGCATAAGTTC-1	3	LGS1	OD	Muller glia	published_fragment_file_unique_RNA_match
3_TTAGGATGTAAGCACC-1	TTAGGATGTAAGCACC-1	3	LGS1	OD	Muller glia	published_fragment_file_unique_RNA_match
3_GCGATATTCTGTTCAT-1	GCGATATTCTGTTCAT-1	3	LGS1	OD	Muller glia	published_fragment_file_unique_RNA_match
3_CCAACCCGTATCTGGA-1	CCAACCCGTATCTGGA-1	3	LGS1	OD	Muller glia	published_fragment_file_unique_RNA_match
3_AGCTAAACAGCAAGTG-1	AGCTAAACAGCAAGTG-1	3	LGS1	OD	Muller glia	published_fragment_file_unique_RNA_match
3_CGCTTAACAAGCCAGA-1	CGCTTAACAAGCCAGA-1	3	LGS1	OD	Muller glia	published_fragment_file_unique_RNA_match
3_GCCAACATCCGGGACT-1	GCCAACATCCGGGACT-1	3	LGS1	OD	Muller glia	published_fragment_file_unique_RNA_match
3_ATGGTCTAGTGAGCGG-1	ATGGTCTAGTGAGCGG-1	3	LGS1	OD	Muller glia	published_fragment_file_unique_RNA_match
3_GATCAGTTCATCCACC-1	GATCAGTTCATCCACC-1	3	LGS1	OD	Muller glia	published_fragment_file_unique_RNA_match
3_GTAAGCAAGGTAAGCA-1	GTAAGCAAGGTAAGCA-1	3	LGS1	OD	Muller glia	published_fragment_file_unique_RNA_match
3_CTTCACTCAGGAACTG-1	CTTCACTCAGGAACTG-1	3	LGS1	OD	Muller glia	published_fragment_file_unique_RNA_match
3_TAATCCGCACATTGCA-1	TAATCCGCACATTGCA-1	3	LGS1	OD	Muller glia	published_fragment_file_unique_RNA_match
3_AAAGGCTCAACCTGGT-1	AAAGGCTCAACCTGGT-1	3	LGS1	OD	Muller glia	published_fragment_file_unique_RNA_match
3_AGCAAATAGCGGATAA-1	AGCAAATAGCGGATAA-1	3	LGS1	OD	Muller glia	published_fragment_file_unique_RNA_match
3_TCTCAAGCAGAATGAC-1	TCTCAAGCAGAATGAC-1	3	LGS1	OD	Muller glia	published_fragment_file_unique_RNA_match
3_ATTGTCCGTGTTGCAA-1	ATTGTCCGTGTTGCAA-1	3	LGS1	OD	Muller glia	published_fragment_file_unique_RNA_match
3_CCGGTTAAGCAAGGTA-1	CCGGTTAAGCAAGGTA-1	3	LGS1	OD	Muller glia	published_fragment_file_unique_RNA_match
3_TTAACTGAGCAAACCT-1	TTAACTGAGCAAACCT-1	3	LGS1	OD	Muller glia	published_fragment_file_unique_RNA_match
3_TTGGATATCATCCTGC-1	TTGGATATCATCCTGC-1	3	LGS1	OD	Muller glia	published_fragment_file_unique_RNA_match
3_TTCACTGTCCTCACTA-1	TTCACTGTCCTCACTA-1	3	LGS1	OD	Muller glia	published_fragment_file_unique_RNA_match
3_GTTAGACTCTCACTAT-1	GTTAGACTCTCACTAT-1	3	LGS1	OD	Muller glia	published_fragment_file_unique_RNA_match
3_GGATGAATCCTAAATG-1	GGATGAATCCTAAATG-1	3	LGS1	OD	Muller glia	published_fragment_file_unique_RNA_match
3_CTAATAGTCCGTAAAC-1	CTAATAGTCCGTAAAC-1	3	LGS1	OD	Muller glia	published_fragment_file_unique_RNA_match
3_CCACTTGGTTAGCAGC-1	CCACTTGGTTAGCAGC-1	3	LGS1	OD	Muller glia	published_fragment_file_unique_RNA_match
3_TTTAACCTCTTGGATA-1	TTTAACCTCTTGGATA-1	3	LGS1	OD	Muller glia	published_fragment_file_unique_RNA_match
3_TGTATCCGTCATGAGC-1	TGTATCCGTCATGAGC-1	3	LGS1	OD	Muller glia	published_fragment_file_unique_RNA_match
3_ACCAAGTTCATAATCG-1	ACCAAGTTCATAATCG-1	3	LGS1	OD	Muller glia	published_fragment_file_unique_RNA_match
3_TACGTAATCACCTGTC-1	TACGTAATCACCTGTC-1	3	LGS1	OD	Muller glia	published_fragment_file_unique_RNA_match
3_AATTGCTCAGCTAATT-1	AATTGCTCAGCTAATT-1	3	LGS1	OD	Muller glia	published_fragment_file_unique_RNA_match
3_GGGAATATCCAAGTGT-1	GGGAATATCCAAGTGT-1	3	LGS1	OD	Muller glia	published_fragment_file_unique_RNA_match
3_GCCCTCATCATTGCGG-1	GCCCTCATCATTGCGG-1	3	LGS1	OD	Muller glia	published_fragment_file_unique_RNA_match
3_AAGGATGTCTACCTGC-1	AAGGATGTCTACCTGC-1	3	LGS1	OD	Muller glia	published_fragment_file_unique_RNA_match
3_ATTAGCTCATGCTCCC-1	ATTAGCTCATGCTCCC-1	3	LGS1	OD	Muller glia	published_fragment_file_unique_RNA_match
3_GAGTGAGGTGGTTCTT-1	GAGTGAGGTGGTTCTT-1	3	LGS1	OD	Muller glia	published_fragment_file_unique_RNA_match
3_ACCCGTAAGCAAACCT-1	ACCCGTAAGCAAACCT-1	3	LGS1	OD	Muller glia	published_fragment_file_unique_RNA_match
3_TTCAGCACACTAAGCC-1	TTCAGCACACTAAGCC-1	3	LGS1	OD	Muller glia	published_fragment_file_unique_RNA_match
3_CACGCAATCATTACAG-1	CACGCAATCATTACAG-1	3	LGS1	OD	Muller glia	published_fragment_file_unique_RNA_match
3_TGCAGGCTCATAGACC-1	TGCAGGCTCATAGACC-1	3	LGS1	OD	Muller glia	published_fragment_file_unique_RNA_match
3_CTCATTGTCTCGACCT-1	CTCATTGTCTCGACCT-1	3	LGS1	OD	Muller glia	published_fragment_file_unique_RNA_match
3_TCTCAAGCAGGCTACT-1	TCTCAAGCAGGCTACT-1	3	LGS1	OD	Muller glia	published_fragment_file_unique_RNA_match
3_CCGATGCAGAACAAGT-1	CCGATGCAGAACAAGT-1	3	LGS1	OD	Muller glia	published_fragment_file_unique_RNA_match
3_CTGACATAGTCATTAG-1	CTGACATAGTCATTAG-1	3	LGS1	OD	Muller glia	published_fragment_file_unique_RNA_match
3_CGAGCTGGTCAAGTAT-1	CGAGCTGGTCAAGTAT-1	3	LGS1	OD	Muller glia	published_fragment_file_unique_RNA_match
3_GACGCCTAGCGCCTTT-1	GACGCCTAGCGCCTTT-1	3	LGS1	OD	Muller glia	published_fragment_file_unique_RNA_match
3_ATTAGCGGTCCCGGAA-1	ATTAGCGGTCCCGGAA-1	3	LGS1	OD	Muller glia	published_fragment_file_unique_RNA_match
3_GACCGAACAATATAGG-1	GACCGAACAATATAGG-1	3	LGS1	OD	Muller glia	published_fragment_file_unique_RNA_match
3_CCATAAGGTTCACCCA-1	CCATAAGGTTCACCCA-1	3	LGS1	OD	Muller glia	published_fragment_file_unique_RNA_match
3_CTTGTTCCAGTAAAGC-1	CTTGTTCCAGTAAAGC-1	3	LGS1	OD	Muller glia	published_fragment_file_unique_RNA_match
3_GACGTAAAGGCCGGAA-1	GACGTAAAGGCCGGAA-1	3	LGS1	OD	Muller glia	published_fragment_file_unique_RNA_match
3_CTCCCTGAGTTGTCTT-1	CTCCCTGAGTTGTCTT-1	3	LGS1	OD	Muller glia	published_fragment_file_unique_RNA_match
3_CAATAAGCAATAGTCT-1	CAATAAGCAATAGTCT-1	3	LGS1	OD	Muller glia	published_fragment_file_unique_RNA_match
3_AAATGCCTCATTGCAA-1	AAATGCCTCATTGCAA-1	3	LGS1	OD	Muller glia	published_fragment_file_unique_RNA_match
3_GTCAAACTCTTGAGGT-1	GTCAAACTCTTGAGGT-1	3	LGS1	OD	Muller glia	published_fragment_file_unique_RNA_match
3_GGTTTCTGTAATTAGC-1	GGTTTCTGTAATTAGC-1	3	LGS1	OD	Muller glia	published_fragment_file_unique_RNA_match
3_GCTCCTTAGGTTTGCG-1	GCTCCTTAGGTTTGCG-1	3	LGS1	OD	Muller glia	published_fragment_file_unique_RNA_match
3_TGACTCCTCCTAATAG-1	TGACTCCTCCTAATAG-1	3	LGS1	OD	Muller glia	published_fragment_file_unique_RNA_match
3_GATTGGTTCCCTGATC-1	GATTGGTTCCCTGATC-1	3	LGS1	OD	Muller glia	published_fragment_file_unique_RNA_match
3_CCAGGATGTCCCGAAG-1	CCAGGATGTCCCGAAG-1	3	LGS1	OD	Muller glia	published_fragment_file_unique_RNA_match
3_CTATGAGGTGCACGCA-1	CTATGAGGTGCACGCA-1	3	LGS1	OD	Muller glia	published_fragment_file_unique_RNA_match
3_AACTCACAGCACTAGT-1	AACTCACAGCACTAGT-1	3	LGS1	OD	Muller glia	published_fragment_file_unique_RNA_match
3_TTCGCAACATAACGGG-1	TTCGCAACATAACGGG-1	3	LGS1	OD	Muller glia	published_fragment_file_unique_RNA_match
3_CAGAACCGTGGGTACT-1	CAGAACCGTGGGTACT-1	3	LGS1	OD	Muller glia	published_fragment_file_unique_RNA_match
3_TGATGATGTGATGAAA-1	TGATGATGTGATGAAA-1	3	LGS1	OD	Muller glia	published_fragment_file_unique_RNA_match
3_ATTCACTTCTCACTAT-1	ATTCACTTCTCACTAT-1	3	LGS1	OD	Muller glia	published_fragment_file_unique_RNA_match
3_CAGGTTTAGTGTTGTA-1	CAGGTTTAGTGTTGTA-1	3	LGS1	OD	Muller glia	published_fragment_file_unique_RNA_match
3_GGCATGGAGACACCGC-1	GGCATGGAGACACCGC-1	3	LGS1	OD	Muller glia	published_fragment_file_unique_RNA_match
3_CGTAACCCAACACCTA-1	CGTAACCCAACACCTA-1	3	LGS1	OD	Muller glia	published_fragment_file_unique_RNA_match
3_CGCGGATTCCGTAAAC-1	CGCGGATTCCGTAAAC-1	3	LGS1	OD	Muller glia	published_fragment_file_unique_RNA_match
3_CGGCAATGTTTCGCCA-1	CGGCAATGTTTCGCCA-1	3	LGS1	OD	Muller glia	published_fragment_file_unique_RNA_match
3_ACCGAAGCATTCAGCA-1	ACCGAAGCATTCAGCA-1	3	LGS1	OD	Muller glia	published_fragment_file_unique_RNA_match
3_ATTCAACCAGCACGTT-1	ATTCAACCAGCACGTT-1	3	LGS1	OD	Muller glia	published_fragment_file_unique_RNA_match
3_TTGTTCCCAGGCTTGT-1	TTGTTCCCAGGCTTGT-1	3	LGS1	OD	Muller glia	published_fragment_file_unique_RNA_match
3_GCGATTAGTTGGCCGA-1	GCGATTAGTTGGCCGA-1	3	LGS1	OD	Muller glia	published_fragment_file_unique_RNA_match
3_CCGACAGGTTGACTTC-1	CCGACAGGTTGACTTC-1	3	LGS1	OD	Muller glia	published_fragment_file_unique_RNA_match
3_AGAAGGTGTTACCTGT-1	AGAAGGTGTTACCTGT-1	3	LGS1	OD	Muller glia	published_fragment_file_unique_RNA_match
3_GGTTCCCGTCCCGAAG-1	GGTTCCCGTCCCGAAG-1	3	LGS1	OD	Muller glia	published_fragment_file_unique_RNA_match
3_GCCATTACAAAGCTAA-1	GCCATTACAAAGCTAA-1	3	LGS1	OD	Muller glia	published_fragment_file_unique_RNA_match
3_CCATAAGGTTAGAGGG-1	CCATAAGGTTAGAGGG-1	3	LGS1	OD	Muller glia	published_fragment_file_unique_RNA_match
3_AGTCAAGAGCAACATC-1	AGTCAAGAGCAACATC-1	3	LGS1	OD	Muller glia	published_fragment_file_unique_RNA_match
3_TGGTCAAGTTGCATCT-1	TGGTCAAGTTGCATCT-1	3	LGS1	OD	Muller glia	published_fragment_file_unique_RNA_match
3_GCCTTTGGTTAGCCAA-1	GCCTTTGGTTAGCCAA-1	3	LGS1	OD	Muller glia	published_fragment_file_unique_RNA_match
3_GTTCATTTCTCACACC-1	GTTCATTTCTCACACC-1	3	LGS1	OD	Muller glia	published_fragment_file_unique_RNA_match
3_GTTCTCATCTAAGGTC-1	GTTCTCATCTAAGGTC-1	3	LGS1	OD	Muller glia	published_fragment_file_unique_RNA_match
3_CGATTTGCAACTCGCG-1	CGATTTGCAACTCGCG-1	3	LGS1	OD	Muller glia	published_fragment_file_unique_RNA_match
3_CTCCTAATCCCTTGCG-1	CTCCTAATCCCTTGCG-1	3	LGS1	OD	Muller glia	published_fragment_file_unique_RNA_match
3_ATTAGGTGTCTTGCAT-1	ATTAGGTGTCTTGCAT-1	3	LGS1	OD	Muller glia	published_fragment_file_unique_RNA_match
3_GGCATTGTCAGCACGC-1	GGCATTGTCAGCACGC-1	3	LGS1	OD	Muller glia	published_fragment_file_unique_RNA_match
3_AGCACAGCATATAACC-1	AGCACAGCATATAACC-1	3	LGS1	OD	Muller glia	published_fragment_file_unique_RNA_match
3_ACTAACTCATGCTATG-1	ACTAACTCATGCTATG-1	3	LGS1	OD	Muller glia	published_fragment_file_unique_RNA_match
3_GGCTCACAGTATTGGC-1	GGCTCACAGTATTGGC-1	3	LGS1	OD	Muller glia	published_fragment_file_unique_RNA_match
3_GCCTGACAGGATTGCT-1	GCCTGACAGGATTGCT-1	3	LGS1	OD	Muller glia	published_fragment_file_unique_RNA_match
3_CCTCAGTTCACCTGCT-1	CCTCAGTTCACCTGCT-1	3	LGS1	OD	Muller glia	published_fragment_file_unique_RNA_match
3_TGTGGCTCATAAGTTC-1	TGTGGCTCATAAGTTC-1	3	LGS1	OD	Muller glia	published_fragment_file_unique_RNA_match
3_GCCATTACATGTTGTG-1	GCCATTACATGTTGTG-1	3	LGS1	OD	Muller glia	published_fragment_file_unique_RNA_match
3_TAGCTAATCGGTCAGC-1	TAGCTAATCGGTCAGC-1	3	LGS1	OD	Muller glia	published_fragment_file_unique_RNA_match
3_ACAACACTCATTGTTC-1	ACAACACTCATTGTTC-1	3	LGS1	OD	Muller glia	published_fragment_file_unique_RNA_match
3_TCCCTCACAGCAACAG-1	TCCCTCACAGCAACAG-1	3	LGS1	OD	Muller glia	published_fragment_file_unique_RNA_match
3_CCACACAAGGATTGAG-1	CCACACAAGGATTGAG-1	3	LGS1	OD	Muller glia	published_fragment_file_unique_RNA_match
3_ACCTTCCAGGTATTGC-1	ACCTTCCAGGTATTGC-1	3	LGS1	OD	Muller glia	published_fragment_file_unique_RNA_match
3_AATTGACGTATTGTCC-1	AATTGACGTATTGTCC-1	3	LGS1	OD	Muller glia	published_fragment_file_unique_RNA_match
3_CAAGGTAAGCCTCTGT-1	CAAGGTAAGCCTCTGT-1	3	LGS1	OD	Muller glia	published_fragment_file_unique_RNA_match
3_GCTGACATCCCTCAGT-1	GCTGACATCCCTCAGT-1	3	LGS1	OD	Muller glia	published_fragment_file_unique_RNA_match
3_TGCTTAAAGATGCCTG-1	TGCTTAAAGATGCCTG-1	3	LGS1	OD	Muller glia	published_fragment_file_unique_RNA_match
3_TCCTTTACACGGTACT-1	TCCTTTACACGGTACT-1	3	LGS1	OD	Muller glia	published_fragment_file_unique_RNA_match
3_GGAACAATCTTGATGA-1	GGAACAATCTTGATGA-1	3	LGS1	OD	Muller glia	published_fragment_file_unique_RNA_match
3_AGCAAATAGTGAACCT-1	AGCAAATAGTGAACCT-1	3	LGS1	OD	Muller glia	published_fragment_file_unique_RNA_match
3_CTTGTCCAGAGCCGCT-1	CTTGTCCAGAGCCGCT-1	3	LGS1	OD	Muller glia	published_fragment_file_unique_RNA_match
3_TCCCTCACAAGCTTTG-1	TCCCTCACAAGCTTTG-1	3	LGS1	OD	Muller glia	published_fragment_file_unique_RNA_match
3_TTAGGCGTCCTTCTAG-1	TTAGGCGTCCTTCTAG-1	3	LGS1	OD	Muller glia	published_fragment_file_unique_RNA_match
3_AGCTTGGTCCTAGTTT-1	AGCTTGGTCCTAGTTT-1	3	LGS1	OD	Muller glia	published_fragment_file_unique_RNA_match
3_GGCATGGAGAATCGCT-1	GGCATGGAGAATCGCT-1	3	LGS1	OD	Muller glia	published_fragment_file_unique_RNA_match
3_GGTCGGTTCACTCAAA-1	GGTCGGTTCACTCAAA-1	3	LGS1	OD	Muller glia	published_fragment_file_unique_RNA_match
3_GTCATGAGTATTGGTG-1	GTCATGAGTATTGGTG-1	3	LGS1	OD	Muller glia	published_fragment_file_unique_RNA_match
3_CTCAATAAGCTTTGTT-1	CTCAATAAGCTTTGTT-1	3	LGS1	OD	Muller glia	published_fragment_file_unique_RNA_match
3_TCCTCTAAGGACCTTG-1	TCCTCTAAGGACCTTG-1	3	LGS1	OD	Muller glia	published_fragment_file_unique_RNA_match
3_ACACGGACATTGTGAT-1	ACACGGACATTGTGAT-1	3	LGS1	OD	Muller glia	published_fragment_file_unique_RNA_match
3_CTAGATTCAGAGAGCC-1	CTAGATTCAGAGAGCC-1	3	LGS1	OD	Muller glia	published_fragment_file_unique_RNA_match
3_ACTTACAAGGCCTTAG-1	ACTTACAAGGCCTTAG-1	3	LGS1	OD	Muller glia	published_fragment_file_unique_RNA_match
3_GGATTCAGTAATCACG-1	GGATTCAGTAATCACG-1	3	LGS1	OD	Muller glia	published_fragment_file_unique_RNA_match
3_TTGCAAGGTAGTAAGA-1	TTGCAAGGTAGTAAGA-1	3	LGS1	OD	Muller glia	published_fragment_file_unique_RNA_match
3_CATCCCAGTCAGGAAG-1	CATCCCAGTCAGGAAG-1	3	LGS1	OD	Muller glia	published_fragment_file_unique_RNA_match
3_CTACCGGCAATAATGG-1	CTACCGGCAATAATGG-1	3	LGS1	OD	Muller glia	published_fragment_file_unique_RNA_match
3_GTCTATCGTTAAATGC-1	GTCTATCGTTAAATGC-1	3	LGS1	OD	Muller glia	published_fragment_file_unique_RNA_match
3_CATTGCGAGGATTGCT-1	CATTGCGAGGATTGCT-1	3	LGS1	OD	Muller glia	published_fragment_file_unique_RNA_match
3_CAGGCTGGTTGCACGG-1	CAGGCTGGTTGCACGG-1	3	LGS1	OD	Muller glia	published_fragment_file_unique_RNA_match
3_GGCTTAAGTTGTAACG-1	GGCTTAAGTTGTAACG-1	3	LGS1	OD	Muller glia	published_fragment_file_unique_RNA_match
3_GTTCACCTCAAGCCTG-1	GTTCACCTCAAGCCTG-1	3	LGS1	OD	Muller glia	published_fragment_file_unique_RNA_match
3_TCCGGTTTCGTTAACA-1	TCCGGTTTCGTTAACA-1	3	LGS1	OD	Muller glia	published_fragment_file_unique_RNA_match
3_TACCTGCTCACCATTT-1	TACCTGCTCACCATTT-1	3	LGS1	OD	Muller glia	published_fragment_file_unique_RNA_match
3_AATGCATGTCAAAGAA-1	AATGCATGTCAAAGAA-1	3	LGS1	OD	Muller glia	published_fragment_file_unique_RNA_match
3_GAGCTGCTCTGGCTTC-1	GAGCTGCTCTGGCTTC-1	3	LGS1	OD	Muller glia	published_fragment_file_unique_RNA_match
3_ACACTAATCCTGCGAA-1	ACACTAATCCTGCGAA-1	3	LGS1	OD	Muller glia	published_fragment_file_unique_RNA_match
3_CGCCACACACACCAAC-1	CGCCACACACACCAAC-1	3	LGS1	OD	Muller glia	published_fragment_file_unique_RNA_match
3_GGTGAGTAGCGAGCGA-1	GGTGAGTAGCGAGCGA-1	3	LGS1	OD	Muller glia	published_fragment_file_unique_RNA_match
3_AAGTCTATCACCTGTC-1	AAGTCTATCACCTGTC-1	3	LGS1	OD	Muller glia	published_fragment_file_unique_RNA_match
3_GGTTGCGGTATTGGTG-1	GGTTGCGGTATTGGTG-1	3	LGS1	OD	Muller glia	published_fragment_file_unique_RNA_match
3_TTGTTGCGTGCTTACT-1	TTGTTGCGTGCTTACT-1	3	LGS1	OD	Muller glia	published_fragment_file_unique_RNA_match
3_ACTAAAGCATACTCCT-1	ACTAAAGCATACTCCT-1	3	LGS1	OD	Muller glia	published_fragment_file_unique_RNA_match
3_AGGTGAATCAGGTTTA-1	AGGTGAATCAGGTTTA-1	3	LGS1	OD	Muller glia	published_fragment_file_unique_RNA_match
3_ACAAACTGTTTGCTGT-1	ACAAACTGTTTGCTGT-1	3	LGS1	OD	Muller glia	published_fragment_file_unique_RNA_match
3_GGAAGTATCGAAGCGG-1	GGAAGTATCGAAGCGG-1	3	LGS1	OD	Muller glia	published_fragment_file_unique_RNA_match
3_CTCCTGAGTAGCCATA-1	CTCCTGAGTAGCCATA-1	3	LGS1	OD	Muller glia	published_fragment_file_unique_RNA_match
3_ACTTAGGGTGGACATC-1	ACTTAGGGTGGACATC-1	3	LGS1	OD	Muller glia	published_fragment_file_unique_RNA_match
3_AAGCCTTAGTTGCCTC-1	AAGCCTTAGTTGCCTC-1	3	LGS1	OD	Muller glia	published_fragment_file_unique_RNA_match
3_AATTGGACAAATTGCT-1	AATTGGACAAATTGCT-1	3	LGS1	OD	Muller glia	published_fragment_file_unique_RNA_match
3_AAGCGCTGTTTGTGGA-1	AAGCGCTGTTTGTGGA-1	3	LGS1	OD	Muller glia	published_fragment_file_unique_RNA_match
3_AGCTTCCTCCCGAAGC-1	AGCTTCCTCCCGAAGC-1	3	LGS1	OD	Muller glia	published_fragment_file_unique_RNA_match
3_TGGTTCCTCATGCCTC-1	TGGTTCCTCATGCCTC-1	3	LGS1	OD	Muller glia	published_fragment_file_unique_RNA_match
3_ATATGGTGTGCAATGC-1	ATATGGTGTGCAATGC-1	3	LGS1	OD	Muller glia	published_fragment_file_unique_RNA_match
3_TGCATCCTCGCGCTAA-1	TGCATCCTCGCGCTAA-1	3	LGS1	OD	Muller glia	published_fragment_file_unique_RNA_match
3_GCAGGCAAGCCGCTTT-1	GCAGGCAAGCCGCTTT-1	3	LGS1	OD	Muller glia	published_fragment_file_unique_RNA_match
3_GCTATTGCATACTCCT-1	GCTATTGCATACTCCT-1	3	LGS1	OD	Muller glia	published_fragment_file_unique_RNA_match
3_GGTCAAGCACAATGCC-1	GGTCAAGCACAATGCC-1	3	LGS1	OD	Muller glia	published_fragment_file_unique_RNA_match
3_GGTAACTTCCACAATA-1	GGTAACTTCCACAATA-1	3	LGS1	OD	Muller glia	published_fragment_file_unique_RNA_match
3_GAGTATCTCGGCCATA-1	GAGTATCTCGGCCATA-1	3	LGS1	OD	Muller glia	published_fragment_file_unique_RNA_match
3_TCATAACCATTTGCTC-1	TCATAACCATTTGCTC-1	3	LGS1	OD	Muller glia	published_fragment_file_unique_RNA_match
3_CAGGTTAGTGTTTCAC-1	CAGGTTAGTGTTTCAC-1	3	LGS1	OD	Muller glia	published_fragment_file_unique_RNA_match
3_CGAGGTGAGGGATTAG-1	CGAGGTGAGGGATTAG-1	3	LGS1	OD	Muller glia	published_fragment_file_unique_RNA_match
3_AAGCTCCCAATACTGT-1	AAGCTCCCAATACTGT-1	3	LGS1	OD	Muller glia	published_fragment_file_unique_RNA_match
3_GATGCGACAGCATGGA-1	GATGCGACAGCATGGA-1	3	LGS1	OD	Muller glia	published_fragment_file_unique_RNA_match
3_TTGGTGAGTGCTGGTG-1	TTGGTGAGTGCTGGTG-1	3	LGS1	OD	Muller glia	published_fragment_file_unique_RNA_match
3_CGAAGCCTCGCTTCTA-1	CGAAGCCTCGCTTCTA-1	3	LGS1	OD	Muller glia	published_fragment_file_unique_RNA_match
3_ATCAATCCAGCTACGT-1	ATCAATCCAGCTACGT-1	3	LGS1	OD	Muller glia	published_fragment_file_unique_RNA_match
3_CCTAAGCCATTATGAC-1	CCTAAGCCATTATGAC-1	3	LGS1	OD	Muller glia	published_fragment_file_unique_RNA_match
3_TTGCTCTCAGGATGGC-1	TTGCTCTCAGGATGGC-1	3	LGS1	OD	Muller glia	published_fragment_file_unique_RNA_match
3_AATCTCAAGCAGCTAT-1	AATCTCAAGCAGCTAT-1	3	LGS1	OD	Muller glia	published_fragment_file_unique_RNA_match
3_GCTAAGTTCTGGTCCT-1	GCTAAGTTCTGGTCCT-1	3	LGS1	OD	Muller glia	published_fragment_file_unique_RNA_match
3_CTAGTAATCCTCCCTC-1	CTAGTAATCCTCCCTC-1	3	LGS1	OD	Muller glia	published_fragment_file_unique_RNA_match
3_AGCATCCCAATCTCTC-1	AGCATCCCAATCTCTC-1	3	LGS1	OD	Muller glia	published_fragment_file_unique_RNA_match
3_CAAGGCTGTAGCTGCG-1	CAAGGCTGTAGCTGCG-1	3	LGS1	OD	Muller glia	published_fragment_file_unique_RNA_match
3_TTAGCGGTCACCTGCT-1	TTAGCGGTCACCTGCT-1	3	LGS1	OD	Muller glia	published_fragment_file_unique_RNA_match
3_GCAGGCTTCGAAGCGG-1	GCAGGCTTCGAAGCGG-1	3	LGS1	OD	Muller glia	published_fragment_file_unique_RNA_match
3_TGCGCGAGTAGCCTAA-1	TGCGCGAGTAGCCTAA-1	3	LGS1	OD	Muller glia	published_fragment_file_unique_RNA_match
3_TAACCAGGTCAAACTG-1	TAACCAGGTCAAACTG-1	3	LGS1	OD	Muller glia	published_fragment_file_unique_RNA_match
3_GATCAAGAGGCTATGT-1	GATCAAGAGGCTATGT-1	3	LGS1	OD	Muller glia	published_fragment_file_unique_RNA_match
3_GCTGCACAGCCGCTTT-1	GCTGCACAGCCGCTTT-1	3	LGS1	OD	Muller glia	published_fragment_file_unique_RNA_match
3_ATCCTCATCGTTAGCG-1	ATCCTCATCGTTAGCG-1	3	LGS1	OD	Muller glia	published_fragment_file_unique_RNA_match
3_TTGTGCCTCAGGATGA-1	TTGTGCCTCAGGATGA-1	3	LGS1	OD	Muller glia	published_fragment_file_unique_RNA_match
3_ACTTGTAAGGTCATTA-1	ACTTGTAAGGTCATTA-1	3	LGS1	OD	Muller glia	published_fragment_file_unique_RNA_match
3_TATAGCTCAGGTTAAA-1	TATAGCTCAGGTTAAA-1	3	LGS1	OD	Muller glia	published_fragment_file_unique_RNA_match
3_GTCGCAATCAAGACTC-1	GTCGCAATCAAGACTC-1	3	LGS1	OD	Muller glia	published_fragment_file_unique_RNA_match
3_CTCACACTCATGCCTC-1	CTCACACTCATGCCTC-1	3	LGS1	OD	Muller glia	published_fragment_file_unique_RNA_match
3_ACGTTGTAGGTATTGC-1	ACGTTGTAGGTATTGC-1	3	LGS1	OD	Muller glia	published_fragment_file_unique_RNA_match
4_ACCAGGCTCTGTGCAG-1	ACCAGGCTCTGTGCAG-1	4	LGS1	OS	Muller glia	published_fragment_file_unique_RNA_match
4_AGAACCAAGTTTGGTA-1	AGAACCAAGTTTGGTA-1	4	LGS1	OS	Muller glia	published_fragment_file_unique_RNA_match
4_CGCGATTCACAGCCAT-1	CGCGATTCACAGCCAT-1	4	LGS1	OS	Muller glia	published_fragment_file_unique_RNA_match
4_GACCTCAAGGACACTT-1	GACCTCAAGGACACTT-1	4	LGS1	OS	Muller glia	published_fragment_file_unique_RNA_match
4_TCGTGCTTCACCAATA-1	TCGTGCTTCACCAATA-1	4	LGS1	OS	Muller glia	published_fragment_file_unique_RNA_match
4_CAAGAACCATCGTTCT-1	CAAGAACCATCGTTCT-1	4	LGS1	OS	Muller glia	published_fragment_file_unique_RNA_match
4_GCTGATCCAACTAACT-1	GCTGATCCAACTAACT-1	4	LGS1	OS	Muller glia	published_fragment_file_unique_RNA_match
4_TTGTCCCAGAGAGGAG-1	TTGTCCCAGAGAGGAG-1	4	LGS1	OS	Muller glia	published_fragment_file_unique_RNA_match
4_ATCCATAAGGCGGATG-1	ATCCATAAGGCGGATG-1	4	LGS1	OS	Muller glia	published_fragment_file_unique_RNA_match
4_ACGTCCAAGTTTGGTA-1	ACGTCCAAGTTTGGTA-1	4	LGS1	OS	Muller glia	published_fragment_file_unique_RNA_match
4_TGGTAAACAGTAAGTA-1	TGGTAAACAGTAAGTA-1	4	LGS1	OS	Muller glia	published_fragment_file_unique_RNA_match
4_CAATCCCTCCTAAGTA-1	CAATCCCTCCTAAGTA-1	4	LGS1	OS	Muller glia	published_fragment_file_unique_RNA_match
4_AGTTACATCCGTTATT-1	AGTTACATCCGTTATT-1	4	LGS1	OS	Muller glia	published_fragment_file_unique_RNA_match
4_TGAGGGCCATGTCAGC-1	TGAGGGCCATGTCAGC-1	4	LGS1	OS	Muller glia	published_fragment_file_unique_RNA_match
4_TCGACAAGTAGCAGCT-1	TCGACAAGTAGCAGCT-1	4	LGS1	OS	Muller glia	published_fragment_file_unique_RNA_match
4_TTTGCGACAGCAAGAT-1	TTTGCGACAGCAAGAT-1	4	LGS1	OS	Muller glia	published_fragment_file_unique_RNA_match
4_AGCCAGTGTATTGCAG-1	AGCCAGTGTATTGCAG-1	4	LGS1	OS	Muller glia	published_fragment_file_unique_RNA_match
4_AGTCAAGAGGGTCTAT-1	AGTCAAGAGGGTCTAT-1	4	LGS1	OS	Muller glia	published_fragment_file_unique_RNA_match
4_CTATAACCAGGAAGCC-1	CTATAACCAGGAAGCC-1	4	LGS1	OS	Muller glia	published_fragment_file_unique_RNA_match
4_AAGCTATGTAATAGCT-1	AAGCTATGTAATAGCT-1	4	LGS1	OS	Muller glia	published_fragment_file_unique_RNA_match
4_GGTGTTGTCGTACCGA-1	GGTGTTGTCGTACCGA-1	4	LGS1	OS	Muller glia	published_fragment_file_unique_RNA_match
4_GTTCCTTCATAAGTCT-1	GTTCCTTCATAAGTCT-1	4	LGS1	OS	Muller glia	published_fragment_file_unique_RNA_match
4_AATCATCCAATACTGT-1	AATCATCCAATACTGT-1	4	LGS1	OS	Muller glia	published_fragment_file_unique_RNA_match
4_CTACAACAGTCACTAA-1	CTACAACAGTCACTAA-1	4	LGS1	OS	Muller glia	published_fragment_file_unique_RNA_match
4_ACACTAGGTGTCCAAA-1	ACACTAGGTGTCCAAA-1	4	LGS1	OS	Muller glia	published_fragment_file_unique_RNA_match
4_CCTGAGTCAGCAAATA-1	CCTGAGTCAGCAAATA-1	4	LGS1	OS	Muller glia	published_fragment_file_unique_RNA_match
4_CAGCCTAAGGAAGCTA-1	CAGCCTAAGGAAGCTA-1	4	LGS1	OS	Muller glia	published_fragment_file_unique_RNA_match
4_CCAGCTAAGTCAATTG-1	CCAGCTAAGTCAATTG-1	4	LGS1	OS	Muller glia	published_fragment_file_unique_RNA_match
4_GCTCATTGTGATTTGG-1	GCTCATTGTGATTTGG-1	4	LGS1	OS	Muller glia	published_fragment_file_unique_RNA_match
4_ATCAATCCAGGGAGGA-1	ATCAATCCAGGGAGGA-1	4	LGS1	OS	Muller glia	published_fragment_file_unique_RNA_match
4_TCATTGCGTCCTTCAG-1	TCATTGCGTCCTTCAG-1	4	LGS1	OS	Muller glia	published_fragment_file_unique_RNA_match
4_CTTGACGAGGGCCACT-1	CTTGACGAGGGCCACT-1	4	LGS1	OS	Muller glia	published_fragment_file_unique_RNA_match
4_GCTGATCCATTGTCCT-1	GCTGATCCATTGTCCT-1	4	LGS1	OS	Muller glia	published_fragment_file_unique_RNA_match
4_GGATAACCAATATAGG-1	GGATAACCAATATAGG-1	4	LGS1	OS	Muller glia	published_fragment_file_unique_RNA_match
4_GTTAATGTCCTAAGTA-1	GTTAATGTCCTAAGTA-1	4	LGS1	OS	Muller glia	published_fragment_file_unique_RNA_match
4_TCCTTAGTCCTAATAG-1	TCCTTAGTCCTAATAG-1	4	LGS1	OS	Muller glia	published_fragment_file_unique_RNA_match
4_AGCTATATCATGCATA-1	AGCTATATCATGCATA-1	4	LGS1	OS	Muller glia	published_fragment_file_unique_RNA_match
4_CAGCATGTCATGCGTG-1	CAGCATGTCATGCGTG-1	4	LGS1	OS	Muller glia	published_fragment_file_unique_RNA_match
4_CGAGGAAGTGTTGTGA-1	CGAGGAAGTGTTGTGA-1	4	LGS1	OS	Muller glia	published_fragment_file_unique_RNA_match
4_CGTTAACAGAATCGCT-1	CGTTAACAGAATCGCT-1	4	LGS1	OS	Muller glia	published_fragment_file_unique_RNA_match
4_CGGGTCTAGGAACCAA-1	CGGGTCTAGGAACCAA-1	4	LGS1	OS	Muller glia	published_fragment_file_unique_RNA_match
4_GGAGCATAGCATCCAG-1	GGAGCATAGCATCCAG-1	4	LGS1	OS	Muller glia	published_fragment_file_unique_RNA_match
4_TAGCTAGGTTTATGGG-1	TAGCTAGGTTTATGGG-1	4	LGS1	OS	Muller glia	published_fragment_file_unique_RNA_match
4_CTAGTGAGTTGCATCT-1	CTAGTGAGTTGCATCT-1	4	LGS1	OS	Muller glia	published_fragment_file_unique_RNA_match
4_CAGGATGCAGCCAGTT-1	CAGGATGCAGCCAGTT-1	4	LGS1	OS	Muller glia	published_fragment_file_unique_RNA_match
4_TCTAACCGTGGGTACT-1	TCTAACCGTGGGTACT-1	4	LGS1	OS	Muller glia	published_fragment_file_unique_RNA_match
4_TTTAACGAGCTTTGTT-1	TTTAACGAGCTTTGTT-1	4	LGS1	OS	Muller glia	published_fragment_file_unique_RNA_match
4_ATGGTCTAGCTAATCA-1	ATGGTCTAGCTAATCA-1	4	LGS1	OS	Muller glia	published_fragment_file_unique_RNA_match
4_GTCTTTGTCGGCCATA-1	GTCTTTGTCGGCCATA-1	4	LGS1	OS	Muller glia	published_fragment_file_unique_RNA_match
4_AATCTTGAGCTGTCAG-1	AATCTTGAGCTGTCAG-1	4	LGS1	OS	Muller glia	published_fragment_file_unique_RNA_match
4_TTGTCCATCATTATGG-1	TTGTCCATCATTATGG-1	4	LGS1	OS	Muller glia	published_fragment_file_unique_RNA_match
4_CGGTTCCGTTTGAGGC-1	CGGTTCCGTTTGAGGC-1	4	LGS1	OS	Muller glia	published_fragment_file_unique_RNA_match
4_GCTAAGAAGGCTGTCA-1	GCTAAGAAGGCTGTCA-1	4	LGS1	OS	Muller glia	published_fragment_file_unique_RNA_match
4_TTTACGAAGTTCCTGC-1	TTTACGAAGTTCCTGC-1	4	LGS1	OS	Muller glia	published_fragment_file_unique_RNA_match
4_GATCACTAGCGCCTTT-1	GATCACTAGCGCCTTT-1	4	LGS1	OS	Muller glia	published_fragment_file_unique_RNA_match
4_CTACAACAGCTTGCTC-1	CTACAACAGCTTGCTC-1	4	LGS1	OS	Muller glia	published_fragment_file_unique_RNA_match
4_TGTCATAAGTCAGGCC-1	TGTCATAAGTCAGGCC-1	4	LGS1	OS	Muller glia	published_fragment_file_unique_RNA_match
4_TATGGTCAGTTATGGC-1	TATGGTCAGTTATGGC-1	4	LGS1	OS	Muller glia	published_fragment_file_unique_RNA_match
4_ACCAAACTCGGTACGC-1	ACCAAACTCGGTACGC-1	4	LGS1	OS	Muller glia	published_fragment_file_unique_RNA_match
4_CTCATTGTCGAGGAAC-1	CTCATTGTCGAGGAAC-1	4	LGS1	OS	Muller glia	published_fragment_file_unique_RNA_match
4_AATACCGGTTTGCTGT-1	AATACCGGTTTGCTGT-1	4	LGS1	OS	Muller glia	published_fragment_file_unique_RNA_match
4_ATTGGTTCAGTTTGTG-1	ATTGGTTCAGTTTGTG-1	4	LGS1	OS	Muller glia	published_fragment_file_unique_RNA_match
4_GTTGGAGCATGTCGCG-1	GTTGGAGCATGTCGCG-1	4	LGS1	OS	Muller glia	published_fragment_file_unique_RNA_match
4_ACCAAGCGTGATTTGG-1	ACCAAGCGTGATTTGG-1	4	LGS1	OS	Muller glia	published_fragment_file_unique_RNA_match
4_TTGCTCTCAGAGGGAG-1	TTGCTCTCAGAGGGAG-1	4	LGS1	OS	Muller glia	published_fragment_file_unique_RNA_match
4_GGTGAGGTCAAACCGT-1	GGTGAGGTCAAACCGT-1	4	LGS1	OS	Muller glia	published_fragment_file_unique_RNA_match
4_TCCAGGATCTCACATT-1	TCCAGGATCTCACATT-1	4	LGS1	OS	Muller glia	published_fragment_file_unique_RNA_match
4_AAGCATGAGCAGGCCT-1	AAGCATGAGCAGGCCT-1	4	LGS1	OS	Muller glia	published_fragment_file_unique_RNA_match
4_CTCCAACTCCCGCAAA-1	CTCCAACTCCCGCAAA-1	4	LGS1	OS	Muller glia	published_fragment_file_unique_RNA_match
4_ATTAGCTCAAGGTCGA-1	ATTAGCTCAAGGTCGA-1	4	LGS1	OS	Muller glia	published_fragment_file_unique_RNA_match
4_TCCAGCAAGCACCACA-1	TCCAGCAAGCACCACA-1	4	LGS1	OS	Muller glia	published_fragment_file_unique_RNA_match
4_GCTGTGCAGCAAACCT-1	GCTGTGCAGCAAACCT-1	4	LGS1	OS	Muller glia	published_fragment_file_unique_RNA_match
4_TGGACAAAGGTCCTAG-1	TGGACAAAGGTCCTAG-1	4	LGS1	OS	Muller glia	published_fragment_file_unique_RNA_match
4_GGAGGTTAGTCCTTCA-1	GGAGGTTAGTCCTTCA-1	4	LGS1	OS	Muller glia	published_fragment_file_unique_RNA_match
4_CCTCAGTTCGTTAACA-1	CCTCAGTTCGTTAACA-1	4	LGS1	OS	Muller glia	published_fragment_file_unique_RNA_match
4_AGCTCATAGGAAACTG-1	AGCTCATAGGAAACTG-1	4	LGS1	OS	Muller glia	published_fragment_file_unique_RNA_match
4_AGAGATTAGCGATAGA-1	AGAGATTAGCGATAGA-1	4	LGS1	OS	Muller glia	published_fragment_file_unique_RNA_match
4_ATCCCGCGTAAAGCGG-1	ATCCCGCGTAAAGCGG-1	4	LGS1	OS	Muller glia	published_fragment_file_unique_RNA_match
4_CGCTTACTCGGCCAGT-1	CGCTTACTCGGCCAGT-1	4	LGS1	OS	Muller glia	published_fragment_file_unique_RNA_match
4_GAGGACTAGTATTGCA-1	GAGGACTAGTATTGCA-1	4	LGS1	OS	Muller glia	published_fragment_file_unique_RNA_match
4_GGAGTCTGTTGTTGTC-1	GGAGTCTGTTGTTGTC-1	4	LGS1	OS	Muller glia	published_fragment_file_unique_RNA_match
4_TAACCAGGTGGCTTCC-1	TAACCAGGTGGCTTCC-1	4	LGS1	OS	Muller glia	published_fragment_file_unique_RNA_match
4_GTTAACCAGCGGCTGT-1	GTTAACCAGCGGCTGT-1	4	LGS1	OS	Muller glia	published_fragment_file_unique_RNA_match
4_GCGCAAACAGGCCAAA-1	GCGCAAACAGGCCAAA-1	4	LGS1	OS	Muller glia	published_fragment_file_unique_RNA_match
4_CCCAAATAGGGTTATC-1	CCCAAATAGGGTTATC-1	4	LGS1	OS	Muller glia	published_fragment_file_unique_RNA_match
4_TATTAGCCAATTAGGA-1	TATTAGCCAATTAGGA-1	4	LGS1	OS	Muller glia	published_fragment_file_unique_RNA_match
4_CTCATCATCATTGACA-1	CTCATCATCATTGACA-1	4	LGS1	OS	Muller glia	published_fragment_file_unique_RNA_match
4_GCCTCGACAGTCTATG-1	GCCTCGACAGTCTATG-1	4	LGS1	OS	Muller glia	published_fragment_file_unique_RNA_match
4_GTCCGTAAGGGTTAGA-1	GTCCGTAAGGGTTAGA-1	4	LGS1	OS	Muller glia	published_fragment_file_unique_RNA_match
4_TATGGTCAGGGACTAA-1	TATGGTCAGGGACTAA-1	4	LGS1	OS	Muller glia	published_fragment_file_unique_RNA_match
4_GATGCAGCAATTAGCT-1	GATGCAGCAATTAGCT-1	4	LGS1	OS	Muller glia	published_fragment_file_unique_RNA_match
4_GCAATCTAGTAGCTTA-1	GCAATCTAGTAGCTTA-1	4	LGS1	OS	Muller glia	published_fragment_file_unique_RNA_match
4_TTGGAGGCACTAAATC-1	TTGGAGGCACTAAATC-1	4	LGS1	OS	Muller glia	published_fragment_file_unique_RNA_match
4_GAGGACTAGCACTAGT-1	GAGGACTAGCACTAGT-1	4	LGS1	OS	Muller glia	published_fragment_file_unique_RNA_match
4_GACTCACCAAGGTGCA-1	GACTCACCAAGGTGCA-1	4	LGS1	OS	Muller glia	published_fragment_file_unique_RNA_match
4_CTTATTGGTACCGTTT-1	CTTATTGGTACCGTTT-1	4	LGS1	OS	Muller glia	published_fragment_file_unique_RNA_match
4_TTGAGCTAGTGAACCT-1	TTGAGCTAGTGAACCT-1	4	LGS1	OS	Muller glia	published_fragment_file_unique_RNA_match
4_AAACGCGCACAGAACG-1	AAACGCGCACAGAACG-1	4	LGS1	OS	Muller glia	published_fragment_file_unique_RNA_match
4_TGATCACAGCTTTGTT-1	TGATCACAGCTTTGTT-1	4	LGS1	OS	Muller glia	published_fragment_file_unique_RNA_match
4_ACTAACTCAGCAAGGC-1	ACTAACTCAGCAAGGC-1	4	LGS1	OS	Muller glia	published_fragment_file_unique_RNA_match
4_TTTGGTAAGCCTCTGT-1	TTTGGTAAGCCTCTGT-1	4	LGS1	OS	Muller glia	published_fragment_file_unique_RNA_match
4_TCGCTAACAAGTTATC-1	TCGCTAACAAGTTATC-1	4	LGS1	OS	Muller glia	published_fragment_file_unique_RNA_match
4_TTTGGTAAGCAAACCT-1	TTTGGTAAGCAAACCT-1	4	LGS1	OS	Muller glia	published_fragment_file_unique_RNA_match
4_TCAGGTCCAGCAGGTA-1	TCAGGTCCAGCAGGTA-1	4	LGS1	OS	Muller glia	published_fragment_file_unique_RNA_match
4_TATGTGATCCATTACT-1	TATGTGATCCATTACT-1	4	LGS1	OS	Muller glia	published_fragment_file_unique_RNA_match
4_TGAGGTGCATTAGCCA-1	TGAGGTGCATTAGCCA-1	4	LGS1	OS	Muller glia	published_fragment_file_unique_RNA_match
4_GGCGGTTTCAGCTAAC-1	GGCGGTTTCAGCTAAC-1	4	LGS1	OS	Muller glia	published_fragment_file_unique_RNA_match
4_TGCACCTTCGACCTGA-1	TGCACCTTCGACCTGA-1	4	LGS1	OS	Muller glia	published_fragment_file_unique_RNA_match
4_CCCAGTTTCCTTTACG-1	CCCAGTTTCCTTTACG-1	4	LGS1	OS	Muller glia	published_fragment_file_unique_RNA_match
4_CGCGATTCAGCACGAA-1	CGCGATTCAGCACGAA-1	4	LGS1	OS	Muller glia	published_fragment_file_unique_RNA_match
4_GCCCAAATCCCGTTAC-1	GCCCAAATCCCGTTAC-1	4	LGS1	OS	Muller glia	published_fragment_file_unique_RNA_match
4_CATAATGTCCGTTAAA-1	CATAATGTCCGTTAAA-1	4	LGS1	OS	Muller glia	published_fragment_file_unique_RNA_match
4_GCTAACCCATTGTCAG-1	GCTAACCCATTGTCAG-1	4	LGS1	OS	Muller glia	published_fragment_file_unique_RNA_match
4_GACGCCTAGTTTGAGC-1	GACGCCTAGTTTGAGC-1	4	LGS1	OS	Muller glia	published_fragment_file_unique_RNA_match
4_CTGCTATGTTCGCGCT-1	CTGCTATGTTCGCGCT-1	4	LGS1	OS	Muller glia	published_fragment_file_unique_RNA_match
4_GCACATTAGCGTGCGT-1	GCACATTAGCGTGCGT-1	4	LGS1	OS	Muller glia	published_fragment_file_unique_RNA_match
4_CATCACACATATTGAC-1	CATCACACATATTGAC-1	4	LGS1	OS	Muller glia	published_fragment_file_unique_RNA_match
4_CGTAGCGGTTGTTGGA-1	CGTAGCGGTTGTTGGA-1	4	LGS1	OS	Muller glia	published_fragment_file_unique_RNA_match
4_AACTACTCATGAGTTT-1	AACTACTCATGAGTTT-1	4	LGS1	OS	Muller glia	published_fragment_file_unique_RNA_match
4_TGAGGGAGTTTGGCTT-1	TGAGGGAGTTTGGCTT-1	4	LGS1	OS	Muller glia	published_fragment_file_unique_RNA_match
4_ACCCGGTAGCCGCTAA-1	ACCCGGTAGCCGCTAA-1	4	LGS1	OS	Muller glia	published_fragment_file_unique_RNA_match
4_TGTCATAAGCCTAATA-1	TGTCATAAGCCTAATA-1	4	LGS1	OS	Muller glia	published_fragment_file_unique_RNA_match
4_ATTGAAGCACCTCAGG-1	ATTGAAGCACCTCAGG-1	4	LGS1	OS	Muller glia	published_fragment_file_unique_RNA_match
4_AGTCCTTGTCATTACC-1	AGTCCTTGTCATTACC-1	4	LGS1	OS	Muller glia	published_fragment_file_unique_RNA_match
4_GGCCGTTAGCACAGCC-1	GGCCGTTAGCACAGCC-1	4	LGS1	OS	Muller glia	published_fragment_file_unique_RNA_match
4_GATAAGCCACAATTAC-1	GATAAGCCACAATTAC-1	4	LGS1	OS	Muller glia	published_fragment_file_unique_RNA_match
4_ATTTAGGTCTTTGTAC-1	ATTTAGGTCTTTGTAC-1	4	LGS1	OS	Muller glia	published_fragment_file_unique_RNA_match
4_TGTCATAAGGCGTAAA-1	TGTCATAAGGCGTAAA-1	4	LGS1	OS	Muller glia	published_fragment_file_unique_RNA_match
4_CATTCATTCTTGTCCA-1	CATTCATTCTTGTCCA-1	4	LGS1	OS	Muller glia	published_fragment_file_unique_RNA_match
4_CTGTGTGAGGACCGCT-1	CTGTGTGAGGACCGCT-1	4	LGS1	OS	Muller glia	published_fragment_file_unique_RNA_match
4_ATCAGGTTCCTCACTA-1	ATCAGGTTCCTCACTA-1	4	LGS1	OS	Muller glia	published_fragment_file_unique_RNA_match
4_TTTAGCAAGTTAACCA-1	TTTAGCAAGTTAACCA-1	4	LGS1	OS	Muller glia	published_fragment_file_unique_RNA_match
4_TGGCTTTGTTAGCTGA-1	TGGCTTTGTTAGCTGA-1	4	LGS1	OS	Muller glia	published_fragment_file_unique_RNA_match
4_TCGTTATTCGGCCAGT-1	TCGTTATTCGGCCAGT-1	4	LGS1	OS	Muller glia	published_fragment_file_unique_RNA_match
4_AATCTTGAGGTTACAC-1	AATCTTGAGGTTACAC-1	4	LGS1	OS	Muller glia	published_fragment_file_unique_RNA_match
4_CGGTAACGTTCATTTG-1	CGGTAACGTTCATTTG-1	4	LGS1	OS	Muller glia	published_fragment_file_unique_RNA_match
4_AGACACGCAGGCTAGA-1	AGACACGCAGGCTAGA-1	4	LGS1	OS	Muller glia	published_fragment_file_unique_RNA_match
4_CCAATATCAGCTACGT-1	CCAATATCAGCTACGT-1	4	LGS1	OS	Muller glia	published_fragment_file_unique_RNA_match
4_GGTGCTTCATTTAAGC-1	GGTGCTTCATTTAAGC-1	4	LGS1	OS	Muller glia	published_fragment_file_unique_RNA_match
4_TAAGTAGCAGGTTCAC-1	TAAGTAGCAGGTTCAC-1	4	LGS1	OS	Muller glia	published_fragment_file_unique_RNA_match
4_TTAAGGACAGAACCGA-1	TTAAGGACAGAACCGA-1	4	LGS1	OS	Muller glia	published_fragment_file_unique_RNA_match
4_AGAAACTAGGCTTAAC-1	AGAAACTAGGCTTAAC-1	4	LGS1	OS	Muller glia	published_fragment_file_unique_RNA_match
4_TACCAGGTCACGTTAA-1	TACCAGGTCACGTTAA-1	4	LGS1	OS	Muller glia	published_fragment_file_unique_RNA_match
4_ACCTTCATCCTTTACG-1	ACCTTCATCCTTTACG-1	4	LGS1	OS	Muller glia	published_fragment_file_unique_RNA_match
4_TTGTCCGGTGTTAGCA-1	TTGTCCGGTGTTAGCA-1	4	LGS1	OS	Muller glia	published_fragment_file_unique_RNA_match
4_CCTGTTGGTTTCGCGC-1	CCTGTTGGTTTCGCGC-1	4	LGS1	OS	Muller glia	published_fragment_file_unique_RNA_match
4_GGAAACTCAAGGTCCT-1	GGAAACTCAAGGTCCT-1	4	LGS1	OS	Muller glia	published_fragment_file_unique_RNA_match
4_AACTTAGTCCAGGTTG-1	AACTTAGTCCAGGTTG-1	4	LGS1	OS	Muller glia	published_fragment_file_unique_RNA_match
4_TAACCGGTCGGGACCT-1	TAACCGGTCGGGACCT-1	4	LGS1	OS	Muller glia	published_fragment_file_unique_RNA_match
4_CGAGCGAAGCATTAGC-1	CGAGCGAAGCATTAGC-1	4	LGS1	OS	Muller glia	published_fragment_file_unique_RNA_match
4_GCAATCTAGTGAGCAA-1	GCAATCTAGTGAGCAA-1	4	LGS1	OS	Muller glia	published_fragment_file_unique_RNA_match
4_CTGCTACTCATAACGC-1	CTGCTACTCATAACGC-1	4	LGS1	OS	Muller glia	published_fragment_file_unique_RNA_match
4_TAGACCAGTTGCCTCA-1	TAGACCAGTTGCCTCA-1	4	LGS1	OS	Muller glia	published_fragment_file_unique_RNA_match
4_GATAATCGTATTGCAG-1	GATAATCGTATTGCAG-1	4	LGS1	OS	Muller glia	published_fragment_file_unique_RNA_match
4_CCTCAAACAATGCGCT-1	CCTCAAACAATGCGCT-1	4	LGS1	OS	Muller glia	published_fragment_file_unique_RNA_match
4_CCAAGTTAGCGATAGA-1	CCAAGTTAGCGATAGA-1	4	LGS1	OS	Muller glia	published_fragment_file_unique_RNA_match
4_TCCTCTAAGTGAGGTA-1	TCCTCTAAGTGAGGTA-1	4	LGS1	OS	Muller glia	published_fragment_file_unique_RNA_match
4_CAATAGCTCACCTGTC-1	CAATAGCTCACCTGTC-1	4	LGS1	OS	Muller glia	published_fragment_file_unique_RNA_match
4_GAACCGCTCGTTAAGC-1	GAACCGCTCGTTAAGC-1	4	LGS1	OS	Muller glia	published_fragment_file_unique_RNA_match
4_TTGCGAGTCATGAAGG-1	TTGCGAGTCATGAAGG-1	4	LGS1	OS	Muller glia	published_fragment_file_unique_RNA_match
4_ATTCACTTCCGGAACC-1	ATTCACTTCCGGAACC-1	4	LGS1	OS	Muller glia	published_fragment_file_unique_RNA_match
4_CATCATAAGGCACAGG-1	CATCATAAGGCACAGG-1	4	LGS1	OS	Muller glia	published_fragment_file_unique_RNA_match
4_TGGAACAAGACACCGC-1	TGGAACAAGACACCGC-1	4	LGS1	OS	Muller glia	published_fragment_file_unique_RNA_match
4_GGTTTGTAGCTCCCTG-1	GGTTTGTAGCTCCCTG-1	4	LGS1	OS	Muller glia	published_fragment_file_unique_RNA_match
4_ACCTGGTCATTGTCCT-1	ACCTGGTCATTGTCCT-1	4	LGS1	OS	Muller glia	published_fragment_file_unique_RNA_match
4_TAGTGGCGTTAGTGAT-1	TAGTGGCGTTAGTGAT-1	4	LGS1	OS	Muller glia	published_fragment_file_unique_RNA_match
4_TATGGCCCAGGCAAGC-1	TATGGCCCAGGCAAGC-1	4	LGS1	OS	Muller glia	published_fragment_file_unique_RNA_match
4_CATAGTCAGGCGCTTA-1	CATAGTCAGGCGCTTA-1	4	LGS1	OS	Muller glia	published_fragment_file_unique_RNA_match
4_TACTCAAAGCAAGATG-1	TACTCAAAGCAAGATG-1	4	LGS1	OS	Muller glia	published_fragment_file_unique_RNA_match
4_ACCCGCTGTCATCCTG-1	ACCCGCTGTCATCCTG-1	4	LGS1	OS	Muller glia	published_fragment_file_unique_RNA_match
4_GCTAGCCAGCTACTGG-1	GCTAGCCAGCTACTGG-1	4	LGS1	OS	Muller glia	published_fragment_file_unique_RNA_match
4_ACCCAACCACCTAATG-1	ACCCAACCACCTAATG-1	4	LGS1	OS	Muller glia	published_fragment_file_unique_RNA_match
4_TTTGACCGTGAAACAA-1	TTTGACCGTGAAACAA-1	4	LGS1	OS	Muller glia	published_fragment_file_unique_RNA_match
4_AGTTGGCGTCATCAAG-1	AGTTGGCGTCATCAAG-1	4	LGS1	OS	Muller glia	published_fragment_file_unique_RNA_match
4_TGCCTGTTCGAGCAAA-1	TGCCTGTTCGAGCAAA-1	4	LGS1	OS	Muller glia	published_fragment_file_unique_RNA_match
4_AGGGCTACAGATTCAT-1	AGGGCTACAGATTCAT-1	4	LGS1	OS	Muller glia	published_fragment_file_unique_RNA_match
4_GTGCGGTTCCTGGTCT-1	GTGCGGTTCCTGGTCT-1	4	LGS1	OS	Muller glia	published_fragment_file_unique_RNA_match
4_CATCCCAGTTAGGTTG-1	CATCCCAGTTAGGTTG-1	4	LGS1	OS	Muller glia	published_fragment_file_unique_RNA_match
4_GGTTTAATCACGCGGT-1	GGTTTAATCACGCGGT-1	4	LGS1	OS	Muller glia	published_fragment_file_unique_RNA_match
4_TACAATGTCGAAGTGA-1	TACAATGTCGAAGTGA-1	4	LGS1	OS	Muller glia	published_fragment_file_unique_RNA_match
4_GCTCTGTTCAAGTGAG-1	GCTCTGTTCAAGTGAG-1	4	LGS1	OS	Muller glia	published_fragment_file_unique_RNA_match
4_TCTAAGGGTGGAAGGC-1	TCTAAGGGTGGAAGGC-1	4	LGS1	OS	Muller glia	published_fragment_file_unique_RNA_match
4_GCGCTAGGTTCAAGAT-1	GCGCTAGGTTCAAGAT-1	4	LGS1	OS	Muller glia	published_fragment_file_unique_RNA_match
4_GGCCTAATCTGTGCCT-1	GGCCTAATCTGTGCCT-1	4	LGS1	OS	Muller glia	published_fragment_file_unique_RNA_match
4_TGGTTGAGTAACGGGA-1	TGGTTGAGTAACGGGA-1	4	LGS1	OS	Muller glia	published_fragment_file_unique_RNA_match
4_GACCGAACAAGCGATG-1	GACCGAACAAGCGATG-1	4	LGS1	OS	Muller glia	published_fragment_file_unique_RNA_match
4_GGTCCTGCAAACATAG-1	GGTCCTGCAAACATAG-1	4	LGS1	OS	Muller glia	published_fragment_file_unique_RNA_match
4_TCTTGACGTTCATTTG-1	TCTTGACGTTCATTTG-1	4	LGS1	OS	Muller glia	published_fragment_file_unique_RNA_match
4_CTGGACCAGCGGATTT-1	CTGGACCAGCGGATTT-1	4	LGS1	OS	Muller glia	published_fragment_file_unique_RNA_match
4_CATCCTGGTCGCGCAA-1	CATCCTGGTCGCGCAA-1	4	LGS1	OS	Muller glia	published_fragment_file_unique_RNA_match
4_GGTTGAGCATGAATAG-1	GGTTGAGCATGAATAG-1	4	LGS1	OS	Muller glia	published_fragment_file_unique_RNA_match
4_GCCTGCTGTTTGGGTA-1	GCCTGCTGTTTGGGTA-1	4	LGS1	OS	Muller glia	published_fragment_file_unique_RNA_match
4_TCATTGCGTTGCAATG-1	TCATTGCGTTGCAATG-1	4	LGS1	OS	Muller glia	published_fragment_file_unique_RNA_match
4_TCGCGAGGTGTGCACG-1	TCGCGAGGTGTGCACG-1	4	LGS1	OS	Muller glia	published_fragment_file_unique_RNA_match
4_TTAGAAGCAACATAAG-1	TTAGAAGCAACATAAG-1	4	LGS1	OS	Muller glia	published_fragment_file_unique_RNA_match
4_CATTCATTCGTTTCGC-1	CATTCATTCGTTTCGC-1	4	LGS1	OS	Muller glia	published_fragment_file_unique_RNA_match
4_GCGGGTTTCATTTGCT-1	GCGGGTTTCATTTGCT-1	4	LGS1	OS	Muller glia	published_fragment_file_unique_RNA_match
4_TAACCAGGTGCTCCGT-1	TAACCAGGTGCTCCGT-1	4	LGS1	OS	Muller glia	published_fragment_file_unique_RNA_match
4_AGACCCGGTTAATGCG-1	AGACCCGGTTAATGCG-1	4	LGS1	OS	Muller glia	published_fragment_file_unique_RNA_match
4_TGGCTAAGTTCGGTAA-1	TGGCTAAGTTCGGTAA-1	4	LGS1	OS	Muller glia	published_fragment_file_unique_RNA_match
4_CGCATATAGCCGCAGT-1	CGCATATAGCCGCAGT-1	4	LGS1	OS	Muller glia	published_fragment_file_unique_RNA_match
4_GCCAGGTTCCTCCTAA-1	GCCAGGTTCCTCCTAA-1	4	LGS1	OS	Muller glia	published_fragment_file_unique_RNA_match
4_GAGCGATAGCATGTCG-1	GAGCGATAGCATGTCG-1	4	LGS1	OS	Muller glia	published_fragment_file_unique_RNA_match
4_CAAAGTGAGTACCGCA-1	CAAAGTGAGTACCGCA-1	4	LGS1	OS	Muller glia	published_fragment_file_unique_RNA_match
4_CCGCCAACAATAGCCC-1	CCGCCAACAATAGCCC-1	4	LGS1	OS	Muller glia	published_fragment_file_unique_RNA_match
4_GCTCTGTTCTGTTCAT-1	GCTCTGTTCTGTTCAT-1	4	LGS1	OS	Muller glia	published_fragment_file_unique_RNA_match
4_ATGGCCGGTAGGTGTC-1	ATGGCCGGTAGGTGTC-1	4	LGS1	OS	Muller glia	published_fragment_file_unique_RNA_match
4_CTTCATCCAGAAACGT-1	CTTCATCCAGAAACGT-1	4	LGS1	OS	Muller glia	published_fragment_file_unique_RNA_match
4_AATTTGGTCATGCAAC-1	AATTTGGTCATGCAAC-1	4	LGS1	OS	Muller glia	published_fragment_file_unique_RNA_match
4_TAAGCCAGTGTTTCAC-1	TAAGCCAGTGTTTCAC-1	4	LGS1	OS	Muller glia	published_fragment_file_unique_RNA_match
4_GTAGGCGAGTGATTCA-1	GTAGGCGAGTGATTCA-1	4	LGS1	OS	Muller glia	published_fragment_file_unique_RNA_match
4_TTGGCTACATGCTTAG-1	TTGGCTACATGCTTAG-1	4	LGS1	OS	Muller glia	published_fragment_file_unique_RNA_match
4_CAAGTATGTTCACCCA-1	CAAGTATGTTCACCCA-1	4	LGS1	OS	Muller glia	published_fragment_file_unique_RNA_match
4_TTGCATTTCCGCCTCA-1	TTGCATTTCCGCCTCA-1	4	LGS1	OS	Muller glia	published_fragment_file_unique_RNA_match
4_GTTGCTGAGCATGCAT-1	GTTGCTGAGCATGCAT-1	4	LGS1	OS	Muller glia	published_fragment_file_unique_RNA_match
4_AAGCTAGAGTCATTTC-1	AAGCTAGAGTCATTTC-1	4	LGS1	OS	Muller glia	published_fragment_file_unique_RNA_match
4_CGTAGCGGTGATGAGG-1	CGTAGCGGTGATGAGG-1	4	LGS1	OS	Muller glia	published_fragment_file_unique_RNA_match
4_GGATGAATCATCAGTA-1	GGATGAATCATCAGTA-1	4	LGS1	OS	Muller glia	published_fragment_file_unique_RNA_match
4_GACCGAACAAGCGAGC-1	GACCGAACAAGCGAGC-1	4	LGS1	OS	Muller glia	published_fragment_file_unique_RNA_match
4_GTAGCGCTCAATGTGC-1	GTAGCGCTCAATGTGC-1	4	LGS1	OS	Muller glia	published_fragment_file_unique_RNA_match
4_GTCTAGCCACTGGCTG-1	GTCTAGCCACTGGCTG-1	4	LGS1	OS	Muller glia	published_fragment_file_unique_RNA_match
4_CTCACTCAGCTCAATA-1	CTCACTCAGCTCAATA-1	4	LGS1	OS	Muller glia	published_fragment_file_unique_RNA_match
4_AAGCTAGAGGCCTAAT-1	AAGCTAGAGGCCTAAT-1	4	LGS1	OS	Muller glia	published_fragment_file_unique_RNA_match
4_ATTCACTTCCTTGAGG-1	ATTCACTTCCTTGAGG-1	4	LGS1	OS	Muller glia	published_fragment_file_unique_RNA_match
4_GACTTAGGTTTGAGGC-1	GACTTAGGTTTGAGGC-1	4	LGS1	OS	Muller glia	published_fragment_file_unique_RNA_match
4_GTAGGCGAGCACCACA-1	GTAGGCGAGCACCACA-1	4	LGS1	OS	Muller glia	published_fragment_file_unique_RNA_match
4_AAACCGGCATCTAGCA-1	AAACCGGCATCTAGCA-1	4	LGS1	OS	Muller glia	published_fragment_file_unique_RNA_match
4_TTAGACTCACCTAAGC-1	TTAGACTCACCTAAGC-1	4	LGS1	OS	Muller glia	published_fragment_file_unique_RNA_match
4_TTTCATCAGTTATTCC-1	TTTCATCAGTTATTCC-1	4	LGS1	OS	Muller glia	published_fragment_file_unique_RNA_match
4_GCCTCGACAGCCGCTA-1	GCCTCGACAGCCGCTA-1	4	LGS1	OS	Muller glia	published_fragment_file_unique_RNA_match
4_TCTATGTTCCCAGTAG-1	TCTATGTTCCCAGTAG-1	4	LGS1	OS	Muller glia	published_fragment_file_unique_RNA_match
4_ATCATGTCACATTGCA-1	ATCATGTCACATTGCA-1	4	LGS1	OS	Muller glia	published_fragment_file_unique_RNA_match
4_GGTTGGTGTGACCTGG-1	GGTTGGTGTGACCTGG-1	4	LGS1	OS	Muller glia	published_fragment_file_unique_RNA_match
4_GGAACAATCCTAATTC-1	GGAACAATCCTAATTC-1	4	LGS1	OS	Muller glia	published_fragment_file_unique_RNA_match
4_GAAAGCCAGGCGGATG-1	GAAAGCCAGGCGGATG-1	4	LGS1	OS	Muller glia	published_fragment_file_unique_RNA_match
4_ACGAGTAAGTCATTAG-1	ACGAGTAAGTCATTAG-1	4	LGS1	OS	Muller glia	published_fragment_file_unique_RNA_match
4_TGATCGAGTCCAAATG-1	TGATCGAGTCCAAATG-1	4	LGS1	OS	Muller glia	published_fragment_file_unique_RNA_match
4_CAATGTGGTAGTTAAC-1	CAATGTGGTAGTTAAC-1	4	LGS1	OS	Muller glia	published_fragment_file_unique_RNA_match
4_CGACTAAGTTGCGGAT-1	CGACTAAGTTGCGGAT-1	4	LGS1	OS	Muller glia	published_fragment_file_unique_RNA_match
4_CTTAAGATCAAGCTAC-1	CTTAAGATCAAGCTAC-1	4	LGS1	OS	Muller glia	published_fragment_file_unique_RNA_match
4_TGACCTTGTTCATCTA-1	TGACCTTGTTCATCTA-1	4	LGS1	OS	Muller glia	published_fragment_file_unique_RNA_match
4_GGAACGGTCTTTGAGA-1	GGAACGGTCTTTGAGA-1	4	LGS1	OS	Muller glia	published_fragment_file_unique_RNA_match
4_CGATATTCAAGCTACC-1	CGATATTCAAGCTACC-1	4	LGS1	OS	Muller glia	published_fragment_file_unique_RNA_match
4_GCTTAAATCTTTAAGG-1	GCTTAAATCTTTAAGG-1	4	LGS1	OS	Muller glia	published_fragment_file_unique_RNA_match
4_CTTGTTCCATTCCTCG-1	CTTGTTCCATTCCTCG-1	4	LGS1	OS	Muller glia	published_fragment_file_unique_RNA_match
4_GAGGTTAAGCATGGTT-1	GAGGTTAAGCATGGTT-1	4	LGS1	OS	Muller glia	published_fragment_file_unique_RNA_match
4_ACATTGCAGGAGGGTT-1	ACATTGCAGGAGGGTT-1	4	LGS1	OS	Muller glia	published_fragment_file_unique_RNA_match
4_CGTGTTACACAATACT-1	CGTGTTACACAATACT-1	4	LGS1	OS	Muller glia	published_fragment_file_unique_RNA_match
4_AAGGCCCTCATTGCAA-1	AAGGCCCTCATTGCAA-1	4	LGS1	OS	Muller glia	published_fragment_file_unique_RNA_match
4_CAACTAATCGCTAGTG-1	CAACTAATCGCTAGTG-1	4	LGS1	OS	Muller glia	published_fragment_file_unique_RNA_match
4_TCCATAAAGCTTACTT-1	TCCATAAAGCTTACTT-1	4	LGS1	OS	Muller glia	published_fragment_file_unique_RNA_match
4_CATTATGAGTGAGCGG-1	CATTATGAGTGAGCGG-1	4	LGS1	OS	Muller glia	published_fragment_file_unique_RNA_match
4_CCTTGTTCATCCATCT-1	CCTTGTTCATCCATCT-1	4	LGS1	OS	Muller glia	published_fragment_file_unique_RNA_match
4_TGCATCCTCCGTTAAA-1	TGCATCCTCCGTTAAA-1	4	LGS1	OS	Muller glia	published_fragment_file_unique_RNA_match
4_TATCGAGGTTATCCGT-1	TATCGAGGTTATCCGT-1	4	LGS1	OS	Muller glia	published_fragment_file_unique_RNA_match
4_GATCAAGAGGTTTGAC-1	GATCAAGAGGTTTGAC-1	4	LGS1	OS	Muller glia	published_fragment_file_unique_RNA_match
4_ACTTGTCGTGCAACTA-1	ACTTGTCGTGCAACTA-1	4	LGS1	OS	Muller glia	published_fragment_file_unique_RNA_match
4_GATTCAGGTTCCGGGA-1	GATTCAGGTTCCGGGA-1	4	LGS1	OS	Muller glia	published_fragment_file_unique_RNA_match
4_TAGAGCCGTACCGTTT-1	TAGAGCCGTACCGTTT-1	4	LGS1	OS	Muller glia	published_fragment_file_unique_RNA_match
4_TTTGACCGTTACCGGG-1	TTTGACCGTTACCGGG-1	4	LGS1	OS	Muller glia	published_fragment_file_unique_RNA_match
4_CTGACATAGATGGAGC-1	CTGACATAGATGGAGC-1	4	LGS1	OS	Muller glia	published_fragment_file_unique_RNA_match
4_GCCACAATCCTTGCAC-1	GCCACAATCCTTGCAC-1	4	LGS1	OS	Muller glia	published_fragment_file_unique_RNA_match
4_TAGCCGGGTTAAGCCA-1	TAGCCGGGTTAAGCCA-1	4	LGS1	OS	Muller glia	published_fragment_file_unique_RNA_match
4_CGCGATTCATTTAAGC-1	CGCGATTCATTTAAGC-1	4	LGS1	OS	Muller glia	published_fragment_file_unique_RNA_match
4_GCGATATTCCGTTAAA-1	GCGATATTCCGTTAAA-1	4	LGS1	OS	Muller glia	published_fragment_file_unique_RNA_match
4_TGCATCCTCGATTATG-1	TGCATCCTCGATTATG-1	4	LGS1	OS	Muller glia	published_fragment_file_unique_RNA_match
4_GTATTCAAGGTATTGC-1	GTATTCAAGGTATTGC-1	4	LGS1	OS	Muller glia	published_fragment_file_unique_RNA_match
4_TTGCAAGGTGGTGAGA-1	TTGCAAGGTGGTGAGA-1	4	LGS1	OS	Muller glia	published_fragment_file_unique_RNA_match
4_TACTAAGTCCAAGTTA-1	TACTAAGTCCAAGTTA-1	4	LGS1	OS	Muller glia	published_fragment_file_unique_RNA_match
4_GTGCACGGTTTGTGGA-1	GTGCACGGTTTGTGGA-1	4	LGS1	OS	Muller glia	published_fragment_file_unique_RNA_match
4_CGTAATGGTATGGTGC-1	CGTAATGGTATGGTGC-1	4	LGS1	OS	Muller glia	published_fragment_file_unique_RNA_match
4_CTAGTGAGTAAGTCGC-1	CTAGTGAGTAAGTCGC-1	4	LGS1	OS	Muller glia	published_fragment_file_unique_RNA_match
4_TGGTCAGTCCTAAGAC-1	TGGTCAGTCCTAAGAC-1	4	LGS1	OS	Muller glia	published_fragment_file_unique_RNA_match
4_AGGTTGCGTTATCGAG-1	AGGTTGCGTTATCGAG-1	4	LGS1	OS	Muller glia	published_fragment_file_unique_RNA_match
4_CGTTTGGAGGCCAATT-1	CGTTTGGAGGCCAATT-1	4	LGS1	OS	Muller glia	published_fragment_file_unique_RNA_match
4_GTACAATGTGATTACG-1	GTACAATGTGATTACG-1	4	LGS1	OS	Muller glia	published_fragment_file_unique_RNA_match
4_CGCTCAGCACGTGCTG-1	CGCTCAGCACGTGCTG-1	4	LGS1	OS	Muller glia	published_fragment_file_unique_RNA_match
4_TAATTGCCAATTTGGT-1	TAATTGCCAATTTGGT-1	4	LGS1	OS	Muller glia	published_fragment_file_unique_RNA_match
4_ATCAATCCAATCCCTT-1	ATCAATCCAATCCCTT-1	4	LGS1	OS	Muller glia	published_fragment_file_unique_RNA_match
4_GTGTCCAAGGGCCACT-1	GTGTCCAAGGGCCACT-1	4	LGS1	OS	Muller glia	published_fragment_file_unique_RNA_match
4_AACAGATAGCAGGCCT-1	AACAGATAGCAGGCCT-1	4	LGS1	OS	Muller glia	published_fragment_file_unique_RNA_match
4_ATGTCATCATCGCTCC-1	ATGTCATCATCGCTCC-1	4	LGS1	OS	Muller glia	published_fragment_file_unique_RNA_match
4_CTTAGTTTCCTAATGA-1	CTTAGTTTCCTAATGA-1	4	LGS1	OS	Muller glia	published_fragment_file_unique_RNA_match
4_GCCCATAAGCGGATAA-1	GCCCATAAGCGGATAA-1	4	LGS1	OS	Muller glia	published_fragment_file_unique_RNA_match
4_CGAATATGTTCACCCA-1	CGAATATGTTCACCCA-1	4	LGS1	OS	Muller glia	published_fragment_file_unique_RNA_match
4_TCATACTTCATAAGCC-1	TCATACTTCATAAGCC-1	4	LGS1	OS	Muller glia	published_fragment_file_unique_RNA_match
4_ATGGCTGTCCGCAAAT-1	ATGGCTGTCCGCAAAT-1	4	LGS1	OS	Muller glia	published_fragment_file_unique_RNA_match
4_ACACTTGCACTAGGTC-1	ACACTTGCACTAGGTC-1	4	LGS1	OS	Muller glia	published_fragment_file_unique_RNA_match
4_AGGCTAAAGTCAGTAC-1	AGGCTAAAGTCAGTAC-1	4	LGS1	OS	Muller glia	published_fragment_file_unique_RNA_match
4_TGATCACAGCATGGTT-1	TGATCACAGCATGGTT-1	4	LGS1	OS	Muller glia	published_fragment_file_unique_RNA_match
4_AAGACATAGCGGTTAT-1	AAGACATAGCGGTTAT-1	4	LGS1	OS	Muller glia	published_fragment_file_unique_RNA_match
4_TTGCAATCAAGGGTTG-1	TTGCAATCAAGGGTTG-1	4	LGS1	OS	Muller glia	published_fragment_file_unique_RNA_match
4_AGCCTAGTCCCTGTTA-1	AGCCTAGTCCCTGTTA-1	4	LGS1	OS	Muller glia	published_fragment_file_unique_RNA_match
4_CGGTTTGAGCCAAATC-1	CGGTTTGAGCCAAATC-1	4	LGS1	OS	Muller glia	published_fragment_file_unique_RNA_match
4_GCCTGACAGCGGCTGT-1	GCCTGACAGCGGCTGT-1	4	LGS1	OS	Muller glia	published_fragment_file_unique_RNA_match
4_ACTAATCCAATACTGT-1	ACTAATCCAATACTGT-1	4	LGS1	OS	Muller glia	published_fragment_file_unique_RNA_match
4_CCACATTGTCATTGTC-1	CCACATTGTCATTGTC-1	4	LGS1	OS	Muller glia	published_fragment_file_unique_RNA_match
4_ATGGTTATCGATCAGT-1	ATGGTTATCGATCAGT-1	4	LGS1	OS	Muller glia	published_fragment_file_unique_RNA_match
4_GTCAGGCTCAATACGC-1	GTCAGGCTCAATACGC-1	4	LGS1	OS	Muller glia	published_fragment_file_unique_RNA_match
4_AAGCATGAGTGTTGCG-1	AAGCATGAGTGTTGCG-1	4	LGS1	OS	Muller glia	published_fragment_file_unique_RNA_match
4_AAGACATAGTTAGAGG-1	AAGACATAGTTAGAGG-1	4	LGS1	OS	Muller glia	published_fragment_file_unique_RNA_match
4_CAAGGTAAGGGCTTAT-1	CAAGGTAAGGGCTTAT-1	4	LGS1	OS	Muller glia	published_fragment_file_unique_RNA_match
4_TACGCTTGTTGAAGCC-1	TACGCTTGTTGAAGCC-1	4	LGS1	OS	Muller glia	published_fragment_file_unique_RNA_match
4_TAAGCCAGTGCTGGTG-1	TAAGCCAGTGCTGGTG-1	4	LGS1	OS	Muller glia	published_fragment_file_unique_RNA_match
4_CGAGCTGGTTAAGCCA-1	CGAGCTGGTTAAGCCA-1	4	LGS1	OS	Muller glia	published_fragment_file_unique_RNA_match
4_TGTCCTGGTCTCAGCC-1	TGTCCTGGTCTCAGCC-1	4	LGS1	OS	Muller glia	published_fragment_file_unique_RNA_match
4_CGTTGCGCACGAATCC-1	CGTTGCGCACGAATCC-1	4	LGS1	OS	Muller glia	published_fragment_file_unique_RNA_match
4_TGGTGATTCCACCTGT-1	TGGTGATTCCACCTGT-1	4	LGS1	OS	Muller glia	published_fragment_file_unique_RNA_match
4_GGACATAAGGTAAGGC-1	GGACATAAGGTAAGGC-1	4	LGS1	OS	Muller glia	published_fragment_file_unique_RNA_match
4_CATGCGCAGTCAGTAC-1	CATGCGCAGTCAGTAC-1	4	LGS1	OS	Muller glia	published_fragment_file_unique_RNA_match
4_TCATGAGGTTAGCCAA-1	TCATGAGGTTAGCCAA-1	4	LGS1	OS	Muller glia	published_fragment_file_unique_RNA_match
4_CGCATGATCTGTGCCT-1	CGCATGATCTGTGCCT-1	4	LGS1	OS	Muller glia	published_fragment_file_unique_RNA_match
4_GATTGTTCACTAGCGT-1	GATTGTTCACTAGCGT-1	4	LGS1	OS	Muller glia	published_fragment_file_unique_RNA_match
4_CTCGCTAGTTACCGGG-1	CTCGCTAGTTACCGGG-1	4	LGS1	OS	Muller glia	published_fragment_file_unique_RNA_match
4_GTTAAACGTGTTGTAG-1	GTTAAACGTGTTGTAG-1	4	LGS1	OS	Muller glia	published_fragment_file_unique_RNA_match
4_GCAGCCAGTGATGAAA-1	GCAGCCAGTGATGAAA-1	4	LGS1	OS	Muller glia	published_fragment_file_unique_RNA_match
4_GGCAAGCCATCCTGAA-1	GGCAAGCCATCCTGAA-1	4	LGS1	OS	Muller glia	published_fragment_file_unique_RNA_match
4_TTAGCGGTCTTTAAGG-1	TTAGCGGTCTTTAAGG-1	4	LGS1	OS	Muller glia	published_fragment_file_unique_RNA_match
4_GGCTGAGAGTAGCGGG-1	GGCTGAGAGTAGCGGG-1	4	LGS1	OS	Muller glia	published_fragment_file_unique_RNA_match
4_ACACTAATCTTTGAGA-1	ACACTAATCTTTGAGA-1	4	LGS1	OS	Muller glia	published_fragment_file_unique_RNA_match
4_ATTTGCGCATTAGCGC-1	ATTTGCGCATTAGCGC-1	4	LGS1	OS	Muller glia	published_fragment_file_unique_RNA_match
4_TCAAGAACAATGCGCT-1	TCAAGAACAATGCGCT-1	4	LGS1	OS	Muller glia	published_fragment_file_unique_RNA_match
4_GCTGGTTCAGTAGGAT-1	GCTGGTTCAGTAGGAT-1	4	LGS1	OS	Muller glia	published_fragment_file_unique_RNA_match
4_GATTAAGCATCCCGCT-1	GATTAAGCATCCCGCT-1	4	LGS1	OS	Muller glia	published_fragment_file_unique_RNA_match
4_TGGCTAAGTCATTACC-1	TGGCTAAGTCATTACC-1	4	LGS1	OS	Muller glia	published_fragment_file_unique_RNA_match
4_AGAACCAAGGAGGCAT-1	AGAACCAAGGAGGCAT-1	4	LGS1	OS	Muller glia	published_fragment_file_unique_RNA_match
4_CCATTGTGTTACTTGC-1	CCATTGTGTTACTTGC-1	4	LGS1	OS	Muller glia	published_fragment_file_unique_RNA_match
4_TTATCCGTCGCGCTAA-1	TTATCCGTCGCGCTAA-1	4	LGS1	OS	Muller glia	published_fragment_file_unique_RNA_match
4_TACCCGGCAATATACC-1	TACCCGGCAATATACC-1	4	LGS1	OS	Muller glia	published_fragment_file_unique_RNA_match
4_CGCAATTAGTTACCGG-1	CGCAATTAGTTACCGG-1	4	LGS1	OS	Muller glia	published_fragment_file_unique_RNA_match
4_CATTGCGAGACTTATG-1	CATTGCGAGACTTATG-1	4	LGS1	OS	Muller glia	published_fragment_file_unique_RNA_match
4_CTGTTCATCATTGTTC-1	CTGTTCATCATTGTTC-1	4	LGS1	OS	Muller glia	published_fragment_file_unique_RNA_match
4_GAAGCTAAGGCCTTAG-1	GAAGCTAAGGCCTTAG-1	4	LGS1	OS	Muller glia	published_fragment_file_unique_RNA_match
4_CTTGGACCATCCCGCT-1	CTTGGACCATCCCGCT-1	4	LGS1	OS	Muller glia	published_fragment_file_unique_RNA_match
4_CCGCTAGCATTCAGCA-1	CCGCTAGCATTCAGCA-1	4	LGS1	OS	Muller glia	published_fragment_file_unique_RNA_match
4_ATTGCGCCATAATCAC-1	ATTGCGCCATAATCAC-1	4	LGS1	OS	Muller glia	published_fragment_file_unique_RNA_match
4_AAGGTCAAGTCACTCC-1	AAGGTCAAGTCACTCC-1	4	LGS1	OS	Muller glia	published_fragment_file_unique_RNA_match
4_GCTAGCGGTCTTGCAT-1	GCTAGCGGTCTTGCAT-1	4	LGS1	OS	Muller glia	published_fragment_file_unique_RNA_match
4_GAGGCAAGTTTAACGG-1	GAGGCAAGTTTAACGG-1	4	LGS1	OS	Muller glia	published_fragment_file_unique_RNA_match
4_GTGATCAGTATTGGAT-1	GTGATCAGTATTGGAT-1	4	LGS1	OS	Muller glia	published_fragment_file_unique_RNA_match
4_TAATGGACAACAGGTG-1	TAATGGACAACAGGTG-1	4	LGS1	OS	Muller glia	published_fragment_file_unique_RNA_match
4_CTAATTGAGATTGAGG-1	CTAATTGAGATTGAGG-1	4	LGS1	OS	Muller glia	published_fragment_file_unique_RNA_match
4_CCTGATGAGGAACGCG-1	CCTGATGAGGAACGCG-1	4	LGS1	OS	Muller glia	published_fragment_file_unique_RNA_match
4_TAGTAACGTTCTTTAG-1	TAGTAACGTTCTTTAG-1	4	LGS1	OS	Muller glia	published_fragment_file_unique_RNA_match
4_CGGTGAACAGATAGAC-1	CGGTGAACAGATAGAC-1	4	LGS1	OS	Muller glia	published_fragment_file_unique_RNA_match
4_TCCACAACAACTAGGG-1	TCCACAACAACTAGGG-1	4	LGS1	OS	Muller glia	published_fragment_file_unique_RNA_match
4_GTTAAGCTCGCACACA-1	GTTAAGCTCGCACACA-1	4	LGS1	OS	Muller glia	published_fragment_file_unique_RNA_match
4_CGCTTGCGTGAACAAA-1	CGCTTGCGTGAACAAA-1	4	LGS1	OS	Muller glia	published_fragment_file_unique_RNA_match
4_GCTTTCATCAGTTCCC-1	GCTTTCATCAGTTCCC-1	4	LGS1	OS	Muller glia	published_fragment_file_unique_RNA_match
4_TGCAATATCAGCAAGA-1	TGCAATATCAGCAAGA-1	4	LGS1	OS	Muller glia	published_fragment_file_unique_RNA_match
4_GATCACTAGCACAGCC-1	GATCACTAGCACAGCC-1	4	LGS1	OS	Muller glia	published_fragment_file_unique_RNA_match
4_TATTAGCCATCAGCAC-1	TATTAGCCATCAGCAC-1	4	LGS1	OS	Muller glia	published_fragment_file_unique_RNA_match
4_TGGATTCAGTGGACAA-1	TGGATTCAGTGGACAA-1	4	LGS1	OS	Muller glia	published_fragment_file_unique_RNA_match
4_TACCAAATCCTCATCA-1	TACCAAATCCTCATCA-1	4	LGS1	OS	Muller glia	published_fragment_file_unique_RNA_match
4_GTATTGCAGTCACGAT-1	GTATTGCAGTCACGAT-1	4	LGS1	OS	Muller glia	published_fragment_file_unique_RNA_match
4_CCATCATGTTCGGGAT-1	CCATCATGTTCGGGAT-1	4	LGS1	OS	Muller glia	published_fragment_file_unique_RNA_match
4_CGTCCTAGTAATCGCA-1	CGTCCTAGTAATCGCA-1	4	LGS1	OS	Muller glia	published_fragment_file_unique_RNA_match
4_GGATGGCCACGCAACT-1	GGATGGCCACGCAACT-1	4	LGS1	OS	Muller glia	published_fragment_file_unique_RNA_match
4_TACAATGTCGAAGCGG-1	TACAATGTCGAAGCGG-1	4	LGS1	OS	Muller glia	published_fragment_file_unique_RNA_match
4_CTCATTGTCCAGCACA-1	CTCATTGTCCAGCACA-1	4	LGS1	OS	Muller glia	published_fragment_file_unique_RNA_match
4_CGTCAATAGTACTGGT-1	CGTCAATAGTACTGGT-1	4	LGS1	OS	Muller glia	published_fragment_file_unique_RNA_match
4_GGTGCTTCAAGTGTCC-1	GGTGCTTCAAGTGTCC-1	4	LGS1	OS	Muller glia	published_fragment_file_unique_RNA_match
4_GCTAACAGTGATTACG-1	GCTAACAGTGATTACG-1	4	LGS1	OS	Muller glia	published_fragment_file_unique_RNA_match
4_ACACTAATCCGCAAAT-1	ACACTAATCCGCAAAT-1	4	LGS1	OS	Muller glia	published_fragment_file_unique_RNA_match
4_AGCGGATAGGACCGCT-1	AGCGGATAGGACCGCT-1	4	LGS1	OS	Muller glia	published_fragment_file_unique_RNA_match
4_CAATCCCTCCAGCACA-1	CAATCCCTCCAGCACA-1	4	LGS1	OS	Muller glia	published_fragment_file_unique_RNA_match
4_TAGCTTGCACAAAGGT-1	TAGCTTGCACAAAGGT-1	4	LGS1	OS	Muller glia	published_fragment_file_unique_RNA_match
4_TGGTCATAGCATTAGC-1	TGGTCATAGCATTAGC-1	4	LGS1	OS	Muller glia	published_fragment_file_unique_RNA_match
4_ACTTACTTCGGTCATG-1	ACTTACTTCGGTCATG-1	4	LGS1	OS	Muller glia	published_fragment_file_unique_RNA_match
4_CGGAATCGTAATTAGC-1	CGGAATCGTAATTAGC-1	4	LGS1	OS	Muller glia	published_fragment_file_unique_RNA_match
4_GTCCGTAAGGTCATTA-1	GTCCGTAAGGTCATTA-1	4	LGS1	OS	Muller glia	published_fragment_file_unique_RNA_match
4_TCATGCCTCGTGCTAG-1	TCATGCCTCGTGCTAG-1	4	LGS1	OS	Muller glia	published_fragment_file_unique_RNA_match
4_ATCCATAAGTCCTTTG-1	ATCCATAAGTCCTTTG-1	4	LGS1	OS	Muller glia	published_fragment_file_unique_RNA_match
4_CTAGCGGGTTGGTTGA-1	CTAGCGGGTTGGTTGA-1	4	LGS1	OS	Muller glia	published_fragment_file_unique_RNA_match
4_CAGCCTAAGGATCACT-1	CAGCCTAAGGATCACT-1	4	LGS1	OS	Muller glia	published_fragment_file_unique_RNA_match
4_AGAGGAACATACCCGG-1	AGAGGAACATACCCGG-1	4	LGS1	OS	Muller glia	published_fragment_file_unique_RNA_match
4_TCCACAACAGTGAACG-1	TCCACAACAGTGAACG-1	4	LGS1	OS	Muller glia	published_fragment_file_unique_RNA_match
4_TGCAAGCGTTCAAGCA-1	TGCAAGCGTTCAAGCA-1	4	LGS1	OS	Muller glia	published_fragment_file_unique_RNA_match
4_CAAACAACAAATATCC-1	CAAACAACAAATATCC-1	4	LGS1	OS	Muller glia	published_fragment_file_unique_RNA_match
4_TAAACAGCAACTGGGA-1	TAAACAGCAACTGGGA-1	4	LGS1	OS	Muller glia	published_fragment_file_unique_RNA_match
4_CTCCATCAGCATTATG-1	CTCCATCAGCATTATG-1	4	LGS1	OS	Muller glia	published_fragment_file_unique_RNA_match
4_TCCTCTAAGTATGTGC-1	TCCTCTAAGTATGTGC-1	4	LGS1	OS	Muller glia	published_fragment_file_unique_RNA_match
4_CGTAATGGTACCGTAA-1	CGTAATGGTACCGTAA-1	4	LGS1	OS	Muller glia	published_fragment_file_unique_RNA_match
4_CCTACTTCAGCAACCT-1	CCTACTTCAGCAACCT-1	4	LGS1	OS	Muller glia	published_fragment_file_unique_RNA_match
4_CGATTTGCAAGTCGCT-1	CGATTTGCAAGTCGCT-1	4	LGS1	OS	Muller glia	published_fragment_file_unique_RNA_match
4_ATTTAGGTCATCCTAT-1	ATTTAGGTCATCCTAT-1	4	LGS1	OS	Muller glia	published_fragment_file_unique_RNA_match
4_TGACCAAGTAATAACC-1	TGACCAAGTAATAACC-1	4	LGS1	OS	Muller glia	published_fragment_file_unique_RNA_match
4_AGGCTAGCACGAATCC-1	AGGCTAGCACGAATCC-1	4	LGS1	OS	Muller glia	published_fragment_file_unique_RNA_match
4_GCAATAGAGTCCTTTG-1	GCAATAGAGTCCTTTG-1	4	LGS1	OS	Muller glia	published_fragment_file_unique_RNA_match
4_CTGTACCTCAAGACTC-1	CTGTACCTCAAGACTC-1	4	LGS1	OS	Muller glia	published_fragment_file_unique_RNA_match
4_CAACTAATCATGGTTA-1	CAACTAATCATGGTTA-1	4	LGS1	OS	Muller glia	published_fragment_file_unique_RNA_match
4_GCCGTGAGTGCTTAGA-1	GCCGTGAGTGCTTAGA-1	4	LGS1	OS	Muller glia	published_fragment_file_unique_RNA_match
4_TTTGTCTAGTCAGGCC-1	TTTGTCTAGTCAGGCC-1	4	LGS1	OS	Muller glia	published_fragment_file_unique_RNA_match
4_GCCTTTGGTCGTAATG-1	GCCTTTGGTCGTAATG-1	4	LGS1	OS	Muller glia	published_fragment_file_unique_RNA_match
4_GCCAGGAAGGCAATAG-1	GCCAGGAAGGCAATAG-1	4	LGS1	OS	Muller glia	published_fragment_file_unique_RNA_match
4_CCGGTAGGTTAAGGTT-1	CCGGTAGGTTAAGGTT-1	4	LGS1	OS	Muller glia	published_fragment_file_unique_RNA_match
4_GGAGCATAGGTATTGC-1	GGAGCATAGGTATTGC-1	4	LGS1	OS	Muller glia	published_fragment_file_unique_RNA_match
4_GTTGCGGGTGGTTATG-1	GTTGCGGGTGGTTATG-1	4	LGS1	OS	Muller glia	published_fragment_file_unique_RNA_match
4_GATAAGCCACAGGAAT-1	GATAAGCCACAGGAAT-1	4	LGS1	OS	Muller glia	published_fragment_file_unique_RNA_match
4_GACATTATCGATCAGT-1	GACATTATCGATCAGT-1	4	LGS1	OS	Muller glia	published_fragment_file_unique_RNA_match
4_GCTGGATGTTCGGGAT-1	GCTGGATGTTCGGGAT-1	4	LGS1	OS	Muller glia	published_fragment_file_unique_RNA_match
4_AATGAAGGTTAGTTGG-1	AATGAAGGTTAGTTGG-1	4	LGS1	OS	Muller glia	published_fragment_file_unique_RNA_match
4_CCAAGGCTCACATTGA-1	CCAAGGCTCACATTGA-1	4	LGS1	OS	Muller glia	published_fragment_file_unique_RNA_match
4_AAGGATGTCTACCTAT-1	AAGGATGTCTACCTAT-1	4	LGS1	OS	Muller glia	published_fragment_file_unique_RNA_match
4_ACTATGTCACGCAACT-1	ACTATGTCACGCAACT-1	4	LGS1	OS	Muller glia	published_fragment_file_unique_RNA_match
4_GCCGTGAGTAACGAGG-1	GCCGTGAGTAACGAGG-1	4	LGS1	OS	Muller glia	published_fragment_file_unique_RNA_match
4_GAGCTTAGTTTAGTCC-1	GAGCTTAGTTTAGTCC-1	4	LGS1	OS	Muller glia	published_fragment_file_unique_RNA_match
4_GAAGTAAGTGAGGTAG-1	GAAGTAAGTGAGGTAG-1	4	LGS1	OS	Muller glia	published_fragment_file_unique_RNA_match
4_GAAACCCGTTGCATCT-1	GAAACCCGTTGCATCT-1	4	LGS1	OS	Muller glia	published_fragment_file_unique_RNA_match
4_AAGTGAAGTAACCAGC-1	AAGTGAAGTAACCAGC-1	4	LGS1	OS	Muller glia	published_fragment_file_unique_RNA_match
4_GCCTGCTGTCTAGCTT-1	GCCTGCTGTCTAGCTT-1	4	LGS1	OS	Muller glia	published_fragment_file_unique_RNA_match
4_TATTACCTCATTTGCT-1	TATTACCTCATTTGCT-1	4	LGS1	OS	Muller glia	published_fragment_file_unique_RNA_match
5_CGTCCTAGTATTGGAT-1	CGTCCTAGTATTGGAT-1	5	LGS2	OD	Muller glia	published_fragment_file_unique_RNA_match
5_TGGTAAACACCTGCTC-1	TGGTAAACACCTGCTC-1	5	LGS2	OD	Muller glia	published_fragment_file_unique_RNA_match
5_AGAAACTAGTGAGCGG-1	AGAAACTAGTGAGCGG-1	5	LGS2	OD	Muller glia	published_fragment_file_unique_RNA_match
5_ATAACGACAGGATGGC-1	ATAACGACAGGATGGC-1	5	LGS2	OD	Muller glia	published_fragment_file_unique_RNA_match
5_CTTACCTCAACCTGGT-1	CTTACCTCAACCTGGT-1	5	LGS2	OD	Muller glia	published_fragment_file_unique_RNA_match
5_GCCATGATCGGTAACT-1	GCCATGATCGGTAACT-1	5	LGS2	OD	Muller glia	published_fragment_file_unique_RNA_match
5_ACCTGGTCAGCATGAG-1	ACCTGGTCAGCATGAG-1	5	LGS2	OD	Muller glia	published_fragment_file_unique_RNA_match
5_GTATTGTCAATGAATG-1	GTATTGTCAATGAATG-1	5	LGS2	OD	Muller glia	published_fragment_file_unique_RNA_match
5_CCAGCTAAGCTTACTT-1	CCAGCTAAGCTTACTT-1	5	LGS2	OD	Muller glia	published_fragment_file_unique_RNA_match
5_GCACGGTTCGAAGTAG-1	GCACGGTTCGAAGTAG-1	5	LGS2	OD	Muller glia	published_fragment_file_unique_RNA_match
5_CAATGTCAGCGGCTGT-1	CAATGTCAGCGGCTGT-1	5	LGS2	OD	Muller glia	published_fragment_file_unique_RNA_match
5_AGGACGTAGCCGGTAC-1	AGGACGTAGCCGGTAC-1	5	LGS2	OD	Muller glia	published_fragment_file_unique_RNA_match
5_CGGAATCGTATTCGCT-1	CGGAATCGTATTCGCT-1	5	LGS2	OD	Muller glia	published_fragment_file_unique_RNA_match
5_CGGGCTTAGAACCTGT-1	CGGGCTTAGAACCTGT-1	5	LGS2	OD	Muller glia	published_fragment_file_unique_RNA_match
5_CAGGTGGAGGTAACGA-1	CAGGTGGAGGTAACGA-1	5	LGS2	OD	Muller glia	published_fragment_file_unique_RNA_match
5_AGGACTAAGGAACCAA-1	AGGACTAAGGAACCAA-1	5	LGS2	OD	Muller glia	published_fragment_file_unique_RNA_match
5_AGGAACGGTTAGAGCC-1	AGGAACGGTTAGAGCC-1	5	LGS2	OD	Muller glia	published_fragment_file_unique_RNA_match
5_TACAGCTAGTTCCTGC-1	TACAGCTAGTTCCTGC-1	5	LGS2	OD	Muller glia	published_fragment_file_unique_RNA_match
5_CTACCTCAGCTTGCTC-1	CTACCTCAGCTTGCTC-1	5	LGS2	OD	Muller glia	published_fragment_file_unique_RNA_match
5_CTTAACAAGGTTACGT-1	CTTAACAAGGTTACGT-1	5	LGS2	OD	Muller glia	published_fragment_file_unique_RNA_match
5_TTTGACTTCAGGAACA-1	TTTGACTTCAGGAACA-1	5	LGS2	OD	Muller glia	published_fragment_file_unique_RNA_match
5_GAAGGATGTTTGCGCC-1	GAAGGATGTTTGCGCC-1	5	LGS2	OD	Muller glia	published_fragment_file_unique_RNA_match
5_GAGCGATAGGACCTCA-1	GAGCGATAGGACCTCA-1	5	LGS2	OD	Muller glia	published_fragment_file_unique_RNA_match
5_CCCTCATAGCAAGGTA-1	CCCTCATAGCAAGGTA-1	5	LGS2	OD	Muller glia	published_fragment_file_unique_RNA_match
5_TGCATGAGTTTACCGT-1	TGCATGAGTTTACCGT-1	5	LGS2	OD	Muller glia	published_fragment_file_unique_RNA_match
5_TTAGACTCAAACCTAT-1	TTAGACTCAAACCTAT-1	5	LGS2	OD	Muller glia	published_fragment_file_unique_RNA_match
5_GACCTGCAGAGAGGAG-1	GACCTGCAGAGAGGAG-1	5	LGS2	OD	Muller glia	published_fragment_file_unique_RNA_match
5_AACGCTAGTGGATGTC-1	AACGCTAGTGGATGTC-1	5	LGS2	OD	Muller glia	published_fragment_file_unique_RNA_match
5_GGCATTGTCGACAAAG-1	GGCATTGTCGACAAAG-1	5	LGS2	OD	Muller glia	published_fragment_file_unique_RNA_match
5_AAAGGCTCAACGTGCT-1	AAAGGCTCAACGTGCT-1	5	LGS2	OD	Muller glia	published_fragment_file_unique_RNA_match
5_GTAAGCTTCCGCACAA-1	GTAAGCTTCCGCACAA-1	5	LGS2	OD	Muller glia	published_fragment_file_unique_RNA_match
5_GGACCTCAGGAACGGT-1	GGACCTCAGGAACGGT-1	5	LGS2	OD	Muller glia	published_fragment_file_unique_RNA_match
5_CCCTCACCACTAAGTT-1	CCCTCACCACTAAGTT-1	5	LGS2	OD	Muller glia	published_fragment_file_unique_RNA_match
5_CGCAATAGTTGTCATC-1	CGCAATAGTTGTCATC-1	5	LGS2	OD	Muller glia	published_fragment_file_unique_RNA_match
5_GCTTGACCAAACTGTT-1	GCTTGACCAAACTGTT-1	5	LGS2	OD	Muller glia	published_fragment_file_unique_RNA_match
5_AAGCTCCCAAACTGTT-1	AAGCTCCCAAACTGTT-1	5	LGS2	OD	Muller glia	published_fragment_file_unique_RNA_match
5_AGCGGACCAAAGCTAA-1	AGCGGACCAAAGCTAA-1	5	LGS2	OD	Muller glia	published_fragment_file_unique_RNA_match
5_TTCCCACAGTGCTGTG-1	TTCCCACAGTGCTGTG-1	5	LGS2	OD	Muller glia	published_fragment_file_unique_RNA_match
5_CGATGTCCACGGTACT-1	CGATGTCCACGGTACT-1	5	LGS2	OD	Muller glia	published_fragment_file_unique_RNA_match
5_GGAGCAAGTTGTCATC-1	GGAGCAAGTTGTCATC-1	5	LGS2	OD	Muller glia	published_fragment_file_unique_RNA_match
5_CTTCAGGAGCTCATAA-1	CTTCAGGAGCTCATAA-1	5	LGS2	OD	Muller glia	published_fragment_file_unique_RNA_match
5_ATGTAACGTCCTAAGA-1	ATGTAACGTCCTAAGA-1	5	LGS2	OD	Muller glia	published_fragment_file_unique_RNA_match
5_GCTTACCTCATGGTTA-1	GCTTACCTCATGGTTA-1	5	LGS2	OD	Muller glia	published_fragment_file_unique_RNA_match
5_TGGTGCATCCATAAGC-1	TGGTGCATCCATAAGC-1	5	LGS2	OD	Muller glia	published_fragment_file_unique_RNA_match
5_ACTCACCTCCGGTTGA-1	ACTCACCTCCGGTTGA-1	5	LGS2	OD	Muller glia	published_fragment_file_unique_RNA_match
5_TTGACGTAGGCCTAAT-1	TTGACGTAGGCCTAAT-1	5	LGS2	OD	Muller glia	published_fragment_file_unique_RNA_match
5_TGGTTCCTCATGCATA-1	TGGTTCCTCATGCATA-1	5	LGS2	OD	Muller glia	published_fragment_file_unique_RNA_match
5_CGGAGTCTCAGCTAAC-1	CGGAGTCTCAGCTAAC-1	5	LGS2	OD	Muller glia	published_fragment_file_unique_RNA_match
5_GCATCCTTCTTAAGTG-1	GCATCCTTCTTAAGTG-1	5	LGS2	OD	Muller glia	published_fragment_file_unique_RNA_match
5_CTGGTCAAGGCTAATC-1	CTGGTCAAGGCTAATC-1	5	LGS2	OD	Muller glia	published_fragment_file_unique_RNA_match
5_CGGATAAAGCCTCTGT-1	CGGATAAAGCCTCTGT-1	5	LGS2	OD	Muller glia	published_fragment_file_unique_RNA_match
5_TGGACCGGTTCACCCA-1	TGGACCGGTTCACCCA-1	5	LGS2	OD	Muller glia	published_fragment_file_unique_RNA_match
5_AGGTATTGTTACGCGG-1	AGGTATTGTTACGCGG-1	5	LGS2	OD	Muller glia	published_fragment_file_unique_RNA_match
5_ACTAAAGCAACAGGTG-1	ACTAAAGCAACAGGTG-1	5	LGS2	OD	Muller glia	published_fragment_file_unique_RNA_match
5_TCTCACCAGCAGGTTT-1	TCTCACCAGCAGGTTT-1	5	LGS2	OD	Muller glia	published_fragment_file_unique_RNA_match
5_GTACTTAAGGCCTGGT-1	GTACTTAAGGCCTGGT-1	5	LGS2	OD	Muller glia	published_fragment_file_unique_RNA_match
5_ATTGCACAGACTATTG-1	ATTGCACAGACTATTG-1	5	LGS2	OD	Muller glia	published_fragment_file_unique_RNA_match
5_ACTTACAAGCCACAAT-1	ACTTACAAGCCACAAT-1	5	LGS2	OD	Muller glia	published_fragment_file_unique_RNA_match
5_TAAACAGCACTAAGTT-1	TAAACAGCACTAAGTT-1	5	LGS2	OD	Muller glia	published_fragment_file_unique_RNA_match
5_ACTTATCTCTAGCTAA-1	ACTTATCTCTAGCTAA-1	5	LGS2	OD	Muller glia	published_fragment_file_unique_RNA_match
5_TTGACTAAGCCACAAT-1	TTGACTAAGCCACAAT-1	5	LGS2	OD	Muller glia	published_fragment_file_unique_RNA_match
5_GCGCTTAAGGAGGGTT-1	GCGCTTAAGGAGGGTT-1	5	LGS2	OD	Muller glia	published_fragment_file_unique_RNA_match
5_CATCCTCAGGCGAAAC-1	CATCCTCAGGCGAAAC-1	5	LGS2	OD	Muller glia	published_fragment_file_unique_RNA_match
5_TACCTTTAGCATCCAG-1	TACCTTTAGCATCCAG-1	5	LGS2	OD	Muller glia	published_fragment_file_unique_RNA_match
5_CCACATTGTGTTGTAG-1	CCACATTGTGTTGTAG-1	5	LGS2	OD	Muller glia	published_fragment_file_unique_RNA_match
5_CAAACTGGTTGCTGGG-1	CAAACTGGTTGCTGGG-1	5	LGS2	OD	Muller glia	published_fragment_file_unique_RNA_match
5_CCATTGTGTCATGAGC-1	CCATTGTGTCATGAGC-1	5	LGS2	OD	Muller glia	published_fragment_file_unique_RNA_match
5_CTTTAGTTCATGTCAA-1	CTTTAGTTCATGTCAA-1	5	LGS2	OD	Muller glia	published_fragment_file_unique_RNA_match
5_GATTGGCGTTTGGGCG-1	GATTGGCGTTTGGGCG-1	5	LGS2	OD	Muller glia	published_fragment_file_unique_RNA_match
5_TGGCCTGCAACAGGAT-1	TGGCCTGCAACAGGAT-1	5	LGS2	OD	Muller glia	published_fragment_file_unique_RNA_match
5_ATTGGTTCAACTAGAA-1	ATTGGTTCAACTAGAA-1	5	LGS2	OD	Muller glia	published_fragment_file_unique_RNA_match
5_CTAGGCGGTGATGAGG-1	CTAGGCGGTGATGAGG-1	5	LGS2	OD	Muller glia	published_fragment_file_unique_RNA_match
5_TGTAATGTCAGCACGC-1	TGTAATGTCAGCACGC-1	5	LGS2	OD	Muller glia	published_fragment_file_unique_RNA_match
5_GCAAGTCGTCGACTAA-1	GCAAGTCGTCGACTAA-1	5	LGS2	OD	Muller glia	published_fragment_file_unique_RNA_match
5_AGGAACCAGCGATAGA-1	AGGAACCAGCGATAGA-1	5	LGS2	OD	Muller glia	published_fragment_file_unique_RNA_match
5_CTTTGGTGTTTGACCT-1	CTTTGGTGTTTGACCT-1	5	LGS2	OD	Muller glia	published_fragment_file_unique_RNA_match
5_TTACGTTTCACAGCCA-1	TTACGTTTCACAGCCA-1	5	LGS2	OD	Muller glia	published_fragment_file_unique_RNA_match
5_GCATGAAAGTCTCACC-1	GCATGAAAGTCTCACC-1	5	LGS2	OD	Muller glia	published_fragment_file_unique_RNA_match
5_GAGGTACAGGCTACAT-1	GAGGTACAGGCTACAT-1	5	LGS2	OD	Muller glia	published_fragment_file_unique_RNA_match
5_AGCTAAACATTGTGTG-1	AGCTAAACATTGTGTG-1	5	LGS2	OD	Muller glia	published_fragment_file_unique_RNA_match
5_TGAAACTGTTAATGAC-1	TGAAACTGTTAATGAC-1	5	LGS2	OD	Muller glia	published_fragment_file_unique_RNA_match
5_CAACCCTTCTAGCTTT-1	CAACCCTTCTAGCTTT-1	5	LGS2	OD	Muller glia	published_fragment_file_unique_RNA_match
5_GCGATTTAGAGCCGCT-1	GCGATTTAGAGCCGCT-1	5	LGS2	OD	Muller glia	published_fragment_file_unique_RNA_match
5_CTAAGTCAGTTTCCTG-1	CTAAGTCAGTTTCCTG-1	5	LGS2	OD	Muller glia	published_fragment_file_unique_RNA_match
5_TCGTGCTTCGTTATCT-1	TCGTGCTTCGTTATCT-1	5	LGS2	OD	Muller glia	published_fragment_file_unique_RNA_match
5_TCCTCTAAGGATGATG-1	TCCTCTAAGGATGATG-1	5	LGS2	OD	Muller glia	published_fragment_file_unique_RNA_match
5_GTAGCGCTCACCATTT-1	GTAGCGCTCACCATTT-1	5	LGS2	OD	Muller glia	published_fragment_file_unique_RNA_match
5_GCTGGTTCAGGCGATA-1	GCTGGTTCAGGCGATA-1	5	LGS2	OD	Muller glia	published_fragment_file_unique_RNA_match
5_TGATGAACAAGGACCA-1	TGATGAACAAGGACCA-1	5	LGS2	OD	Muller glia	published_fragment_file_unique_RNA_match
5_ATTGAAGCAAGCTTTG-1	ATTGAAGCAAGCTTTG-1	5	LGS2	OD	Muller glia	published_fragment_file_unique_RNA_match
5_CAACCCTTCACAAGCT-1	CAACCCTTCACAAGCT-1	5	LGS2	OD	Muller glia	published_fragment_file_unique_RNA_match
5_GCGTTTCTCAACAAGG-1	GCGTTTCTCAACAAGG-1	5	LGS2	OD	Muller glia	published_fragment_file_unique_RNA_match
5_TGGTCAAGTCATGCAA-1	TGGTCAAGTCATGCAA-1	5	LGS2	OD	Muller glia	published_fragment_file_unique_RNA_match
5_TGATCAATCACTCAAA-1	TGATCAATCACTCAAA-1	5	LGS2	OD	Muller glia	published_fragment_file_unique_RNA_match
5_GTATCGCCAGGAACCA-1	GTATCGCCAGGAACCA-1	5	LGS2	OD	Muller glia	published_fragment_file_unique_RNA_match
5_TAACAAGCATAGACCC-1	TAACAAGCATAGACCC-1	5	LGS2	OD	Muller glia	published_fragment_file_unique_RNA_match
5_GTACTGGTCTAATTGG-1	GTACTGGTCTAATTGG-1	5	LGS2	OD	Muller glia	published_fragment_file_unique_RNA_match
5_CTGACATAGCGGATTT-1	CTGACATAGCGGATTT-1	5	LGS2	OD	Muller glia	published_fragment_file_unique_RNA_match
5_AGTTGCAGTTTGTCTA-1	AGTTGCAGTTTGTCTA-1	5	LGS2	OD	Muller glia	published_fragment_file_unique_RNA_match
5_TTAACTGAGAAGCTAG-1	TTAACTGAGAAGCTAG-1	5	LGS2	OD	Muller glia	published_fragment_file_unique_RNA_match
5_ATTGTCCGTCAGTAAT-1	ATTGTCCGTCAGTAAT-1	5	LGS2	OD	Muller glia	published_fragment_file_unique_RNA_match
5_TACCCGGCATGAGCAG-1	TACCCGGCATGAGCAG-1	5	LGS2	OD	Muller glia	published_fragment_file_unique_RNA_match
5_GCAGGCTTCATGTGGT-1	GCAGGCTTCATGTGGT-1	5	LGS2	OD	Muller glia	published_fragment_file_unique_RNA_match
5_GTTCGCTTCTCACTCA-1	GTTCGCTTCTCACTCA-1	5	LGS2	OD	Muller glia	published_fragment_file_unique_RNA_match
5_CATTGCGAGCTGGCTA-1	CATTGCGAGCTGGCTA-1	5	LGS2	OD	Muller glia	published_fragment_file_unique_RNA_match
5_AGCTATATCAGTTCCC-1	AGCTATATCAGTTCCC-1	5	LGS2	OD	Muller glia	published_fragment_file_unique_RNA_match
5_AAGCTTGGTAATCGTG-1	AAGCTTGGTAATCGTG-1	5	LGS2	OD	Muller glia	published_fragment_file_unique_RNA_match
5_ACCCTGTTCTAGCTTT-1	ACCCTGTTCTAGCTTT-1	5	LGS2	OD	Muller glia	published_fragment_file_unique_RNA_match
5_TAGCGGCTCGGGACTC-1	TAGCGGCTCGGGACTC-1	5	LGS2	OD	Muller glia	published_fragment_file_unique_RNA_match
5_TAATGCATCCTTAGGG-1	TAATGCATCCTTAGGG-1	5	LGS2	OD	Muller glia	published_fragment_file_unique_RNA_match
5_CGCATGATCACAGCCA-1	CGCATGATCACAGCCA-1	5	LGS2	OD	Muller glia	published_fragment_file_unique_RNA_match
5_GTCTAGCCAATAGCCC-1	GTCTAGCCAATAGCCC-1	5	LGS2	OD	Muller glia	published_fragment_file_unique_RNA_match
5_TTAGACTCACATACTG-1	TTAGACTCACATACTG-1	5	LGS2	OD	Muller glia	published_fragment_file_unique_RNA_match
5_ACAACAACAGTTTGTG-1	ACAACAACAGTTTGTG-1	5	LGS2	OD	Muller glia	published_fragment_file_unique_RNA_match
5_CCTGGATCACCTGGTG-1	CCTGGATCACCTGGTG-1	5	LGS2	OD	Muller glia	published_fragment_file_unique_RNA_match
5_GCGCTTGCATGAGTTT-1	GCGCTTGCATGAGTTT-1	5	LGS2	OD	Muller glia	published_fragment_file_unique_RNA_match
5_TAAGCCTAGTAAACCC-1	TAAGCCTAGTAAACCC-1	5	LGS2	OD	Muller glia	published_fragment_file_unique_RNA_match
5_CACCAACCAGGCGAGT-1	CACCAACCAGGCGAGT-1	5	LGS2	OD	Muller glia	published_fragment_file_unique_RNA_match
5_CGTAACCCACAATACT-1	CGTAACCCACAATACT-1	5	LGS2	OD	Muller glia	published_fragment_file_unique_RNA_match
5_CATTGCGAGGAGGCAT-1	CATTGCGAGGAGGCAT-1	5	LGS2	OD	Muller glia	published_fragment_file_unique_RNA_match
5_TTCAACCGTGTTTGTC-1	TTCAACCGTGTTTGTC-1	5	LGS2	OD	Muller glia	published_fragment_file_unique_RNA_match
5_TGTTAGCAGGGCTTAT-1	TGTTAGCAGGGCTTAT-1	5	LGS2	OD	Muller glia	published_fragment_file_unique_RNA_match
5_ACACTTGCAGGTCCTG-1	ACACTTGCAGGTCCTG-1	5	LGS2	OD	Muller glia	published_fragment_file_unique_RNA_match
5_GTCTTGCTCCTCCTAA-1	GTCTTGCTCCTCCTAA-1	5	LGS2	OD	Muller glia	published_fragment_file_unique_RNA_match
5_GTGCTGATCATCCACC-1	GTGCTGATCATCCACC-1	5	LGS2	OD	Muller glia	published_fragment_file_unique_RNA_match
5_CGTCATTGTCATGCCC-1	CGTCATTGTCATGCCC-1	5	LGS2	OD	Muller glia	published_fragment_file_unique_RNA_match
5_TATGGGCGTGATGAAA-1	TATGGGCGTGATGAAA-1	5	LGS2	OD	Muller glia	published_fragment_file_unique_RNA_match
5_TTTCATCAGCACTAAC-1	TTTCATCAGCACTAAC-1	5	LGS2	OD	Muller glia	published_fragment_file_unique_RNA_match
5_TGTGAAACACGTAAGG-1	TGTGAAACACGTAAGG-1	5	LGS2	OD	Muller glia	published_fragment_file_unique_RNA_match
5_TTCCCGCCAAGGTCCT-1	TTCCCGCCAAGGTCCT-1	5	LGS2	OD	Muller glia	published_fragment_file_unique_RNA_match
5_GATCCGTCATTAGCGC-1	GATCCGTCATTAGCGC-1	5	LGS2	OD	Muller glia	published_fragment_file_unique_RNA_match
5_ACGTCCTTCACACAGT-1	ACGTCCTTCACACAGT-1	5	LGS2	OD	Muller glia	published_fragment_file_unique_RNA_match
5_ACCGCAATCCTTGAGG-1	ACCGCAATCCTTGAGG-1	5	LGS2	OD	Muller glia	published_fragment_file_unique_RNA_match
5_GCGCCTTGTCTTTGAC-1	GCGCCTTGTCTTTGAC-1	5	LGS2	OD	Muller glia	published_fragment_file_unique_RNA_match
5_AAGTTTGTCTAACTGA-1	AAGTTTGTCTAACTGA-1	5	LGS2	OD	Muller glia	published_fragment_file_unique_RNA_match
5_GTTTGTTTCCTGGTCT-1	GTTTGTTTCCTGGTCT-1	5	LGS2	OD	Muller glia	published_fragment_file_unique_RNA_match
5_CTCCAAACATTAGGTT-1	CTCCAAACATTAGGTT-1	5	LGS2	OD	Muller glia	published_fragment_file_unique_RNA_match
5_GCGGATACAATTTAGC-1	GCGGATACAATTTAGC-1	5	LGS2	OD	Muller glia	published_fragment_file_unique_RNA_match
5_TACTTGTTCCTTCTAG-1	TACTTGTTCCTTCTAG-1	5	LGS2	OD	Muller glia	published_fragment_file_unique_RNA_match
5_GTAATAGCAGCAGGTA-1	GTAATAGCAGCAGGTA-1	5	LGS2	OD	Muller glia	published_fragment_file_unique_RNA_match
5_CCTAAGGTCCAGCACA-1	CCTAAGGTCCAGCACA-1	5	LGS2	OD	Muller glia	published_fragment_file_unique_RNA_match
5_TCTTAGTTCCAGGTCA-1	TCTTAGTTCCAGGTCA-1	5	LGS2	OD	Muller glia	published_fragment_file_unique_RNA_match
5_TTTGACCGTTAACACG-1	TTTGACCGTTAACACG-1	5	LGS2	OD	Muller glia	published_fragment_file_unique_RNA_match
5_TCACGGATCGCTAGAT-1	TCACGGATCGCTAGAT-1	5	LGS2	OD	Muller glia	published_fragment_file_unique_RNA_match
5_ACCACATAGCAGGTGG-1	ACCACATAGCAGGTGG-1	5	LGS2	OD	Muller glia	published_fragment_file_unique_RNA_match
5_CAAGGTTTCCCTCAAC-1	CAAGGTTTCCCTCAAC-1	5	LGS2	OD	Muller glia	published_fragment_file_unique_RNA_match
5_TAGGGTTTCTTGATGA-1	TAGGGTTTCTTGATGA-1	5	LGS2	OD	Muller glia	published_fragment_file_unique_RNA_match
5_CACTTTGTCTGTGAGT-1	CACTTTGTCTGTGAGT-1	5	LGS2	OD	Muller glia	published_fragment_file_unique_RNA_match
5_GTGTTCCTCTGGTCCT-1	GTGTTCCTCTGGTCCT-1	5	LGS2	OD	Muller glia	published_fragment_file_unique_RNA_match
5_TGCTTCCAGATAAAGC-1	TGCTTCCAGATAAAGC-1	5	LGS2	OD	Muller glia	published_fragment_file_unique_RNA_match
5_TTGTCCCAGTGGCGGA-1	TTGTCCCAGTGGCGGA-1	5	LGS2	OD	Muller glia	published_fragment_file_unique_RNA_match
5_AGCCTCCGTTAACGGC-1	AGCCTCCGTTAACGGC-1	5	LGS2	OD	Muller glia	published_fragment_file_unique_RNA_match
5_GGACCGAAGCATGGTT-1	GGACCGAAGCATGGTT-1	5	LGS2	OD	Muller glia	published_fragment_file_unique_RNA_match
5_TTGTCCATCTTAAGTG-1	TTGTCCATCTTAAGTG-1	5	LGS2	OD	Muller glia	published_fragment_file_unique_RNA_match
5_CACAGGCTCACCTGTC-1	CACAGGCTCACCTGTC-1	5	LGS2	OD	Muller glia	published_fragment_file_unique_RNA_match
5_GAGGCTTGTGCATTTC-1	GAGGCTTGTGCATTTC-1	5	LGS2	OD	Muller glia	published_fragment_file_unique_RNA_match
5_TGTAAGTGTGGACCTG-1	TGTAAGTGTGGACCTG-1	5	LGS2	OD	Muller glia	published_fragment_file_unique_RNA_match
5_CAAACTGGTAGGATTT-1	CAAACTGGTAGGATTT-1	5	LGS2	OD	Muller glia	published_fragment_file_unique_RNA_match
5_GACTATTCAATGAATG-1	GACTATTCAATGAATG-1	5	LGS2	OD	Muller glia	published_fragment_file_unique_RNA_match
5_TGATGAACAGCACCAT-1	TGATGAACAGCACCAT-1	5	LGS2	OD	Muller glia	published_fragment_file_unique_RNA_match
5_GCCCGTTGTTTAAAGC-1	GCCCGTTGTTTAAAGC-1	5	LGS2	OD	Muller glia	published_fragment_file_unique_RNA_match
5_TACGTTAAGCAAGACA-1	TACGTTAAGCAAGACA-1	5	LGS2	OD	Muller glia	published_fragment_file_unique_RNA_match
5_CTGATCACATTGCGGT-1	CTGATCACATTGCGGT-1	5	LGS2	OD	Muller glia	published_fragment_file_unique_RNA_match
5_AATCATGTCACTAATG-1	AATCATGTCACTAATG-1	5	LGS2	OD	Muller glia	published_fragment_file_unique_RNA_match
5_AACAAGCCAGGCAAGC-1	AACAAGCCAGGCAAGC-1	5	LGS2	OD	Muller glia	published_fragment_file_unique_RNA_match
5_AGTCGCATCCGCAAGC-1	AGTCGCATCCGCAAGC-1	5	LGS2	OD	Muller glia	published_fragment_file_unique_RNA_match
5_CTATAACCAGCAACAG-1	CTATAACCAGCAACAG-1	5	LGS2	OD	Muller glia	published_fragment_file_unique_RNA_match
5_GAGCTTAGTTTGTGGA-1	GAGCTTAGTTTGTGGA-1	5	LGS2	OD	Muller glia	published_fragment_file_unique_RNA_match
5_TAGCTAATCTTAGGGT-1	TAGCTAATCTTAGGGT-1	5	LGS2	OD	Muller glia	published_fragment_file_unique_RNA_match
5_TATCACGCACAGGGAC-1	TATCACGCACAGGGAC-1	5	LGS2	OD	Muller glia	published_fragment_file_unique_RNA_match
5_CATTCCTCAGTTTACG-1	CATTCCTCAGTTTACG-1	5	LGS2	OD	Muller glia	published_fragment_file_unique_RNA_match
5_TAGAGCCGTAACGGGA-1	TAGAGCCGTAACGGGA-1	5	LGS2	OD	Muller glia	published_fragment_file_unique_RNA_match
5_AACCTAATCGCTAGCA-1	AACCTAATCGCTAGCA-1	5	LGS2	OD	Muller glia	published_fragment_file_unique_RNA_match
5_GGCGTTATCCTGGTCT-1	GGCGTTATCCTGGTCT-1	5	LGS2	OD	Muller glia	published_fragment_file_unique_RNA_match
5_GATGAGGGTGCAACTA-1	GATGAGGGTGCAACTA-1	5	LGS2	OD	Muller glia	published_fragment_file_unique_RNA_match
5_CTCTCACAGCTCGCTT-1	CTCTCACAGCTCGCTT-1	5	LGS2	OD	Muller glia	published_fragment_file_unique_RNA_match
5_TGCTTGTGTTTATTCG-1	TGCTTGTGTTTATTCG-1	5	LGS2	OD	Muller glia	published_fragment_file_unique_RNA_match
5_CAGGCTATCAAACCTA-1	CAGGCTATCAAACCTA-1	5	LGS2	OD	Muller glia	published_fragment_file_unique_RNA_match
5_CTTGCAACATCTAGCA-1	CTTGCAACATCTAGCA-1	5	LGS2	OD	Muller glia	published_fragment_file_unique_RNA_match
5_CGCTAATAGCTGTACG-1	CGCTAATAGCTGTACG-1	5	LGS2	OD	Muller glia	published_fragment_file_unique_RNA_match
5_AGCCAGTGTACCTTAC-1	AGCCAGTGTACCTTAC-1	5	LGS2	OD	Muller glia	published_fragment_file_unique_RNA_match
5_TCGTTTCCAAGCTTAT-1	TCGTTTCCAAGCTTAT-1	5	LGS2	OD	Muller glia	published_fragment_file_unique_RNA_match
5_AGGGCCTTCCGCATGA-1	AGGGCCTTCCGCATGA-1	5	LGS2	OD	Muller glia	published_fragment_file_unique_RNA_match
5_ACCTGGTCACTCAACA-1	ACCTGGTCACTCAACA-1	5	LGS2	OD	Muller glia	published_fragment_file_unique_RNA_match
5_TGTGCAAGTTTGGGCG-1	TGTGCAAGTTTGGGCG-1	5	LGS2	OD	Muller glia	published_fragment_file_unique_RNA_match
5_AATCCCTGTTAGGACC-1	AATCCCTGTTAGGACC-1	5	LGS2	OD	Muller glia	published_fragment_file_unique_RNA_match
5_GCATGAGCAATGCGCT-1	GCATGAGCAATGCGCT-1	5	LGS2	OD	Muller glia	published_fragment_file_unique_RNA_match
5_AAGCTTGGTGCTCCGT-1	AAGCTTGGTGCTCCGT-1	5	LGS2	OD	Muller glia	published_fragment_file_unique_RNA_match
5_CCTCAGTTCAGGTCCA-1	CCTCAGTTCAGGTCCA-1	5	LGS2	OD	Muller glia	published_fragment_file_unique_RNA_match
5_CCCTGTTAGATGGACA-1	CCCTGTTAGATGGACA-1	5	LGS2	OD	Muller glia	published_fragment_file_unique_RNA_match
5_TTGGATATCTAACCAA-1	TTGGATATCTAACCAA-1	5	LGS2	OD	Muller glia	published_fragment_file_unique_RNA_match
5_CTCATTGTCTAGCTAA-1	CTCATTGTCTAGCTAA-1	5	LGS2	OD	Muller glia	published_fragment_file_unique_RNA_match
5_ATGCATTCATAGCTGC-1	ATGCATTCATAGCTGC-1	5	LGS2	OD	Muller glia	published_fragment_file_unique_RNA_match
5_GTTAACGGTTGGTGAC-1	GTTAACGGTTGGTGAC-1	5	LGS2	OD	Muller glia	published_fragment_file_unique_RNA_match
5_GGTTTGTAGGGTTAGA-1	GGTTTGTAGGGTTAGA-1	5	LGS2	OD	Muller glia	published_fragment_file_unique_RNA_match
5_ATCACACAGGCGAAAC-1	ATCACACAGGCGAAAC-1	5	LGS2	OD	Muller glia	published_fragment_file_unique_RNA_match
5_AGTTGCAGTTTATCGC-1	AGTTGCAGTTTATCGC-1	5	LGS2	OD	Muller glia	published_fragment_file_unique_RNA_match
5_TAACCTAAGTGAGCAA-1	TAACCTAAGTGAGCAA-1	5	LGS2	OD	Muller glia	published_fragment_file_unique_RNA_match
5_TTAGCAATCAGGCCTA-1	TTAGCAATCAGGCCTA-1	5	LGS2	OD	Muller glia	published_fragment_file_unique_RNA_match
5_TAGCAGGCAACGTGCT-1	TAGCAGGCAACGTGCT-1	5	LGS2	OD	Muller glia	published_fragment_file_unique_RNA_match
5_AAGGATTAGCTATATG-1	AAGGATTAGCTATATG-1	5	LGS2	OD	Muller glia	published_fragment_file_unique_RNA_match
5_TCCGGAATCAATGAGG-1	TCCGGAATCAATGAGG-1	5	LGS2	OD	Muller glia	published_fragment_file_unique_RNA_match
5_ACAAAGGTCCCGTTAC-1	ACAAAGGTCCCGTTAC-1	5	LGS2	OD	Muller glia	published_fragment_file_unique_RNA_match
5_CCTATAGCACGTAATT-1	CCTATAGCACGTAATT-1	5	LGS2	OD	Muller glia	published_fragment_file_unique_RNA_match
5_AAGGATCCATATTGAC-1	AAGGATCCATATTGAC-1	5	LGS2	OD	Muller glia	published_fragment_file_unique_RNA_match
5_ATCCGTGAGAACAAGT-1	ATCCGTGAGAACAAGT-1	5	LGS2	OD	Muller glia	published_fragment_file_unique_RNA_match
5_ACCAAGTTCACTCAAA-1	ACCAAGTTCACTCAAA-1	5	LGS2	OD	Muller glia	published_fragment_file_unique_RNA_match
5_CAGCTCAAGAGGGACT-1	CAGCTCAAGAGGGACT-1	5	LGS2	OD	Muller glia	published_fragment_file_unique_RNA_match
5_TCGATTAAGGTGCTGC-1	TCGATTAAGGTGCTGC-1	5	LGS2	OD	Muller glia	published_fragment_file_unique_RNA_match
5_TGTGGCCAGTTTAACG-1	TGTGGCCAGTTTAACG-1	5	LGS2	OD	Muller glia	published_fragment_file_unique_RNA_match
5_AATGCATGTTAGTTGG-1	AATGCATGTTAGTTGG-1	5	LGS2	OD	Muller glia	published_fragment_file_unique_RNA_match
5_GGTAAACCATTATGAC-1	GGTAAACCATTATGAC-1	5	LGS2	OD	Muller glia	published_fragment_file_unique_RNA_match
5_GTTCATTTCAGGCCTA-1	GTTCATTTCAGGCCTA-1	5	LGS2	OD	Muller glia	published_fragment_file_unique_RNA_match
5_GTACACCCAGGCCATT-1	GTACACCCAGGCCATT-1	5	LGS2	OD	Muller glia	published_fragment_file_unique_RNA_match
5_GATCAAGAGGCAAGTA-1	GATCAAGAGGCAAGTA-1	5	LGS2	OD	Muller glia	published_fragment_file_unique_RNA_match
5_GTACTGGTCCTGATTT-1	GTACTGGTCCTGATTT-1	5	LGS2	OD	Muller glia	published_fragment_file_unique_RNA_match
5_ACTGAAACAGCAAGTG-1	ACTGAAACAGCAAGTG-1	5	LGS2	OD	Muller glia	published_fragment_file_unique_RNA_match
5_AGAGGATGTGCCGCAA-1	AGAGGATGTGCCGCAA-1	5	LGS2	OD	Muller glia	published_fragment_file_unique_RNA_match
5_AGCGGATAGGCGCTTA-1	AGCGGATAGGCGCTTA-1	5	LGS2	OD	Muller glia	published_fragment_file_unique_RNA_match
5_CACGCTAAGCCTAACG-1	CACGCTAAGCCTAACG-1	5	LGS2	OD	Muller glia	published_fragment_file_unique_RNA_match
5_CGGCAATGTTAGTACG-1	CGGCAATGTTAGTACG-1	5	LGS2	OD	Muller glia	published_fragment_file_unique_RNA_match
5_ACAAAGGTCAATGTCA-1	ACAAAGGTCAATGTCA-1	5	LGS2	OD	Muller glia	published_fragment_file_unique_RNA_match
5_TGGTAAACAGAGAGCC-1	TGGTAAACAGAGAGCC-1	5	LGS2	OD	Muller glia	published_fragment_file_unique_RNA_match
5_TACTTCGTCCGGTTAG-1	TACTTCGTCCGGTTAG-1	5	LGS2	OD	Muller glia	published_fragment_file_unique_RNA_match
5_AATTAGGCACACAATT-1	AATTAGGCACACAATT-1	5	LGS2	OD	Muller glia	published_fragment_file_unique_RNA_match
5_CGATGTCCACAGGAAT-1	CGATGTCCACAGGAAT-1	5	LGS2	OD	Muller glia	published_fragment_file_unique_RNA_match
5_CATGCGCAGTGAACGA-1	CATGCGCAGTGAACGA-1	5	LGS2	OD	Muller glia	published_fragment_file_unique_RNA_match
5_ATGGTCTAGCTGGCTA-1	ATGGTCTAGCTGGCTA-1	5	LGS2	OD	Muller glia	published_fragment_file_unique_RNA_match
5_CGTTTCTCACTTAACG-1	CGTTTCTCACTTAACG-1	5	LGS2	OD	Muller glia	published_fragment_file_unique_RNA_match
5_GTTCTCATCGTAACGT-1	GTTCTCATCGTAACGT-1	5	LGS2	OD	Muller glia	published_fragment_file_unique_RNA_match
5_CGATCCTTCCAGGAAA-1	CGATCCTTCCAGGAAA-1	5	LGS2	OD	Muller glia	published_fragment_file_unique_RNA_match
5_TGTGTTAAGGGACTAA-1	TGTGTTAAGGGACTAA-1	5	LGS2	OD	Muller glia	published_fragment_file_unique_RNA_match
5_TTAGCAGGTTGAAGCC-1	TTAGCAGGTTGAAGCC-1	5	LGS2	OD	Muller glia	published_fragment_file_unique_RNA_match
5_CTAGCGGGTATCTGGA-1	CTAGCGGGTATCTGGA-1	5	LGS2	OD	Muller glia	published_fragment_file_unique_RNA_match
5_TGATCAGGTTTGAGGC-1	TGATCAGGTTTGAGGC-1	5	LGS2	OD	Muller glia	published_fragment_file_unique_RNA_match
5_GATCAGTTCACGCATG-1	GATCAGTTCACGCATG-1	5	LGS2	OD	Muller glia	published_fragment_file_unique_RNA_match
5_GGTGATTTCTAAGGAG-1	GGTGATTTCTAAGGAG-1	5	LGS2	OD	Muller glia	published_fragment_file_unique_RNA_match
5_ATGAGCCGTATTCGTC-1	ATGAGCCGTATTCGTC-1	5	LGS2	OD	Muller glia	published_fragment_file_unique_RNA_match
5_CATTGTAAGCGTGCGT-1	CATTGTAAGCGTGCGT-1	5	LGS2	OD	Muller glia	published_fragment_file_unique_RNA_match
5_TACGCTTGTCATGCCC-1	TACGCTTGTCATGCCC-1	5	LGS2	OD	Muller glia	published_fragment_file_unique_RNA_match
5_ACAACATGTAAAGCAA-1	ACAACATGTAAAGCAA-1	5	LGS2	OD	Muller glia	published_fragment_file_unique_RNA_match
5_TGCTAGCCAAACGGGC-1	TGCTAGCCAAACGGGC-1	5	LGS2	OD	Muller glia	published_fragment_file_unique_RNA_match
5_TGCTTTAGTTCGCTTG-1	TGCTTTAGTTCGCTTG-1	5	LGS2	OD	Muller glia	published_fragment_file_unique_RNA_match
5_ACTTATCTCACTCAAA-1	ACTTATCTCACTCAAA-1	5	LGS2	OD	Muller glia	published_fragment_file_unique_RNA_match
5_CTGCTACTCATTGTTC-1	CTGCTACTCATTGTTC-1	5	LGS2	OD	Muller glia	published_fragment_file_unique_RNA_match
5_CGACCTGCAACAACAA-1	CGACCTGCAACAACAA-1	5	LGS2	OD	Muller glia	published_fragment_file_unique_RNA_match
5_CACATTAAGTTATTCC-1	CACATTAAGTTATTCC-1	5	LGS2	OD	Muller glia	published_fragment_file_unique_RNA_match
5_AGAGGAACAATTAGCT-1	AGAGGAACAATTAGCT-1	5	LGS2	OD	Muller glia	published_fragment_file_unique_RNA_match
5_AGCACAGCATTGCGGT-1	AGCACAGCATTGCGGT-1	5	LGS2	OD	Muller glia	published_fragment_file_unique_RNA_match
5_ACCTACCTCATGGCTG-1	ACCTACCTCATGGCTG-1	5	LGS2	OD	Muller glia	published_fragment_file_unique_RNA_match
5_TTAGACTCACAAACTT-1	TTAGACTCACAAACTT-1	5	LGS2	OD	Muller glia	published_fragment_file_unique_RNA_match
5_GGCTATGTCTGTGCAG-1	GGCTATGTCTGTGCAG-1	5	LGS2	OD	Muller glia	published_fragment_file_unique_RNA_match
5_CTGGACCAGAATCGCT-1	CTGGACCAGAATCGCT-1	5	LGS2	OD	Muller glia	published_fragment_file_unique_RNA_match
5_GGTATTTCATTAAGCT-1	GGTATTTCATTAAGCT-1	5	LGS2	OD	Muller glia	published_fragment_file_unique_RNA_match
5_AAACATGCACGGTTTA-1	AAACATGCACGGTTTA-1	5	LGS2	OD	Muller glia	published_fragment_file_unique_RNA_match
5_AAGCTTGGTTAGTGAT-1	AAGCTTGGTTAGTGAT-1	5	LGS2	OD	Muller glia	published_fragment_file_unique_RNA_match
5_CACCAACCATGGAGGC-1	CACCAACCATGGAGGC-1	5	LGS2	OD	Muller glia	published_fragment_file_unique_RNA_match
5_ACAACACTCCCTCAGT-1	ACAACACTCCCTCAGT-1	5	LGS2	OD	Muller glia	published_fragment_file_unique_RNA_match
5_GCATTAGGTCGCGCAA-1	GCATTAGGTCGCGCAA-1	5	LGS2	OD	Muller glia	published_fragment_file_unique_RNA_match
5_GGTTTCCTCTTGCAGG-1	GGTTTCCTCTTGCAGG-1	5	LGS2	OD	Muller glia	published_fragment_file_unique_RNA_match
5_TGAGAACCATGAATCT-1	TGAGAACCATGAATCT-1	5	LGS2	OD	Muller glia	published_fragment_file_unique_RNA_match
5_GTGTAACTCGTAATCA-1	GTGTAACTCGTAATCA-1	5	LGS2	OD	Muller glia	published_fragment_file_unique_RNA_match
5_ACGAGTAAGCTCCCTG-1	ACGAGTAAGCTCCCTG-1	5	LGS2	OD	Muller glia	published_fragment_file_unique_RNA_match
5_TGGACCGGTTAGCGTA-1	TGGACCGGTTAGCGTA-1	5	LGS2	OD	Muller glia	published_fragment_file_unique_RNA_match
5_CTCTTGATCCTCACAC-1	CTCTTGATCCTCACAC-1	5	LGS2	OD	Muller glia	published_fragment_file_unique_RNA_match
5_TTGTGCCTCCTTCTAG-1	TTGTGCCTCCTTCTAG-1	5	LGS2	OD	Muller glia	published_fragment_file_unique_RNA_match
5_TGTTAGCAGACAACGA-1	TGTTAGCAGACAACGA-1	5	LGS2	OD	Muller glia	published_fragment_file_unique_RNA_match
5_TTAGCGGTCCTCACTA-1	TTAGCGGTCCTCACTA-1	5	LGS2	OD	Muller glia	published_fragment_file_unique_RNA_match
5_TGGACCGGTGACCTGG-1	TGGACCGGTGACCTGG-1	5	LGS2	OD	Muller glia	published_fragment_file_unique_RNA_match
5_CACTTTGTCAGGAAGC-1	CACTTTGTCAGGAAGC-1	5	LGS2	OD	Muller glia	published_fragment_file_unique_RNA_match
5_CTAGTAATCCCTCTAA-1	CTAGTAATCCCTCTAA-1	5	LGS2	OD	Muller glia	published_fragment_file_unique_RNA_match
5_TATTAGCCATCTTGAG-1	TATTAGCCATCTTGAG-1	5	LGS2	OD	Muller glia	published_fragment_file_unique_RNA_match
5_GCAATGTTCGTTAAGC-1	GCAATGTTCGTTAAGC-1	5	LGS2	OD	Muller glia	published_fragment_file_unique_RNA_match
5_AACCTCACAATAATGG-1	AACCTCACAATAATGG-1	5	LGS2	OD	Muller glia	published_fragment_file_unique_RNA_match
5_TACAAGCTCAAACCGT-1	TACAAGCTCAAACCGT-1	5	LGS2	OD	Muller glia	published_fragment_file_unique_RNA_match
5_GAAGGCTAGCCTGACA-1	GAAGGCTAGCCTGACA-1	5	LGS2	OD	Muller glia	published_fragment_file_unique_RNA_match
5_CCACATTGTCAGGCCA-1	CCACATTGTCAGGCCA-1	5	LGS2	OD	Muller glia	published_fragment_file_unique_RNA_match
5_GGTAGGAGTACCGTTT-1	GGTAGGAGTACCGTTT-1	5	LGS2	OD	Muller glia	published_fragment_file_unique_RNA_match
5_AGTATAGCAGGTTAAA-1	AGTATAGCAGGTTAAA-1	5	LGS2	OD	Muller glia	published_fragment_file_unique_RNA_match
5_TTAGAAGCATAGACCC-1	TTAGAAGCATAGACCC-1	5	LGS2	OD	Muller glia	published_fragment_file_unique_RNA_match
5_CTTCTCAAGAGGAAGG-1	CTTCTCAAGAGGAAGG-1	5	LGS2	OD	Muller glia	published_fragment_file_unique_RNA_match
5_GGTTAATGTGTTGCTT-1	GGTTAATGTGTTGCTT-1	5	LGS2	OD	Muller glia	published_fragment_file_unique_RNA_match
5_CGGTAACGTTGGTGAC-1	CGGTAACGTTGGTGAC-1	5	LGS2	OD	Muller glia	published_fragment_file_unique_RNA_match
5_GTGGATGCAATAACGA-1	GTGGATGCAATAACGA-1	5	LGS2	OD	Muller glia	published_fragment_file_unique_RNA_match
5_GACCTTTGTTAATGCG-1	GACCTTTGTTAATGCG-1	5	LGS2	OD	Muller glia	published_fragment_file_unique_RNA_match
5_GAAAGGCTCGCTAAGT-1	GAAAGGCTCGCTAAGT-1	5	LGS2	OD	Muller glia	published_fragment_file_unique_RNA_match
5_GCAGGTTGTGCTCCAC-1	GCAGGTTGTGCTCCAC-1	5	LGS2	OD	Muller glia	published_fragment_file_unique_RNA_match
5_GTTTAACCAAAGCGGC-1	GTTTAACCAAAGCGGC-1	5	LGS2	OD	Muller glia	published_fragment_file_unique_RNA_match
5_ATTTGCGCATGGCCCA-1	ATTTGCGCATGGCCCA-1	5	LGS2	OD	Muller glia	published_fragment_file_unique_RNA_match
5_CTAGTGAGTGTAACCA-1	CTAGTGAGTGTAACCA-1	5	LGS2	OD	Muller glia	published_fragment_file_unique_RNA_match
5_ATCGCCCGTGATTACG-1	ATCGCCCGTGATTACG-1	5	LGS2	OD	Muller glia	published_fragment_file_unique_RNA_match
5_ATTTGTGAGTTTGGTA-1	ATTTGTGAGTTTGGTA-1	5	LGS2	OD	Muller glia	published_fragment_file_unique_RNA_match
5_CAGCTATAGCTCATAA-1	CAGCTATAGCTCATAA-1	5	LGS2	OD	Muller glia	published_fragment_file_unique_RNA_match
5_TTTCTCACAATGCCTA-1	TTTCTCACAATGCCTA-1	5	LGS2	OD	Muller glia	published_fragment_file_unique_RNA_match
5_GAGTTACTCTATCGCC-1	GAGTTACTCTATCGCC-1	5	LGS2	OD	Muller glia	published_fragment_file_unique_RNA_match
5_CGCAATGTCCCGTTAC-1	CGCAATGTCCCGTTAC-1	5	LGS2	OD	Muller glia	published_fragment_file_unique_RNA_match
5_GGACAGCCATATTGAC-1	GGACAGCCATATTGAC-1	5	LGS2	OD	Muller glia	published_fragment_file_unique_RNA_match
5_TTGGGCGGTTAATGCG-1	TTGGGCGGTTAATGCG-1	5	LGS2	OD	Muller glia	published_fragment_file_unique_RNA_match
5_TAGTAAGCATCACTTC-1	TAGTAAGCATCACTTC-1	5	LGS2	OD	Muller glia	published_fragment_file_unique_RNA_match
5_AGCTTAATCCTGGCTT-1	AGCTTAATCCTGGCTT-1	5	LGS2	OD	Muller glia	published_fragment_file_unique_RNA_match
5_CAATAAGCAGAAATGC-1	CAATAAGCAGAAATGC-1	5	LGS2	OD	Muller glia	published_fragment_file_unique_RNA_match
5_AGGATGCAGACAGGTA-1	AGGATGCAGACAGGTA-1	5	LGS2	OD	Muller glia	published_fragment_file_unique_RNA_match
5_TACTTCGTCACCAATA-1	TACTTCGTCACCAATA-1	5	LGS2	OD	Muller glia	published_fragment_file_unique_RNA_match
5_GTGCCTTTCCAAACAC-1	GTGCCTTTCCAAACAC-1	5	LGS2	OD	Muller glia	published_fragment_file_unique_RNA_match
5_GGTTGCATCAAGCCTG-1	GGTTGCATCAAGCCTG-1	5	LGS2	OD	Muller glia	published_fragment_file_unique_RNA_match
5_CAATGTCAGACAGGCG-1	CAATGTCAGACAGGCG-1	5	LGS2	OD	Muller glia	published_fragment_file_unique_RNA_match
5_GATGCTTAGGCCAATT-1	GATGCTTAGGCCAATT-1	5	LGS2	OD	Muller glia	published_fragment_file_unique_RNA_match
5_CTTGCGCGTACCAGGT-1	CTTGCGCGTACCAGGT-1	5	LGS2	OD	Muller glia	published_fragment_file_unique_RNA_match
5_TACCTCATCTTAGGGT-1	TACCTCATCTTAGGGT-1	5	LGS2	OD	Muller glia	published_fragment_file_unique_RNA_match
5_CTCTTGATCACGCGGT-1	CTCTTGATCACGCGGT-1	5	LGS2	OD	Muller glia	published_fragment_file_unique_RNA_match
5_AAAGGACGTATTGCAG-1	AAAGGACGTATTGCAG-1	5	LGS2	OD	Muller glia	published_fragment_file_unique_RNA_match
5_GATCACTAGGGTTAGA-1	GATCACTAGGGTTAGA-1	5	LGS2	OD	Muller glia	published_fragment_file_unique_RNA_match
5_GTGAATCTCATCCTAT-1	GTGAATCTCATCCTAT-1	5	LGS2	OD	Muller glia	published_fragment_file_unique_RNA_match
5_ACCTTGCTCTTTGTAC-1	ACCTTGCTCTTTGTAC-1	5	LGS2	OD	Muller glia	published_fragment_file_unique_RNA_match
5_GTATTCAAGAATCGCT-1	GTATTCAAGAATCGCT-1	5	LGS2	OD	Muller glia	published_fragment_file_unique_RNA_match
5_CTTAAGGGTAAATTGC-1	CTTAAGGGTAAATTGC-1	5	LGS2	OD	Muller glia	published_fragment_file_unique_RNA_match
5_ATCCTTAGTTCGGTAA-1	ATCCTTAGTTCGGTAA-1	5	LGS2	OD	Muller glia	published_fragment_file_unique_RNA_match
5_AATATCCCAAGGCCAA-1	AATATCCCAAGGCCAA-1	5	LGS2	OD	Muller glia	published_fragment_file_unique_RNA_match
5_TATGAAGCATAAGCAA-1	TATGAAGCATAAGCAA-1	5	LGS2	OD	Muller glia	published_fragment_file_unique_RNA_match
5_CCTAATAAGCCACATG-1	CCTAATAAGCCACATG-1	5	LGS2	OD	Muller glia	published_fragment_file_unique_RNA_match
5_AGTCAGGCACTAAGTT-1	AGTCAGGCACTAAGTT-1	5	LGS2	OD	Muller glia	published_fragment_file_unique_RNA_match
5_AACCTCCTCCAAGTGT-1	AACCTCCTCCAAGTGT-1	5	LGS2	OD	Muller glia	published_fragment_file_unique_RNA_match
5_TTGTTGCGTACGATTG-1	TTGTTGCGTACGATTG-1	5	LGS2	OD	Muller glia	published_fragment_file_unique_RNA_match
5_GGTCTTTGTGAAGCCT-1	GGTCTTTGTGAAGCCT-1	5	LGS2	OD	Muller glia	published_fragment_file_unique_RNA_match
5_AATCTCAAGAGAAGGG-1	AATCTCAAGAGAAGGG-1	5	LGS2	OD	Muller glia	published_fragment_file_unique_RNA_match
5_GTGAATCTCGCTAAAC-1	GTGAATCTCGCTAAAC-1	5	LGS2	OD	Muller glia	published_fragment_file_unique_RNA_match
5_GTTGGAGCACAAAGAC-1	GTTGGAGCACAAAGAC-1	5	LGS2	OD	Muller glia	published_fragment_file_unique_RNA_match
5_AGGACGTAGTCATGCG-1	AGGACGTAGTCATGCG-1	5	LGS2	OD	Muller glia	published_fragment_file_unique_RNA_match
5_TACGGATTCATGACCG-1	TACGGATTCATGACCG-1	5	LGS2	OD	Muller glia	published_fragment_file_unique_RNA_match
5_TACGCTTGTTTGAGCA-1	TACGCTTGTTTGAGCA-1	5	LGS2	OD	Muller glia	published_fragment_file_unique_RNA_match
5_GTACTAGGTGTTTGCT-1	GTACTAGGTGTTTGCT-1	5	LGS2	OD	Muller glia	published_fragment_file_unique_RNA_match
5_ATTGCTCGTCGACTAA-1	ATTGCTCGTCGACTAA-1	5	LGS2	OD	Muller glia	published_fragment_file_unique_RNA_match
5_TAATGCATCGATTCTT-1	TAATGCATCGATTCTT-1	5	LGS2	OD	Muller glia	published_fragment_file_unique_RNA_match
5_TTTCCTGAGCATGTCG-1	TTTCCTGAGCATGTCG-1	5	LGS2	OD	Muller glia	published_fragment_file_unique_RNA_match
5_AGTACGCGTGTGTCCC-1	AGTACGCGTGTGTCCC-1	5	LGS2	OD	Muller glia	published_fragment_file_unique_RNA_match
5_CTGACATAGTTAGAGG-1	CTGACATAGTTAGAGG-1	5	LGS2	OD	Muller glia	published_fragment_file_unique_RNA_match
5_ACGAGTAAGTGCACGC-1	ACGAGTAAGTGCACGC-1	5	LGS2	OD	Muller glia	published_fragment_file_unique_RNA_match
5_TGTCATAAGCATGAAG-1	TGTCATAAGCATGAAG-1	5	LGS2	OD	Muller glia	published_fragment_file_unique_RNA_match
5_GAGAAACGTGATCAGC-1	GAGAAACGTGATCAGC-1	5	LGS2	OD	Muller glia	published_fragment_file_unique_RNA_match
5_GGTTTGTAGAGCCGCT-1	GGTTTGTAGAGCCGCT-1	5	LGS2	OD	Muller glia	published_fragment_file_unique_RNA_match
5_AGGTGAGGTTCCAGGG-1	AGGTGAGGTTCCAGGG-1	5	LGS2	OD	Muller glia	published_fragment_file_unique_RNA_match
5_CACATACAGGCATGTT-1	CACATACAGGCATGTT-1	5	LGS2	OD	Muller glia	published_fragment_file_unique_RNA_match
5_ATCCAACAGTAAACCC-1	ATCCAACAGTAAACCC-1	5	LGS2	OD	Muller glia	published_fragment_file_unique_RNA_match
5_AATCAGGAGTTTAACG-1	AATCAGGAGTTTAACG-1	5	LGS2	OD	Muller glia	published_fragment_file_unique_RNA_match
5_TATTTGCTCCTCATCA-1	TATTTGCTCCTCATCA-1	5	LGS2	OD	Muller glia	published_fragment_file_unique_RNA_match
5_AGTAATCGTCATTGAG-1	AGTAATCGTCATTGAG-1	5	LGS2	OD	Muller glia	published_fragment_file_unique_RNA_match
5_CATCCTGGTTATTGCC-1	CATCCTGGTTATTGCC-1	5	LGS2	OD	Muller glia	published_fragment_file_unique_RNA_match
5_ATGAATGCACGTTACA-1	ATGAATGCACGTTACA-1	5	LGS2	OD	Muller glia	published_fragment_file_unique_RNA_match
5_TCCGCCATCTGGCAAT-1	TCCGCCATCTGGCAAT-1	5	LGS2	OD	Muller glia	published_fragment_file_unique_RNA_match
5_GACCTGATCACTCAAA-1	GACCTGATCACTCAAA-1	5	LGS2	OD	Muller glia	published_fragment_file_unique_RNA_match
5_AGTTGTCAGCATGAAG-1	AGTTGTCAGCATGAAG-1	5	LGS2	OD	Muller glia	published_fragment_file_unique_RNA_match
5_AGTGCACGTACCAGGT-1	AGTGCACGTACCAGGT-1	5	LGS2	OD	Muller glia	published_fragment_file_unique_RNA_match
5_ACGCTTGAGGGTTATC-1	ACGCTTGAGGGTTATC-1	5	LGS2	OD	Muller glia	published_fragment_file_unique_RNA_match
5_TTCGGTACAAAGCGGC-1	TTCGGTACAAAGCGGC-1	5	LGS2	OD	Muller glia	published_fragment_file_unique_RNA_match
5_CGGAGCAAGTCTCACC-1	CGGAGCAAGTCTCACC-1	5	LGS2	OD	Muller glia	published_fragment_file_unique_RNA_match
5_TTGCCCGTCGGGATTT-1	TTGCCCGTCGGGATTT-1	5	LGS2	OD	Muller glia	published_fragment_file_unique_RNA_match
5_TTTCATCAGGCCGGAA-1	TTTCATCAGGCCGGAA-1	5	LGS2	OD	Muller glia	published_fragment_file_unique_RNA_match
5_TACCTTAGTTTGCAGA-1	TACCTTAGTTTGCAGA-1	5	LGS2	OD	Muller glia	published_fragment_file_unique_RNA_match
5_AGGGCCTTCAGGTCCA-1	AGGGCCTTCAGGTCCA-1	5	LGS2	OD	Muller glia	published_fragment_file_unique_RNA_match
5_ACCATAATCATGCTCC-1	ACCATAATCATGCTCC-1	5	LGS2	OD	Muller glia	published_fragment_file_unique_RNA_match
5_ATTGAAGCATTAAACC-1	ATTGAAGCATTAAACC-1	5	LGS2	OD	Muller glia	published_fragment_file_unique_RNA_match
5_TTGTAAGTCCGCATGA-1	TTGTAAGTCCGCATGA-1	5	LGS2	OD	Muller glia	published_fragment_file_unique_RNA_match
5_TTGCGAGTCCCATAGG-1	TTGCGAGTCCCATAGG-1	5	LGS2	OD	Muller glia	published_fragment_file_unique_RNA_match
5_TAAGGACCAGCATGTC-1	TAAGGACCAGCATGTC-1	5	LGS2	OD	Muller glia	published_fragment_file_unique_RNA_match
5_CGTTTGGAGTTTGCGG-1	CGTTTGGAGTTTGCGG-1	5	LGS2	OD	Muller glia	published_fragment_file_unique_RNA_match
5_ACGTTACAGAATCGCT-1	ACGTTACAGAATCGCT-1	5	LGS2	OD	Muller glia	published_fragment_file_unique_RNA_match
5_CTTCAGGAGCTAAAGG-1	CTTCAGGAGCTAAAGG-1	5	LGS2	OD	Muller glia	published_fragment_file_unique_RNA_match
5_GGTCCTGCAATAGCCC-1	GGTCCTGCAATAGCCC-1	5	LGS2	OD	Muller glia	published_fragment_file_unique_RNA_match
5_TCTAACCGTAAACAAG-1	TCTAACCGTAAACAAG-1	5	LGS2	OD	Muller glia	published_fragment_file_unique_RNA_match
5_ATATGCATCCTAATTC-1	ATATGCATCCTAATTC-1	5	LGS2	OD	Muller glia	published_fragment_file_unique_RNA_match
5_GGTGATTTCGTTATCT-1	GGTGATTTCGTTATCT-1	5	LGS2	OD	Muller glia	published_fragment_file_unique_RNA_match
5_GGTTGGTGTTCACCAT-1	GGTTGGTGTTCACCAT-1	5	LGS2	OD	Muller glia	published_fragment_file_unique_RNA_match
5_ACCGGCTAGTACCGCA-1	ACCGGCTAGTACCGCA-1	5	LGS2	OD	Muller glia	published_fragment_file_unique_RNA_match
5_GTTACTAAGGCATGTT-1	GTTACTAAGGCATGTT-1	5	LGS2	OD	Muller glia	published_fragment_file_unique_RNA_match
5_GGGCATGAGTCACGAT-1	GGGCATGAGTCACGAT-1	5	LGS2	OD	Muller glia	published_fragment_file_unique_RNA_match
5_AGTGTGGCAATAATGG-1	AGTGTGGCAATAATGG-1	5	LGS2	OD	Muller glia	published_fragment_file_unique_RNA_match
5_GGACCGAAGGTCGAGG-1	GGACCGAAGGTCGAGG-1	5	LGS2	OD	Muller glia	published_fragment_file_unique_RNA_match
5_CTTCTCAAGCCGCTAA-1	CTTCTCAAGCCGCTAA-1	5	LGS2	OD	Muller glia	published_fragment_file_unique_RNA_match
5_ATGGACAAGGATCACT-1	ATGGACAAGGATCACT-1	5	LGS2	OD	Muller glia	published_fragment_file_unique_RNA_match
5_TTTGACTTCAAGTGAG-1	TTTGACTTCAAGTGAG-1	5	LGS2	OD	Muller glia	published_fragment_file_unique_RNA_match
5_TTTAACCTCGTTATAG-1	TTTAACCTCGTTATAG-1	5	LGS2	OD	Muller glia	published_fragment_file_unique_RNA_match
5_CTCGACAAGGCAATAG-1	CTCGACAAGGCAATAG-1	5	LGS2	OD	Muller glia	published_fragment_file_unique_RNA_match
5_ACTTCGCTCTAAGTCA-1	ACTTCGCTCTAAGTCA-1	5	LGS2	OD	Muller glia	published_fragment_file_unique_RNA_match
5_ACTCACCTCTGTGCCT-1	ACTCACCTCTGTGCCT-1	5	LGS2	OD	Muller glia	published_fragment_file_unique_RNA_match
5_ATTCCTCCACAGAACG-1	ATTCCTCCACAGAACG-1	5	LGS2	OD	Muller glia	published_fragment_file_unique_RNA_match
5_CCTAGTTGTGAGCACT-1	CCTAGTTGTGAGCACT-1	5	LGS2	OD	Muller glia	published_fragment_file_unique_RNA_match
5_ATTCCGGAGTCCTGAG-1	ATTCCGGAGTCCTGAG-1	5	LGS2	OD	Muller glia	published_fragment_file_unique_RNA_match
5_AAGCGTTTCTTTGTAC-1	AAGCGTTTCTTTGTAC-1	5	LGS2	OD	Muller glia	published_fragment_file_unique_RNA_match
5_CTGCTACTCAGGGCCT-1	CTGCTACTCAGGGCCT-1	5	LGS2	OD	Muller glia	published_fragment_file_unique_RNA_match
5_AACAGCAAGGTTTACA-1	AACAGCAAGGTTTACA-1	5	LGS2	OD	Muller glia	published_fragment_file_unique_RNA_match
5_ATTAGCGGTTGTCATC-1	ATTAGCGGTTGTCATC-1	5	LGS2	OD	Muller glia	published_fragment_file_unique_RNA_match
5_TCCTCACAGACACCGC-1	TCCTCACAGACACCGC-1	5	LGS2	OD	Muller glia	published_fragment_file_unique_RNA_match
5_TTTCCGGGTTAGCGTA-1	TTTCCGGGTTAGCGTA-1	5	LGS2	OD	Muller glia	published_fragment_file_unique_RNA_match
5_AATGTCCAGCGCTCAA-1	AATGTCCAGCGCTCAA-1	5	LGS2	OD	Muller glia	published_fragment_file_unique_RNA_match
5_CTTCACTCATCGCTCC-1	CTTCACTCATCGCTCC-1	5	LGS2	OD	Muller glia	published_fragment_file_unique_RNA_match
5_GCCTCGACACCTCGCT-1	GCCTCGACACCTCGCT-1	5	LGS2	OD	Muller glia	published_fragment_file_unique_RNA_match
5_GTTTAGCAGGCCCAGT-1	GTTTAGCAGGCCCAGT-1	5	LGS2	OD	Muller glia	published_fragment_file_unique_RNA_match
5_GTCCTAGAGCGGATTT-1	GTCCTAGAGCGGATTT-1	5	LGS2	OD	Muller glia	published_fragment_file_unique_RNA_match
5_TCAAGTATCGCTAGCA-1	TCAAGTATCGCTAGCA-1	5	LGS2	OD	Muller glia	published_fragment_file_unique_RNA_match
5_CTAAAGCTCCGCAAAT-1	CTAAAGCTCCGCAAAT-1	5	LGS2	OD	Muller glia	published_fragment_file_unique_RNA_match
5_CGCTAACCATTGTGAT-1	CGCTAACCATTGTGAT-1	5	LGS2	OD	Muller glia	published_fragment_file_unique_RNA_match
5_TGGTCAGTCCGCCTAT-1	TGGTCAGTCCGCCTAT-1	5	LGS2	OD	Muller glia	published_fragment_file_unique_RNA_match
5_CAGGTTAGTCAGGCCA-1	CAGGTTAGTCAGGCCA-1	5	LGS2	OD	Muller glia	published_fragment_file_unique_RNA_match
5_GCAACAGCAATTGAAG-1	GCAACAGCAATTGAAG-1	5	LGS2	OD	Muller glia	published_fragment_file_unique_RNA_match
5_ATTCCTAGTGTGCACG-1	ATTCCTAGTGTGCACG-1	5	LGS2	OD	Muller glia	published_fragment_file_unique_RNA_match
5_ACCCAACCAGTTTCTC-1	ACCCAACCAGTTTCTC-1	5	LGS2	OD	Muller glia	published_fragment_file_unique_RNA_match
5_CTCGTTATCGGTTTGG-1	CTCGTTATCGGTTTGG-1	5	LGS2	OD	Muller glia	published_fragment_file_unique_RNA_match
5_TGCATCCTCGCTTGCT-1	TGCATCCTCGCTTGCT-1	5	LGS2	OD	Muller glia	published_fragment_file_unique_RNA_match
5_AACCTAATCTTTAGGA-1	AACCTAATCTTTAGGA-1	5	LGS2	OD	Muller glia	published_fragment_file_unique_RNA_match
5_GCCAATTAGCATGGTT-1	GCCAATTAGCATGGTT-1	5	LGS2	OD	Muller glia	published_fragment_file_unique_RNA_match
5_TCTACCTCACTAAGTT-1	TCTACCTCACTAAGTT-1	5	LGS2	OD	Muller glia	published_fragment_file_unique_RNA_match
5_TACTTCGTCCCGCATT-1	TACTTCGTCCCGCATT-1	5	LGS2	OD	Muller glia	published_fragment_file_unique_RNA_match
5_TACGTACAGCGCAATT-1	TACGTACAGCGCAATT-1	5	LGS2	OD	Muller glia	published_fragment_file_unique_RNA_match
5_TCTTCAAGTATTGCAG-1	TCTTCAAGTATTGCAG-1	5	LGS2	OD	Muller glia	published_fragment_file_unique_RNA_match
5_CAAACACTCGCAGGCT-1	CAAACACTCGCAGGCT-1	5	LGS2	OD	Muller glia	published_fragment_file_unique_RNA_match
5_GTCCAGGGTACTGAAT-1	GTCCAGGGTACTGAAT-1	5	LGS2	OD	Muller glia	published_fragment_file_unique_RNA_match
5_TGAACAGAGTGAACCT-1	TGAACAGAGTGAACCT-1	5	LGS2	OD	Muller glia	published_fragment_file_unique_RNA_match
5_TGGATTCAGCTCATAA-1	TGGATTCAGCTCATAA-1	5	LGS2	OD	Muller glia	published_fragment_file_unique_RNA_match
5_CAACAGGCACAAAGAC-1	CAACAGGCACAAAGAC-1	5	LGS2	OD	Muller glia	published_fragment_file_unique_RNA_match
5_CGTTATCGTTAGGATT-1	CGTTATCGTTAGGATT-1	5	LGS2	OD	Muller glia	published_fragment_file_unique_RNA_match
5_CAATCGCCAGCAACCT-1	CAATCGCCAGCAACCT-1	5	LGS2	OD	Muller glia	published_fragment_file_unique_RNA_match
5_ATGGACAAGTCACTCC-1	ATGGACAAGTCACTCC-1	5	LGS2	OD	Muller glia	published_fragment_file_unique_RNA_match
5_ATTACCCGTGAACAAA-1	ATTACCCGTGAACAAA-1	5	LGS2	OD	Muller glia	published_fragment_file_unique_RNA_match
5_CGAAGAATCTCACTAT-1	CGAAGAATCTCACTAT-1	5	LGS2	OD	Muller glia	published_fragment_file_unique_RNA_match
5_GACCTGCAGAATCTCA-1	GACCTGCAGAATCTCA-1	5	LGS2	OD	Muller glia	published_fragment_file_unique_RNA_match
5_TGGTCAAGTCTAACCT-1	TGGTCAAGTCTAACCT-1	5	LGS2	OD	Muller glia	published_fragment_file_unique_RNA_match
5_TTGTTCCCATAATGTC-1	TTGTTCCCATAATGTC-1	5	LGS2	OD	Muller glia	published_fragment_file_unique_RNA_match
5_AGGTTAGAGCCAAATC-1	AGGTTAGAGCCAAATC-1	5	LGS2	OD	Muller glia	published_fragment_file_unique_RNA_match
5_ATGAATGCAGGACCAA-1	ATGAATGCAGGACCAA-1	5	LGS2	OD	Muller glia	published_fragment_file_unique_RNA_match
5_ATGCCTGAGGTAGCTT-1	ATGCCTGAGGTAGCTT-1	5	LGS2	OD	Muller glia	published_fragment_file_unique_RNA_match
5_CAAGACAAGTGCTGTG-1	CAAGACAAGTGCTGTG-1	5	LGS2	OD	Muller glia	published_fragment_file_unique_RNA_match
5_GTCAAACTCAGAAACG-1	GTCAAACTCAGAAACG-1	5	LGS2	OD	Muller glia	published_fragment_file_unique_RNA_match
5_AAGCTCCCATGCTTAG-1	AAGCTCCCATGCTTAG-1	5	LGS2	OD	Muller glia	published_fragment_file_unique_RNA_match
5_GTCATCACATAGACCC-1	GTCATCACATAGACCC-1	5	LGS2	OD	Muller glia	published_fragment_file_unique_RNA_match
5_GCACCTAAGCCGCTTT-1	GCACCTAAGCCGCTTT-1	5	LGS2	OD	Muller glia	published_fragment_file_unique_RNA_match
5_TTACCGTGTGAGCAAG-1	TTACCGTGTGAGCAAG-1	5	LGS2	OD	Muller glia	published_fragment_file_unique_RNA_match
5_GCTTACCTCGGTTTCC-1	GCTTACCTCGGTTTCC-1	5	LGS2	OD	Muller glia	published_fragment_file_unique_RNA_match
5_CGTATTGCAGATAGAC-1	CGTATTGCAGATAGAC-1	5	LGS2	OD	Muller glia	published_fragment_file_unique_RNA_match
5_CGCAATGTCCCGCAAA-1	CGCAATGTCCCGCAAA-1	5	LGS2	OD	Muller glia	published_fragment_file_unique_RNA_match
5_CTTTAGGCACTATGGC-1	CTTTAGGCACTATGGC-1	5	LGS2	OD	Muller glia	published_fragment_file_unique_RNA_match
5_GTCTAACAGCCATCAG-1	GTCTAACAGCCATCAG-1	5	LGS2	OD	Muller glia	published_fragment_file_unique_RNA_match
5_CCGACAGGTGGTTATG-1	CCGACAGGTGGTTATG-1	5	LGS2	OD	Muller glia	published_fragment_file_unique_RNA_match
5_CGTACGGGTTATTGCC-1	CGTACGGGTTATTGCC-1	5	LGS2	OD	Muller glia	published_fragment_file_unique_RNA_match
5_TTCTTAGGTGTTCCCA-1	TTCTTAGGTGTTCCCA-1	5	LGS2	OD	Muller glia	published_fragment_file_unique_RNA_match
5_GGGCATTGTCCCGGAA-1	GGGCATTGTCCCGGAA-1	5	LGS2	OD	Muller glia	published_fragment_file_unique_RNA_match
5_ACTTACAAGAGAAGGG-1	ACTTACAAGAGAAGGG-1	5	LGS2	OD	Muller glia	published_fragment_file_unique_RNA_match
5_TTCCTTCTCTTAGTCT-1	TTCCTTCTCTTAGTCT-1	5	LGS2	OD	Muller glia	published_fragment_file_unique_RNA_match
5_CAGATTCAGGAACACA-1	CAGATTCAGGAACACA-1	5	LGS2	OD	Muller glia	published_fragment_file_unique_RNA_match
5_GATTCATCAGCAATAA-1	GATTCATCAGCAATAA-1	5	LGS2	OD	Muller glia	published_fragment_file_unique_RNA_match
5_CTGGATGTCTTAGTGA-1	CTGGATGTCTTAGTGA-1	5	LGS2	OD	Muller glia	published_fragment_file_unique_RNA_match
5_CTCATCATCGGTCAGC-1	CTCATCATCGGTCAGC-1	5	LGS2	OD	Muller glia	published_fragment_file_unique_RNA_match
5_GGTTTGTAGCTGGAAA-1	GGTTTGTAGCTGGAAA-1	5	LGS2	OD	Muller glia	published_fragment_file_unique_RNA_match
5_ACCTTCCAGCAGCTAT-1	ACCTTCCAGCAGCTAT-1	5	LGS2	OD	Muller glia	published_fragment_file_unique_RNA_match
5_TCTAACTTCGGTTTGG-1	TCTAACTTCGGTTTGG-1	5	LGS2	OD	Muller glia	published_fragment_file_unique_RNA_match
5_CTACAACAGGACAACA-1	CTACAACAGGACAACA-1	5	LGS2	OD	Muller glia	published_fragment_file_unique_RNA_match
5_ATCACAATCAGGATGA-1	ATCACAATCAGGATGA-1	5	LGS2	OD	Muller glia	published_fragment_file_unique_RNA_match
5_TTGCAAGGTTGGTTCT-1	TTGCAAGGTTGGTTCT-1	5	LGS2	OD	Muller glia	published_fragment_file_unique_RNA_match
5_AGAGATTAGCAAGGTA-1	AGAGATTAGCAAGGTA-1	5	LGS2	OD	Muller glia	published_fragment_file_unique_RNA_match
5_GAAGGATGTTTGCTGT-1	GAAGGATGTTTGCTGT-1	5	LGS2	OD	Muller glia	published_fragment_file_unique_RNA_match
5_CATCCTCAGCAAGGGT-1	CATCCTCAGCAAGGGT-1	5	LGS2	OD	Muller glia	published_fragment_file_unique_RNA_match
5_AAGTAGCCAGGAATCG-1	AAGTAGCCAGGAATCG-1	5	LGS2	OD	Muller glia	published_fragment_file_unique_RNA_match
5_GTACCTTGTCCTCCAA-1	GTACCTTGTCCTCCAA-1	5	LGS2	OD	Muller glia	published_fragment_file_unique_RNA_match
5_CTCTTGATCGGCCATA-1	CTCTTGATCGGCCATA-1	5	LGS2	OD	Muller glia	published_fragment_file_unique_RNA_match
5_CGGATTAGTACCGAAC-1	CGGATTAGTACCGAAC-1	5	LGS2	OD	Muller glia	published_fragment_file_unique_RNA_match
5_AGGTTTATCCTTAGGG-1	AGGTTTATCCTTAGGG-1	5	LGS2	OD	Muller glia	published_fragment_file_unique_RNA_match
5_TTTGGTAAGTGAGCAA-1	TTTGGTAAGTGAGCAA-1	5	LGS2	OD	Muller glia	published_fragment_file_unique_RNA_match
5_AGAAACCCACAGGAAT-1	AGAAACCCACAGGAAT-1	5	LGS2	OD	Muller glia	published_fragment_file_unique_RNA_match
5_AATTACCCAGCTACGT-1	AATTACCCAGCTACGT-1	5	LGS2	OD	Muller glia	published_fragment_file_unique_RNA_match
5_TGGCCTTTCTTAGGAC-1	TGGCCTTTCTTAGGAC-1	5	LGS2	OD	Muller glia	published_fragment_file_unique_RNA_match
5_ACGAACAAGTTATGGC-1	ACGAACAAGTTATGGC-1	5	LGS2	OD	Muller glia	published_fragment_file_unique_RNA_match
5_TCAGTAGGTGAACAAA-1	TCAGTAGGTGAACAAA-1	5	LGS2	OD	Muller glia	published_fragment_file_unique_RNA_match
5_ATCCTCATCATAACTG-1	ATCCTCATCATAACTG-1	5	LGS2	OD	Muller glia	published_fragment_file_unique_RNA_match
5_CCGCACACAGTTTGGC-1	CCGCACACAGTTTGGC-1	5	LGS2	OD	Muller glia	published_fragment_file_unique_RNA_match
5_TCTCCTCGTCAATGTG-1	TCTCCTCGTCAATGTG-1	5	LGS2	OD	Muller glia	published_fragment_file_unique_RNA_match
5_CCAGACTCAATCCTGA-1	CCAGACTCAATCCTGA-1	5	LGS2	OD	Muller glia	published_fragment_file_unique_RNA_match
5_TAATGGACACAGGAAT-1	TAATGGACACAGGAAT-1	5	LGS2	OD	Muller glia	published_fragment_file_unique_RNA_match
5_GGGCGAATCACCATTT-1	GGGCGAATCACCATTT-1	5	LGS2	OD	Muller glia	published_fragment_file_unique_RNA_match
5_CATCCTCAGCATGAAG-1	CATCCTCAGCATGAAG-1	5	LGS2	OD	Muller glia	published_fragment_file_unique_RNA_match
5_TGGATTGGTGGGAACA-1	TGGATTGGTGGGAACA-1	5	LGS2	OD	Muller glia	published_fragment_file_unique_RNA_match
5_GGTGCTGGTGGATTGC-1	GGTGCTGGTGGATTGC-1	5	LGS2	OD	Muller glia	published_fragment_file_unique_RNA_match
5_TATGTGATCGTTATCT-1	TATGTGATCGTTATCT-1	5	LGS2	OD	Muller glia	published_fragment_file_unique_RNA_match
5_AAACGCGCATTATGCG-1	AAACGCGCATTATGCG-1	5	LGS2	OD	Muller glia	published_fragment_file_unique_RNA_match
5_ACTAACTCAATTATGC-1	ACTAACTCAATTATGC-1	5	LGS2	OD	Muller glia	published_fragment_file_unique_RNA_match
5_CGTCAATAGACTTACA-1	CGTCAATAGACTTACA-1	5	LGS2	OD	Muller glia	published_fragment_file_unique_RNA_match
5_GTGGCTTCAAACTCAT-1	GTGGCTTCAAACTCAT-1	5	LGS2	OD	Muller glia	published_fragment_file_unique_RNA_match
5_CGCTTGCGTGTGCAAC-1	CGCTTGCGTGTGCAAC-1	5	LGS2	OD	Muller glia	published_fragment_file_unique_RNA_match
5_ATGAGCCGTAAGTCGC-1	ATGAGCCGTAAGTCGC-1	5	LGS2	OD	Muller glia	published_fragment_file_unique_RNA_match
5_GAGAAACGTCACTCGC-1	GAGAAACGTCACTCGC-1	5	LGS2	OD	Muller glia	published_fragment_file_unique_RNA_match
5_GCCTTGCGTATTTGGG-1	GCCTTGCGTATTTGGG-1	5	LGS2	OD	Muller glia	published_fragment_file_unique_RNA_match
5_AGTTGCGTCCCTCACG-1	AGTTGCGTCCCTCACG-1	5	LGS2	OD	Muller glia	published_fragment_file_unique_RNA_match
5_CTGGTCAAGTGTTGTA-1	CTGGTCAAGTGTTGTA-1	5	LGS2	OD	Muller glia	published_fragment_file_unique_RNA_match
5_CCTATTTAGTGAGCGG-1	CCTATTTAGTGAGCGG-1	5	LGS2	OD	Muller glia	published_fragment_file_unique_RNA_match
5_TGATCACAGTTAGGCT-1	TGATCACAGTTAGGCT-1	5	LGS2	OD	Muller glia	published_fragment_file_unique_RNA_match
5_CGTTATCGTTTATGGG-1	CGTTATCGTTTATGGG-1	5	LGS2	OD	Muller glia	published_fragment_file_unique_RNA_match
5_GGGTATTTCGATTCTT-1	GGGTATTTCGATTCTT-1	5	LGS2	OD	Muller glia	published_fragment_file_unique_RNA_match
5_GCTAAGCGTTACTAGG-1	GCTAAGCGTTACTAGG-1	5	LGS2	OD	Muller glia	published_fragment_file_unique_RNA_match
5_CAATGAACAAACTCAT-1	CAATGAACAAACTCAT-1	5	LGS2	OD	Muller glia	published_fragment_file_unique_RNA_match
5_GGTGTGACAGCAAGAT-1	GGTGTGACAGCAAGAT-1	5	LGS2	OD	Muller glia	published_fragment_file_unique_RNA_match
5_ATGGTGCGTTTCGCCA-1	ATGGTGCGTTTCGCCA-1	5	LGS2	OD	Muller glia	published_fragment_file_unique_RNA_match
5_CTTCTAAGTTTGGCGG-1	CTTCTAAGTTTGGCGG-1	5	LGS2	OD	Muller glia	published_fragment_file_unique_RNA_match
5_TGCCATTGTCAAAGGG-1	TGCCATTGTCAAAGGG-1	5	LGS2	OD	Muller glia	published_fragment_file_unique_RNA_match
5_CTTCTAAGTTAGCATG-1	CTTCTAAGTTAGCATG-1	5	LGS2	OD	Muller glia	published_fragment_file_unique_RNA_match
5_CTCATGCTCGAGGAGT-1	CTCATGCTCGAGGAGT-1	5	LGS2	OD	Muller glia	published_fragment_file_unique_RNA_match
5_GTAGGCGAGACCATAC-1	GTAGGCGAGACCATAC-1	5	LGS2	OD	Muller glia	published_fragment_file_unique_RNA_match
5_TCTAAGGGTACGTTTC-1	TCTAAGGGTACGTTTC-1	5	LGS2	OD	Muller glia	published_fragment_file_unique_RNA_match
5_CACATAATCATTTGTC-1	CACATAATCATTTGTC-1	5	LGS2	OD	Muller glia	published_fragment_file_unique_RNA_match
5_GCCTTGCGTTAGAGCC-1	GCCTTGCGTTAGAGCC-1	5	LGS2	OD	Muller glia	published_fragment_file_unique_RNA_match
5_GTATGTGGTCACCTAT-1	GTATGTGGTCACCTAT-1	5	LGS2	OD	Muller glia	published_fragment_file_unique_RNA_match
5_GCCCGTTGTGAGAAAC-1	GCCCGTTGTGAGAAAC-1	5	LGS2	OD	Muller glia	published_fragment_file_unique_RNA_match
5_AACAAAGGTTCGCTCA-1	AACAAAGGTTCGCTCA-1	5	LGS2	OD	Muller glia	published_fragment_file_unique_RNA_match
5_TATTAGCCACCATATG-1	TATTAGCCACCATATG-1	5	LGS2	OD	Muller glia	published_fragment_file_unique_RNA_match
5_AGCATCCCAGCATTAT-1	AGCATCCCAGCATTAT-1	5	LGS2	OD	Muller glia	published_fragment_file_unique_RNA_match
5_AAGAACAGTTTACGTC-1	AAGAACAGTTTACGTC-1	5	LGS2	OD	Muller glia	published_fragment_file_unique_RNA_match
5_ATGGCTTAGGGTTATC-1	ATGGCTTAGGGTTATC-1	5	LGS2	OD	Muller glia	published_fragment_file_unique_RNA_match
5_GCTTTCATCCAGCACA-1	GCTTTCATCCAGCACA-1	5	LGS2	OD	Muller glia	published_fragment_file_unique_RNA_match
5_TTAAAGGCATTATGAC-1	TTAAAGGCATTATGAC-1	5	LGS2	OD	Muller glia	published_fragment_file_unique_RNA_match
5_GCTTTCATCACCATTT-1	GCTTTCATCACCATTT-1	5	LGS2	OD	Muller glia	published_fragment_file_unique_RNA_match
5_TTCGGTACAGGGAGGA-1	TTCGGTACAGGGAGGA-1	5	LGS2	OD	Muller glia	published_fragment_file_unique_RNA_match
5_AACTTAGTCGTAATCA-1	AACTTAGTCGTAATCA-1	5	LGS2	OD	Muller glia	published_fragment_file_unique_RNA_match
5_GGAGGTTAGGACCTCA-1	GGAGGTTAGGACCTCA-1	5	LGS2	OD	Muller glia	published_fragment_file_unique_RNA_match
5_TAAGCTATCAATCTAG-1	TAAGCTATCAATCTAG-1	5	LGS2	OD	Muller glia	published_fragment_file_unique_RNA_match
5_ACCTCACTCTCCTCAA-1	ACCTCACTCTCCTCAA-1	5	LGS2	OD	Muller glia	published_fragment_file_unique_RNA_match
5_TGATCAGGTTAGGATT-1	TGATCAGGTTAGGATT-1	5	LGS2	OD	Muller glia	published_fragment_file_unique_RNA_match
5_GGTATGTTCCTGAATA-1	GGTATGTTCCTGAATA-1	5	LGS2	OD	Muller glia	published_fragment_file_unique_RNA_match
5_GCCACACAGGCTTAAC-1	GCCACACAGGCTTAAC-1	5	LGS2	OD	Muller glia	published_fragment_file_unique_RNA_match
5_ATGGCTGTCCTAACGG-1	ATGGCTGTCCTAACGG-1	5	LGS2	OD	Muller glia	published_fragment_file_unique_RNA_match
5_CAGGTGGAGGACTAAG-1	CAGGTGGAGGACTAAG-1	5	LGS2	OD	Muller glia	published_fragment_file_unique_RNA_match
5_CTTTATCAGTCCTTCA-1	CTTTATCAGTCCTTCA-1	5	LGS2	OD	Muller glia	published_fragment_file_unique_RNA_match
5_AGAAACTAGCCAAATC-1	AGAAACTAGCCAAATC-1	5	LGS2	OD	Muller glia	published_fragment_file_unique_RNA_match
5_TAGCTAGGTTCCATTA-1	TAGCTAGGTTCCATTA-1	5	LGS2	OD	Muller glia	published_fragment_file_unique_RNA_match
5_TGGTCATAGTTTCCTG-1	TGGTCATAGTTTCCTG-1	5	LGS2	OD	Muller glia	published_fragment_file_unique_RNA_match
5_GATCACTAGTTGGATC-1	GATCACTAGTTGGATC-1	5	LGS2	OD	Muller glia	published_fragment_file_unique_RNA_match
5_TAAGCCAGTGCATCGG-1	TAAGCCAGTGCATCGG-1	5	LGS2	OD	Muller glia	published_fragment_file_unique_RNA_match
5_GGTCCATCACTTAACG-1	GGTCCATCACTTAACG-1	5	LGS2	OD	Muller glia	published_fragment_file_unique_RNA_match
5_GTAGCTGTCAGGAAGC-1	GTAGCTGTCAGGAAGC-1	5	LGS2	OD	Muller glia	published_fragment_file_unique_RNA_match
5_TAACCGGTCCAGCACA-1	TAACCGGTCCAGCACA-1	5	LGS2	OD	Muller glia	published_fragment_file_unique_RNA_match
5_GAGTAATAGACAGGTA-1	GAGTAATAGACAGGTA-1	5	LGS2	OD	Muller glia	published_fragment_file_unique_RNA_match
5_TTGGCTTGTCAATAGT-1	TTGGCTTGTCAATAGT-1	5	LGS2	OD	Muller glia	published_fragment_file_unique_RNA_match
5_CATAGCTAGTTTGGTA-1	CATAGCTAGTTTGGTA-1	5	LGS2	OD	Muller glia	published_fragment_file_unique_RNA_match
5_CCAATATCACGTGCTG-1	CCAATATCACGTGCTG-1	5	LGS2	OD	Muller glia	published_fragment_file_unique_RNA_match
5_CCAAGGCTCATAACTG-1	CCAAGGCTCATAACTG-1	5	LGS2	OD	Muller glia	published_fragment_file_unique_RNA_match
5_TTACCGTGTGCAACTA-1	TTACCGTGTGCAACTA-1	5	LGS2	OD	Muller glia	published_fragment_file_unique_RNA_match
5_GTTAACCAGGCCAATT-1	GTTAACCAGGCCAATT-1	5	LGS2	OD	Muller glia	published_fragment_file_unique_RNA_match
5_TTTGCGGAGCGCTAAT-1	TTTGCGGAGCGCTAAT-1	5	LGS2	OD	Muller glia	published_fragment_file_unique_RNA_match
5_AGGTAACCATTAAACC-1	AGGTAACCATTAAACC-1	5	LGS2	OD	Muller glia	published_fragment_file_unique_RNA_match
5_GCAATGTTCTACCTAT-1	GCAATGTTCTACCTAT-1	5	LGS2	OD	Muller glia	published_fragment_file_unique_RNA_match
5_GCGGTTGGTACCGTAA-1	GCGGTTGGTACCGTAA-1	5	LGS2	OD	Muller glia	published_fragment_file_unique_RNA_match
5_CCCTGTTAGTGAACCT-1	CCCTGTTAGTGAACCT-1	5	LGS2	OD	Muller glia	published_fragment_file_unique_RNA_match
5_ATAAGCCTCCTGCGAA-1	ATAAGCCTCCTGCGAA-1	5	LGS2	OD	Muller glia	published_fragment_file_unique_RNA_match
5_GTCATCCTCATTGACA-1	GTCATCCTCATTGACA-1	5	LGS2	OD	Muller glia	published_fragment_file_unique_RNA_match
5_AGTCCTTGTTGAATCG-1	AGTCCTTGTTGAATCG-1	5	LGS2	OD	Muller glia	published_fragment_file_unique_RNA_match
5_TCTCCTCGTTGTCCAT-1	TCTCCTCGTTGTCCAT-1	5	LGS2	OD	Muller glia	published_fragment_file_unique_RNA_match
5_GTACCTTGTCCTAAGA-1	GTACCTTGTCCTAAGA-1	5	LGS2	OD	Muller glia	published_fragment_file_unique_RNA_match
5_TGTGGCTCAAACTGTT-1	TGTGGCTCAAACTGTT-1	5	LGS2	OD	Muller glia	published_fragment_file_unique_RNA_match
5_CTCCGTCCATGAATAG-1	CTCCGTCCATGAATAG-1	5	LGS2	OD	Muller glia	published_fragment_file_unique_RNA_match
5_GTCTCACTCAAACTCA-1	GTCTCACTCAAACTCA-1	5	LGS2	OD	Muller glia	published_fragment_file_unique_RNA_match
5_TATGGGCGTCGCATAA-1	TATGGGCGTCGCATAA-1	5	LGS2	OD	Muller glia	published_fragment_file_unique_RNA_match
5_TCAACAATCTCAATAG-1	TCAACAATCTCAATAG-1	5	LGS2	OD	Muller glia	published_fragment_file_unique_RNA_match
5_ACAAACTGTTAGTGAT-1	ACAAACTGTTAGTGAT-1	5	LGS2	OD	Muller glia	published_fragment_file_unique_RNA_match
5_CAACCCGCAGAGGGAG-1	CAACCCGCAGAGGGAG-1	5	LGS2	OD	Muller glia	published_fragment_file_unique_RNA_match
5_GAGAACCAGTTGGATC-1	GAGAACCAGTTGGATC-1	5	LGS2	OD	Muller glia	published_fragment_file_unique_RNA_match
5_TAGGAACCACGTAAGG-1	TAGGAACCACGTAAGG-1	5	LGS2	OD	Muller glia	published_fragment_file_unique_RNA_match
5_TGCACACCAATCCTAG-1	TGCACACCAATCCTAG-1	5	LGS2	OD	Muller glia	published_fragment_file_unique_RNA_match
5_GTTTCTAGTAGCCTAA-1	GTTTCTAGTAGCCTAA-1	5	LGS2	OD	Muller glia	published_fragment_file_unique_RNA_match
5_CTTGAACAGTCCTTTG-1	CTTGAACAGTCCTTTG-1	5	LGS2	OD	Muller glia	published_fragment_file_unique_RNA_match
5_ATGTAAGCAATTAAGG-1	ATGTAAGCAATTAAGG-1	5	LGS2	OD	Muller glia	published_fragment_file_unique_RNA_match
5_TCACTGACATTAAAGG-1	TCACTGACATTAAAGG-1	5	LGS2	OD	Muller glia	published_fragment_file_unique_RNA_match
5_CCTGAATAGATACTTG-1	CCTGAATAGATACTTG-1	5	LGS2	OD	Muller glia	published_fragment_file_unique_RNA_match
5_TGCACACCATGAAATG-1	TGCACACCATGAAATG-1	5	LGS2	OD	Muller glia	published_fragment_file_unique_RNA_match
6_ATCGGCCAGGGTTATC-1	ATCGGCCAGGGTTATC-1	6	LGS2	OS	Muller glia	published_fragment_file_unique_RNA_match
6_AAGCTAGAGCTTTGTT-1	AAGCTAGAGCTTTGTT-1	6	LGS2	OS	Muller glia	published_fragment_file_unique_RNA_match
6_TGCCATTGTTGCACAA-1	TGCCATTGTTGCACAA-1	6	LGS2	OS	Muller glia	published_fragment_file_unique_RNA_match
6_TTCCTTGAGTGTGATC-1	TTCCTTGAGTGTGATC-1	6	LGS2	OS	Muller glia	published_fragment_file_unique_RNA_match
6_TTGTCCCAGCGGGCAA-1	TTGTCCCAGCGGGCAA-1	6	LGS2	OS	Muller glia	published_fragment_file_unique_RNA_match
6_AGAGAGGAGTCATCCC-1	AGAGAGGAGTCATCCC-1	6	LGS2	OS	Muller glia	published_fragment_file_unique_RNA_match
6_TACGGTTAGAGAGCCG-1	TACGGTTAGAGAGCCG-1	6	LGS2	OS	Muller glia	published_fragment_file_unique_RNA_match
6_CGTTAGGTCGATAACC-1	CGTTAGGTCGATAACC-1	6	LGS2	OS	Muller glia	published_fragment_file_unique_RNA_match
6_TTTAAGGTCGTTAGTA-1	TTTAAGGTCGTTAGTA-1	6	LGS2	OS	Muller glia	published_fragment_file_unique_RNA_match
6_ATTCAACCAATTTAGC-1	ATTCAACCAATTTAGC-1	6	LGS2	OS	Muller glia	published_fragment_file_unique_RNA_match
6_TAAAGCCTCTCGACCT-1	TAAAGCCTCTCGACCT-1	6	LGS2	OS	Muller glia	published_fragment_file_unique_RNA_match
6_TCTCACCAGGCCTTAG-1	TCTCACCAGGCCTTAG-1	6	LGS2	OS	Muller glia	published_fragment_file_unique_RNA_match
6_TTTGTGTTCAATGTCA-1	TTTGTGTTCAATGTCA-1	6	LGS2	OS	Muller glia	published_fragment_file_unique_RNA_match
6_AGCCAGTGTCAATAGT-1	AGCCAGTGTCAATAGT-1	6	LGS2	OS	Muller glia	published_fragment_file_unique_RNA_match
6_CCTAAGGTCCTGATTT-1	CCTAAGGTCCTGATTT-1	6	LGS2	OS	Muller glia	published_fragment_file_unique_RNA_match
6_AGTGCACGTAACCACA-1	AGTGCACGTAACCACA-1	6	LGS2	OS	Muller glia	published_fragment_file_unique_RNA_match
6_CGAGCGAAGTAAGGGC-1	CGAGCGAAGTAAGGGC-1	6	LGS2	OS	Muller glia	published_fragment_file_unique_RNA_match
6_ATCATCAAGTCTTGAA-1	ATCATCAAGTCTTGAA-1	6	LGS2	OS	Muller glia	published_fragment_file_unique_RNA_match
6_ATCGCCCGTCATTGAG-1	ATCGCCCGTCATTGAG-1	6	LGS2	OS	Muller glia	published_fragment_file_unique_RNA_match
6_CCTGATGAGCCGCTAA-1	CCTGATGAGCCGCTAA-1	6	LGS2	OS	Muller glia	published_fragment_file_unique_RNA_match
6_GTCGCAATCGGTTACG-1	GTCGCAATCGGTTACG-1	6	LGS2	OS	Muller glia	published_fragment_file_unique_RNA_match
6_CCAAACTAGCTCAAAC-1	CCAAACTAGCTCAAAC-1	6	LGS2	OS	Muller glia	published_fragment_file_unique_RNA_match
6_GCGCTTGCAAGGGTTG-1	GCGCTTGCAAGGGTTG-1	6	LGS2	OS	Muller glia	published_fragment_file_unique_RNA_match
6_TGGTGCATCTAAGTGC-1	TGGTGCATCTAAGTGC-1	6	LGS2	OS	Muller glia	published_fragment_file_unique_RNA_match
6_AGAGGAACAAGTGAAC-1	AGAGGAACAAGTGAAC-1	6	LGS2	OS	Muller glia	published_fragment_file_unique_RNA_match
6_GGTATGTTCATCCTCA-1	GGTATGTTCATCCTCA-1	6	LGS2	OS	Muller glia	published_fragment_file_unique_RNA_match
6_GTGTGCGGTAGTTGGC-1	GTGTGCGGTAGTTGGC-1	6	LGS2	OS	Muller glia	published_fragment_file_unique_RNA_match
6_TCCTCAATCCTGTTCA-1	TCCTCAATCCTGTTCA-1	6	LGS2	OS	Muller glia	published_fragment_file_unique_RNA_match
6_GGGATTAAGCGGATTT-1	GGGATTAAGCGGATTT-1	6	LGS2	OS	Muller glia	published_fragment_file_unique_RNA_match
6_AGAACCAAGCAGCTCA-1	AGAACCAAGCAGCTCA-1	6	LGS2	OS	Muller glia	published_fragment_file_unique_RNA_match
6_GGCTAGACACGTAATT-1	GGCTAGACACGTAATT-1	6	LGS2	OS	Muller glia	published_fragment_file_unique_RNA_match
6_TTGGCGGGTGATTACG-1	TTGGCGGGTGATTACG-1	6	LGS2	OS	Muller glia	published_fragment_file_unique_RNA_match
6_TGTTCATTCTTAGGAC-1	TGTTCATTCTTAGGAC-1	6	LGS2	OS	Muller glia	published_fragment_file_unique_RNA_match
6_GTCTTTAGTGTGTGGT-1	GTCTTTAGTGTGTGGT-1	6	LGS2	OS	Muller glia	published_fragment_file_unique_RNA_match
6_TTACAGCAGGCTAAGA-1	TTACAGCAGGCTAAGA-1	6	LGS2	OS	Muller glia	published_fragment_file_unique_RNA_match
6_GTTGGCGGTATGGTGC-1	GTTGGCGGTATGGTGC-1	6	LGS2	OS	Muller glia	published_fragment_file_unique_RNA_match
6_TTGACTAAGATAGACG-1	TTGACTAAGATAGACG-1	6	LGS2	OS	Muller glia	published_fragment_file_unique_RNA_match
6_CATTATCTCCTGAGTG-1	CATTATCTCCTGAGTG-1	6	LGS2	OS	Muller glia	published_fragment_file_unique_RNA_match
6_CAAGTGAAGTAACGAG-1	CAAGTGAAGTAACGAG-1	6	LGS2	OS	Muller glia	published_fragment_file_unique_RNA_match
6_GGTACCGGTCCCGGAA-1	GGTACCGGTCCCGGAA-1	6	LGS2	OS	Muller glia	published_fragment_file_unique_RNA_match
6_GTTGGCGGTCTAACCT-1	GTTGGCGGTCTAACCT-1	6	LGS2	OS	Muller glia	published_fragment_file_unique_RNA_match
6_GTCCTCCCATTCCTCG-1	GTCCTCCCATTCCTCG-1	6	LGS2	OS	Muller glia	published_fragment_file_unique_RNA_match
6_CCAGCTAAGTAAACCC-1	CCAGCTAAGTAAACCC-1	6	LGS2	OS	Muller glia	published_fragment_file_unique_RNA_match
6_CAAACGCGTCCTTCAG-1	CAAACGCGTCCTTCAG-1	6	LGS2	OS	Muller glia	published_fragment_file_unique_RNA_match
6_AACTAGTGTGAAACAA-1	AACTAGTGTGAAACAA-1	6	LGS2	OS	Muller glia	published_fragment_file_unique_RNA_match
6_CAAGTGAAGGTCAAAG-1	CAAGTGAAGGTCAAAG-1	6	LGS2	OS	Muller glia	published_fragment_file_unique_RNA_match
6_TACGTTAAGTGAGCGG-1	TACGTTAAGTGAGCGG-1	6	LGS2	OS	Muller glia	published_fragment_file_unique_RNA_match
6_AATATCCCAAACAACA-1	AATATCCCAAACAACA-1	6	LGS2	OS	Muller glia	published_fragment_file_unique_RNA_match
6_CCTGCTCCACAGCCAT-1	CCTGCTCCACAGCCAT-1	6	LGS2	OS	Muller glia	published_fragment_file_unique_RNA_match
6_GTATCGCCAATTGACT-1	GTATCGCCAATTGACT-1	6	LGS2	OS	Muller glia	published_fragment_file_unique_RNA_match
6_CATCGCTTCGGTAACT-1	CATCGCTTCGGTAACT-1	6	LGS2	OS	Muller glia	published_fragment_file_unique_RNA_match
6_TCCTCTAAGGACTTAC-1	TCCTCTAAGGACTTAC-1	6	LGS2	OS	Muller glia	published_fragment_file_unique_RNA_match
6_ATGACAACAGCACGTT-1	ATGACAACAGCACGTT-1	6	LGS2	OS	Muller glia	published_fragment_file_unique_RNA_match
6_AGGTGAGGTTTGTTGC-1	AGGTGAGGTTTGTTGC-1	6	LGS2	OS	Muller glia	published_fragment_file_unique_RNA_match
6_ACGCACGGTAAGCACC-1	ACGCACGGTAAGCACC-1	6	LGS2	OS	Muller glia	published_fragment_file_unique_RNA_match
6_TCATTTGGTAAGGTTT-1	TCATTTGGTAAGGTTT-1	6	LGS2	OS	Muller glia	published_fragment_file_unique_RNA_match
6_ATTCGTTTCCAAATCA-1	ATTCGTTTCCAAATCA-1	6	LGS2	OS	Muller glia	published_fragment_file_unique_RNA_match
6_CTAGTCGAGGGTGAAC-1	CTAGTCGAGGGTGAAC-1	6	LGS2	OS	Muller glia	published_fragment_file_unique_RNA_match
6_GGAACCACAGTTATCG-1	GGAACCACAGTTATCG-1	6	LGS2	OS	Muller glia	published_fragment_file_unique_RNA_match
6_GTCATGAGTTTGTCTA-1	GTCATGAGTTTGTCTA-1	6	LGS2	OS	Muller glia	published_fragment_file_unique_RNA_match
6_TAGTAAGCATTAAGCT-1	TAGTAAGCATTAAGCT-1	6	LGS2	OS	Muller glia	published_fragment_file_unique_RNA_match
6_TTCCTTCTCGCTCACT-1	TTCCTTCTCGCTCACT-1	6	LGS2	OS	Muller glia	published_fragment_file_unique_RNA_match
6_TTCCCGCCAGCATGGA-1	TTCCCGCCAGCATGGA-1	6	LGS2	OS	Muller glia	published_fragment_file_unique_RNA_match
6_CTTGTAAAGAGGAGTC-1	CTTGTAAAGAGGAGTC-1	6	LGS2	OS	Muller glia	published_fragment_file_unique_RNA_match
6_AACATAGCATGATTGT-1	AACATAGCATGATTGT-1	6	LGS2	OS	Muller glia	published_fragment_file_unique_RNA_match
6_GTTACCTGTTGTAACG-1	GTTACCTGTTGTAACG-1	6	LGS2	OS	Muller glia	published_fragment_file_unique_RNA_match
6_GGCTTCAAGGTCCGTA-1	GGCTTCAAGGTCCGTA-1	6	LGS2	OS	Muller glia	published_fragment_file_unique_RNA_match
6_TTGACGTAGGAGGCAT-1	TTGACGTAGGAGGCAT-1	6	LGS2	OS	Muller glia	published_fragment_file_unique_RNA_match
6_CGCTTGCGTGCTCCAC-1	CGCTTGCGTGCTCCAC-1	6	LGS2	OS	Muller glia	published_fragment_file_unique_RNA_match
6_TCAGGTTAGGTGCGGA-1	TCAGGTTAGGTGCGGA-1	6	LGS2	OS	Muller glia	published_fragment_file_unique_RNA_match
6_CCACAATAGGTTTACA-1	CCACAATAGGTTTACA-1	6	LGS2	OS	Muller glia	published_fragment_file_unique_RNA_match
6_CTCATGCTCGTTACTT-1	CTCATGCTCGTTACTT-1	6	LGS2	OS	Muller glia	published_fragment_file_unique_RNA_match
6_GAGCTTAGTGTCACGG-1	GAGCTTAGTGTCACGG-1	6	LGS2	OS	Muller glia	published_fragment_file_unique_RNA_match
6_GAAGGCCCATTTGCTC-1	GAAGGCCCATTTGCTC-1	6	LGS2	OS	Muller glia	published_fragment_file_unique_RNA_match
6_CAGCTATAGCGATAGA-1	CAGCTATAGCGATAGA-1	6	LGS2	OS	Muller glia	published_fragment_file_unique_RNA_match
6_GATCACTAGCATCCAG-1	GATCACTAGCATCCAG-1	6	LGS2	OS	Muller glia	published_fragment_file_unique_RNA_match
6_CAAACAACAGGAACAT-1	CAAACAACAGGAACAT-1	6	LGS2	OS	Muller glia	published_fragment_file_unique_RNA_match
6_TGCACTTGTGCCGCAA-1	TGCACTTGTGCCGCAA-1	6	LGS2	OS	Muller glia	published_fragment_file_unique_RNA_match
6_AACCCGCAGGTAAGGC-1	AACCCGCAGGTAAGGC-1	6	LGS2	OS	Muller glia	published_fragment_file_unique_RNA_match
6_TACTGACAGAGGAGTC-1	TACTGACAGAGGAGTC-1	6	LGS2	OS	Muller glia	published_fragment_file_unique_RNA_match
6_GAGCTGCTCGTTATCT-1	GAGCTGCTCGTTATCT-1	6	LGS2	OS	Muller glia	published_fragment_file_unique_RNA_match
6_GAGCGATAGGACCTTG-1	GAGCGATAGGACCTTG-1	6	LGS2	OS	Muller glia	published_fragment_file_unique_RNA_match
6_ATCGCCCGTTGGTTCT-1	ATCGCCCGTTGGTTCT-1	6	LGS2	OS	Muller glia	published_fragment_file_unique_RNA_match
6_TGGGCATGTTACATCC-1	TGGGCATGTTACATCC-1	6	LGS2	OS	Muller glia	published_fragment_file_unique_RNA_match
6_TACTTGTTCGGCCAGT-1	TACTTGTTCGGCCAGT-1	6	LGS2	OS	Muller glia	published_fragment_file_unique_RNA_match
6_GCAATGTTCATTTGTC-1	GCAATGTTCATTTGTC-1	6	LGS2	OS	Muller glia	published_fragment_file_unique_RNA_match
6_CCGTTAACAGTGAACG-1	CCGTTAACAGTGAACG-1	6	LGS2	OS	Muller glia	published_fragment_file_unique_RNA_match
6_CCCAATTGTTATAGCG-1	CCCAATTGTTATAGCG-1	6	LGS2	OS	Muller glia	published_fragment_file_unique_RNA_match
6_GACCGAACACGGTACT-1	GACCGAACACGGTACT-1	6	LGS2	OS	Muller glia	published_fragment_file_unique_RNA_match
6_GATTGCGTCAATTGGC-1	GATTGCGTCAATTGGC-1	6	LGS2	OS	Muller glia	published_fragment_file_unique_RNA_match
6_GCTAGTGTCAGCAAGA-1	GCTAGTGTCAGCAAGA-1	6	LGS2	OS	Muller glia	published_fragment_file_unique_RNA_match
6_TCGTGCTTCCCTCTAA-1	TCGTGCTTCCCTCTAA-1	6	LGS2	OS	Muller glia	published_fragment_file_unique_RNA_match
6_GAGTGTTTCCCGTTTA-1	GAGTGTTTCCCGTTTA-1	6	LGS2	OS	Muller glia	published_fragment_file_unique_RNA_match
6_GAGTATCTCCAACTGG-1	GAGTATCTCCAACTGG-1	6	LGS2	OS	Muller glia	published_fragment_file_unique_RNA_match
6_GAGTAACCAGGGAGCT-1	GAGTAACCAGGGAGCT-1	6	LGS2	OS	Muller glia	published_fragment_file_unique_RNA_match
6_ACGAAGTCAGTTTGTG-1	ACGAAGTCAGTTTGTG-1	6	LGS2	OS	Muller glia	published_fragment_file_unique_RNA_match
6_GCACGAACAAATTCGT-1	GCACGAACAAATTCGT-1	6	LGS2	OS	Muller glia	published_fragment_file_unique_RNA_match
6_ACACTTGCACCCACCT-1	ACACTTGCACCCACCT-1	6	LGS2	OS	Muller glia	published_fragment_file_unique_RNA_match
6_GATTAGTGTTAAGTGT-1	GATTAGTGTTAAGTGT-1	6	LGS2	OS	Muller glia	published_fragment_file_unique_RNA_match
6_TTAACCAAGCTATTAG-1	TTAACCAAGCTATTAG-1	6	LGS2	OS	Muller glia	published_fragment_file_unique_RNA_match
6_GTTTATCTCGATTATG-1	GTTTATCTCGATTATG-1	6	LGS2	OS	Muller glia	published_fragment_file_unique_RNA_match
6_TATGGCCCATTCAGCA-1	TATGGCCCATTCAGCA-1	6	LGS2	OS	Muller glia	published_fragment_file_unique_RNA_match
6_TCGTAATCAATGAGGT-1	TCGTAATCAATGAGGT-1	6	LGS2	OS	Muller glia	published_fragment_file_unique_RNA_match
6_AACAGATAGCTTATGA-1	AACAGATAGCTTATGA-1	6	LGS2	OS	Muller glia	published_fragment_file_unique_RNA_match
6_CGGTTTCTCCCTGGTT-1	CGGTTTCTCCCTGGTT-1	6	LGS2	OS	Muller glia	published_fragment_file_unique_RNA_match
6_GGTTGAGCACAGACTC-1	GGTTGAGCACAGACTC-1	6	LGS2	OS	Muller glia	published_fragment_file_unique_RNA_match
6_CGCTTCTAGACAGGTA-1	CGCTTCTAGACAGGTA-1	6	LGS2	OS	Muller glia	published_fragment_file_unique_RNA_match
6_TGGCCATCACCCTCAC-1	TGGCCATCACCCTCAC-1	6	LGS2	OS	Muller glia	published_fragment_file_unique_RNA_match
6_AGGCAGGTCTCATCAT-1	AGGCAGGTCTCATCAT-1	6	LGS2	OS	Muller glia	published_fragment_file_unique_RNA_match
6_AGAAGGTGTCGCAATA-1	AGAAGGTGTCGCAATA-1	6	LGS2	OS	Muller glia	published_fragment_file_unique_RNA_match
6_CTTGAACAGGGCCACT-1	CTTGAACAGGGCCACT-1	6	LGS2	OS	Muller glia	published_fragment_file_unique_RNA_match
6_CAGCTATAGCATGCAT-1	CAGCTATAGCATGCAT-1	6	LGS2	OS	Muller glia	published_fragment_file_unique_RNA_match
6_ACGGTACGTTTGGGCG-1	ACGGTACGTTTGGGCG-1	6	LGS2	OS	Muller glia	published_fragment_file_unique_RNA_match
6_CACCTCAGTTACGCGG-1	CACCTCAGTTACGCGG-1	6	LGS2	OS	Muller glia	published_fragment_file_unique_RNA_match
6_CCGTGCTGTTATCCTA-1	CCGTGCTGTTATCCTA-1	6	LGS2	OS	Muller glia	published_fragment_file_unique_RNA_match
6_TCCCGGACAACCCTAA-1	TCCCGGACAACCCTAA-1	6	LGS2	OS	Muller glia	published_fragment_file_unique_RNA_match
6_CTTGGACCAGCCAGTT-1	CTTGGACCAGCCAGTT-1	6	LGS2	OS	Muller glia	published_fragment_file_unique_RNA_match
6_ATTACGTCAAGGTACG-1	ATTACGTCAAGGTACG-1	6	LGS2	OS	Muller glia	published_fragment_file_unique_RNA_match
6_TTCGTTAGTTCCGGGA-1	TTCGTTAGTTCCGGGA-1	6	LGS2	OS	Muller glia	published_fragment_file_unique_RNA_match
6_CTCATCATCGGGATTT-1	CTCATCATCGGGATTT-1	6	LGS2	OS	Muller glia	published_fragment_file_unique_RNA_match
6_TATGAAGCAATGAGGT-1	TATGAAGCAATGAGGT-1	6	LGS2	OS	Muller glia	published_fragment_file_unique_RNA_match
6_CTACCTCAGTGAGAGC-1	CTACCTCAGTGAGAGC-1	6	LGS2	OS	Muller glia	published_fragment_file_unique_RNA_match
6_TTGCATTTCTTTAAGG-1	TTGCATTTCTTTAAGG-1	6	LGS2	OS	Muller glia	published_fragment_file_unique_RNA_match
6_CGTTAAATCTCACTCA-1	CGTTAAATCTCACTCA-1	6	LGS2	OS	Muller glia	published_fragment_file_unique_RNA_match
6_GTCCGTAAGCGGATTT-1	GTCCGTAAGCGGATTT-1	6	LGS2	OS	Muller glia	published_fragment_file_unique_RNA_match
6_GGGATTAAGTCACGAT-1	GGGATTAAGTCACGAT-1	6	LGS2	OS	Muller glia	published_fragment_file_unique_RNA_match
6_CTTGTCCAGGACACTT-1	CTTGTCCAGGACACTT-1	6	LGS2	OS	Muller glia	published_fragment_file_unique_RNA_match
6_AGGTTTGGTAGTTGGC-1	AGGTTTGGTAGTTGGC-1	6	LGS2	OS	Muller glia	published_fragment_file_unique_RNA_match
6_CATAGCTAGAAGGTGC-1	CATAGCTAGAAGGTGC-1	6	LGS2	OS	Muller glia	published_fragment_file_unique_RNA_match
6_CTAACCACAGGAATCG-1	CTAACCACAGGAATCG-1	6	LGS2	OS	Muller glia	published_fragment_file_unique_RNA_match
6_AGCCAGTGTTACGCAA-1	AGCCAGTGTTACGCAA-1	6	LGS2	OS	Muller glia	published_fragment_file_unique_RNA_match
6_GCGGATACATCCAGGT-1	GCGGATACATCCAGGT-1	6	LGS2	OS	Muller glia	published_fragment_file_unique_RNA_match
6_AGGTCTTAGGAGTCGG-1	AGGTCTTAGGAGTCGG-1	6	LGS2	OS	Muller glia	published_fragment_file_unique_RNA_match
6_ACCAGCTCATTGTGGC-1	ACCAGCTCATTGTGGC-1	6	LGS2	OS	Muller glia	published_fragment_file_unique_RNA_match
6_GTATGTTCATTGCGGT-1	GTATGTTCATTGCGGT-1	6	LGS2	OS	Muller glia	published_fragment_file_unique_RNA_match
6_GATCGAGCAAACATAG-1	GATCGAGCAAACATAG-1	6	LGS2	OS	Muller glia	published_fragment_file_unique_RNA_match
6_ACCTAAGGTCACACCC-1	ACCTAAGGTCACACCC-1	6	LGS2	OS	Muller glia	published_fragment_file_unique_RNA_match
6_CTGTTGGAGTGAGAGC-1	CTGTTGGAGTGAGAGC-1	6	LGS2	OS	Muller glia	published_fragment_file_unique_RNA_match
6_CCAAACTAGGGTCCAC-1	CCAAACTAGGGTCCAC-1	6	LGS2	OS	Muller glia	published_fragment_file_unique_RNA_match
6_AGGATCCGTAAGCACC-1	AGGATCCGTAAGCACC-1	6	LGS2	OS	Muller glia	published_fragment_file_unique_RNA_match
6_TATGACTCATCCATCT-1	TATGACTCATCCATCT-1	6	LGS2	OS	Muller glia	published_fragment_file_unique_RNA_match
6_CCATAATCACAAAGGT-1	CCATAATCACAAAGGT-1	6	LGS2	OS	Muller glia	published_fragment_file_unique_RNA_match
6_TGCCTGTTCATAACCA-1	TGCCTGTTCATAACCA-1	6	LGS2	OS	Muller glia	published_fragment_file_unique_RNA_match
6_CAAAGCGCAAATACCT-1	CAAAGCGCAAATACCT-1	6	LGS2	OS	Muller glia	published_fragment_file_unique_RNA_match
6_TATTAGGTCTTGATGA-1	TATTAGGTCTTGATGA-1	6	LGS2	OS	Muller glia	published_fragment_file_unique_RNA_match
6_TAGTCAATCCTTAGGG-1	TAGTCAATCCTTAGGG-1	6	LGS2	OS	Muller glia	published_fragment_file_unique_RNA_match
6_CATAAGCTCAATGTCA-1	CATAAGCTCAATGTCA-1	6	LGS2	OS	Muller glia	published_fragment_file_unique_RNA_match
6_GTTAAGTGTACCGTTT-1	GTTAAGTGTACCGTTT-1	6	LGS2	OS	Muller glia	published_fragment_file_unique_RNA_match
6_CAGGGTGAGCTGCACA-1	CAGGGTGAGCTGCACA-1	6	LGS2	OS	Muller glia	published_fragment_file_unique_RNA_match
6_TTGTGCCTCATTGTTC-1	TTGTGCCTCATTGTTC-1	6	LGS2	OS	Muller glia	published_fragment_file_unique_RNA_match
6_CGACAAGCAAACCCTA-1	CGACAAGCAAACCCTA-1	6	LGS2	OS	Muller glia	published_fragment_file_unique_RNA_match
6_GGCGGTAAGCTCCTTA-1	GGCGGTAAGCTCCTTA-1	6	LGS2	OS	Muller glia	published_fragment_file_unique_RNA_match
6_ATGTTTGAGGAGCATA-1	ATGTTTGAGGAGCATA-1	6	LGS2	OS	Muller glia	published_fragment_file_unique_RNA_match
6_AATCGCCCAGTTTCTC-1	AATCGCCCAGTTTCTC-1	6	LGS2	OS	Muller glia	published_fragment_file_unique_RNA_match
6_TAGCAGGCACCCACAG-1	TAGCAGGCACCCACAG-1	6	LGS2	OS	Muller glia	published_fragment_file_unique_RNA_match
6_GAGGTTAAGGACACTT-1	GAGGTTAAGGACACTT-1	6	LGS2	OS	Muller glia	published_fragment_file_unique_RNA_match
6_TCAGGTCCATGAGTTT-1	TCAGGTCCATGAGTTT-1	6	LGS2	OS	Muller glia	published_fragment_file_unique_RNA_match
6_GGTAACCGTGCACGCA-1	GGTAACCGTGCACGCA-1	6	LGS2	OS	Muller glia	published_fragment_file_unique_RNA_match
6_AAGCGAGGTTTGCAGA-1	AAGCGAGGTTTGCAGA-1	6	LGS2	OS	Muller glia	published_fragment_file_unique_RNA_match
6_CGTGAGGAGCACTAGT-1	CGTGAGGAGCACTAGT-1	6	LGS2	OS	Muller glia	published_fragment_file_unique_RNA_match
6_GTTGTGAGTTAGGCTA-1	GTTGTGAGTTAGGCTA-1	6	LGS2	OS	Muller glia	published_fragment_file_unique_RNA_match
6_ATATAGGCAAAGCTCC-1	ATATAGGCAAAGCTCC-1	6	LGS2	OS	Muller glia	published_fragment_file_unique_RNA_match
6_AGCAGGTAGATGGACA-1	AGCAGGTAGATGGACA-1	6	LGS2	OS	Muller glia	published_fragment_file_unique_RNA_match
6_AACAAGCCAGCATGTC-1	AACAAGCCAGCATGTC-1	6	LGS2	OS	Muller glia	published_fragment_file_unique_RNA_match
6_GAACACAAGGAGGCAT-1	GAACACAAGGAGGCAT-1	6	LGS2	OS	Muller glia	published_fragment_file_unique_RNA_match
6_AGAATCGAGCAGGCCT-1	AGAATCGAGCAGGCCT-1	6	LGS2	OS	Muller glia	published_fragment_file_unique_RNA_match
6_GAGCTTGTCATGGTGT-1	GAGCTTGTCATGGTGT-1	6	LGS2	OS	Muller glia	published_fragment_file_unique_RNA_match
6_GCCTCGACACAAAGAC-1	GCCTCGACACAAAGAC-1	6	LGS2	OS	Muller glia	published_fragment_file_unique_RNA_match
6_ACCAAGCGTGTTTGAG-1	ACCAAGCGTGTTTGAG-1	6	LGS2	OS	Muller glia	published_fragment_file_unique_RNA_match
6_GTGGACACAGTAGGAT-1	GTGGACACAGTAGGAT-1	6	LGS2	OS	Muller glia	published_fragment_file_unique_RNA_match
6_CGTGGTTCACTAGGTC-1	CGTGGTTCACTAGGTC-1	6	LGS2	OS	Muller glia	published_fragment_file_unique_RNA_match
6_GTTGCGGGTCATAAGT-1	GTTGCGGGTCATAAGT-1	6	LGS2	OS	Muller glia	published_fragment_file_unique_RNA_match
6_CGCAAATTCACGTTAA-1	CGCAAATTCACGTTAA-1	6	LGS2	OS	Muller glia	published_fragment_file_unique_RNA_match
6_CCTATAGCATGGCCTG-1	CCTATAGCATGGCCTG-1	6	LGS2	OS	Muller glia	published_fragment_file_unique_RNA_match
6_TTTCTTGCAACAGGTG-1	TTTCTTGCAACAGGTG-1	6	LGS2	OS	Muller glia	published_fragment_file_unique_RNA_match
6_CAAGGTAAGCTATTGA-1	CAAGGTAAGCTATTGA-1	6	LGS2	OS	Muller glia	published_fragment_file_unique_RNA_match
6_CCATAAATCCTAGTTT-1	CCATAAATCCTAGTTT-1	6	LGS2	OS	Muller glia	published_fragment_file_unique_RNA_match
6_GACCGTTCAATTAGCT-1	GACCGTTCAATTAGCT-1	6	LGS2	OS	Muller glia	published_fragment_file_unique_RNA_match
6_TAGTACGGTGGAGCAA-1	TAGTACGGTGGAGCAA-1	6	LGS2	OS	Muller glia	published_fragment_file_unique_RNA_match
6_CCCAATTGTTTAACCC-1	CCCAATTGTTTAACCC-1	6	LGS2	OS	Muller glia	published_fragment_file_unique_RNA_match
6_ATGGCCGGTTAAGGTT-1	ATGGCCGGTTAAGGTT-1	6	LGS2	OS	Muller glia	published_fragment_file_unique_RNA_match
6_CTATTGAAGCATGCAT-1	CTATTGAAGCATGCAT-1	6	LGS2	OS	Muller glia	published_fragment_file_unique_RNA_match
6_TAACCTAAGGTCCACA-1	TAACCTAAGGTCCACA-1	6	LGS2	OS	Muller glia	published_fragment_file_unique_RNA_match
6_GCTGTGATCTCACATT-1	GCTGTGATCTCACATT-1	6	LGS2	OS	Muller glia	published_fragment_file_unique_RNA_match
6_CTAATAGTCCTTCGTA-1	CTAATAGTCCTTCGTA-1	6	LGS2	OS	Muller glia	published_fragment_file_unique_RNA_match
6_GAGTGTTTCCGCAAAT-1	GAGTGTTTCCGCAAAT-1	6	LGS2	OS	Muller glia	published_fragment_file_unique_RNA_match
6_CTACGAAGTGGGTACT-1	CTACGAAGTGGGTACT-1	6	LGS2	OS	Muller glia	published_fragment_file_unique_RNA_match
6_AGGTCTTAGCTGTCAG-1	AGGTCTTAGCTGTCAG-1	6	LGS2	OS	Muller glia	published_fragment_file_unique_RNA_match
6_AGAAACTAGGGTCCAC-1	AGAAACTAGGGTCCAC-1	6	LGS2	OS	Muller glia	published_fragment_file_unique_RNA_match
6_CATAAGCTCACTCAAA-1	CATAAGCTCACTCAAA-1	6	LGS2	OS	Muller glia	published_fragment_file_unique_RNA_match
6_TAGTTGTCAGCGCTTG-1	TAGTTGTCAGCGCTTG-1	6	LGS2	OS	Muller glia	published_fragment_file_unique_RNA_match
6_GAGGCCTTCAGGAACA-1	GAGGCCTTCAGGAACA-1	6	LGS2	OS	Muller glia	published_fragment_file_unique_RNA_match
6_TCTTAGTTCGTTAAGC-1	TCTTAGTTCGTTAAGC-1	6	LGS2	OS	Muller glia	published_fragment_file_unique_RNA_match
6_AAGGATGTCCTTTACG-1	AAGGATGTCCTTTACG-1	6	LGS2	OS	Muller glia	published_fragment_file_unique_RNA_match
6_CAGGTGGAGTGAACAG-1	CAGGTGGAGTGAACAG-1	6	LGS2	OS	Muller glia	published_fragment_file_unique_RNA_match
6_ATATGCATCCTTAGGG-1	ATATGCATCCTTAGGG-1	6	LGS2	OS	Muller glia	published_fragment_file_unique_RNA_match
6_AAGGATTAGTGAACGA-1	AAGGATTAGTGAACGA-1	6	LGS2	OS	Muller glia	published_fragment_file_unique_RNA_match
6_GCAGGCAAGTGAGGGT-1	GCAGGCAAGTGAGGGT-1	6	LGS2	OS	Muller glia	published_fragment_file_unique_RNA_match
6_ATGAATGCAAACGCGA-1	ATGAATGCAAACGCGA-1	6	LGS2	OS	Muller glia	published_fragment_file_unique_RNA_match
6_CCACTTGGTGCAATGC-1	CCACTTGGTGCAATGC-1	6	LGS2	OS	Muller glia	published_fragment_file_unique_RNA_match
6_AACAGGATCTAGCGTG-1	AACAGGATCTAGCGTG-1	6	LGS2	OS	Muller glia	published_fragment_file_unique_RNA_match
6_TTTACGCGTTTGCAGA-1	TTTACGCGTTTGCAGA-1	6	LGS2	OS	Muller glia	published_fragment_file_unique_RNA_match
6_AAGCTAGAGATGGAGC-1	AAGCTAGAGATGGAGC-1	6	LGS2	OS	Muller glia	published_fragment_file_unique_RNA_match
6_AAGCTTGGTGCTTAGA-1	AAGCTTGGTGCTTAGA-1	6	LGS2	OS	Muller glia	published_fragment_file_unique_RNA_match
6_GCTAACAGTCTATCGT-1	GCTAACAGTCTATCGT-1	6	LGS2	OS	Muller glia	published_fragment_file_unique_RNA_match
6_AACTGTTCATCTAGCA-1	AACTGTTCATCTAGCA-1	6	LGS2	OS	Muller glia	published_fragment_file_unique_RNA_match
6_TTTCTTGCACGAATCC-1	TTTCTTGCACGAATCC-1	6	LGS2	OS	Muller glia	published_fragment_file_unique_RNA_match
6_GAGTAACCAGCAGGTA-1	GAGTAACCAGCAGGTA-1	6	LGS2	OS	Muller glia	published_fragment_file_unique_RNA_match
6_AGTCTTGCAATTAACC-1	AGTCTTGCAATTAACC-1	6	LGS2	OS	Muller glia	published_fragment_file_unique_RNA_match
6_TCAACAATCCTTTACG-1	TCAACAATCCTTTACG-1	6	LGS2	OS	Muller glia	published_fragment_file_unique_RNA_match
6_CCCGTAAAGGCTACTG-1	CCCGTAAAGGCTACTG-1	6	LGS2	OS	Muller glia	published_fragment_file_unique_RNA_match
6_GTCTATCGTAACTACG-1	GTCTATCGTAACTACG-1	6	LGS2	OS	Muller glia	published_fragment_file_unique_RNA_match
6_ACTAACGGTTACGCAA-1	ACTAACGGTTACGCAA-1	6	LGS2	OS	Muller glia	published_fragment_file_unique_RNA_match
6_TGTCCTTCAAGTTATC-1	TGTCCTTCAAGTTATC-1	6	LGS2	OS	Muller glia	published_fragment_file_unique_RNA_match
6_TGGTTCTGTGCTGTAA-1	TGGTTCTGTGCTGTAA-1	6	LGS2	OS	Muller glia	published_fragment_file_unique_RNA_match
6_TCCCTGGTCTTGCAAA-1	TCCCTGGTCTTGCAAA-1	6	LGS2	OS	Muller glia	published_fragment_file_unique_RNA_match
6_ATGACAACAGGCTTCG-1	ATGACAACAGGCTTCG-1	6	LGS2	OS	Muller glia	published_fragment_file_unique_RNA_match
6_ATATGCTCAAGTAAGC-1	ATATGCTCAAGTAAGC-1	6	LGS2	OS	Muller glia	published_fragment_file_unique_RNA_match
6_TTGCTTTAGCTTTGGG-1	TTGCTTTAGCTTTGGG-1	6	LGS2	OS	Muller glia	published_fragment_file_unique_RNA_match
6_AGGTGAATCGTCAAGT-1	AGGTGAATCGTCAAGT-1	6	LGS2	OS	Muller glia	published_fragment_file_unique_RNA_match
6_TACCAGGTCTCACTAT-1	TACCAGGTCTCACTAT-1	6	LGS2	OS	Muller glia	published_fragment_file_unique_RNA_match
6_GAGTAACCAACACTTG-1	GAGTAACCAACACTTG-1	6	LGS2	OS	Muller glia	published_fragment_file_unique_RNA_match
6_GGCATTAGTCATTGAG-1	GGCATTAGTCATTGAG-1	6	LGS2	OS	Muller glia	published_fragment_file_unique_RNA_match
6_GGGCTAACATTGTGTG-1	GGGCTAACATTGTGTG-1	6	LGS2	OS	Muller glia	published_fragment_file_unique_RNA_match
6_GCATCCTTCGGTTTGG-1	GCATCCTTCGGTTTGG-1	6	LGS2	OS	Muller glia	published_fragment_file_unique_RNA_match
6_ATTTGCAAGGCCTAAT-1	ATTTGCAAGGCCTAAT-1	6	LGS2	OS	Muller glia	published_fragment_file_unique_RNA_match
6_GTGATGAAGCACCACA-1	GTGATGAAGCACCACA-1	6	LGS2	OS	Muller glia	published_fragment_file_unique_RNA_match
6_GGTGCTGGTAATGACT-1	GGTGCTGGTAATGACT-1	6	LGS2	OS	Muller glia	published_fragment_file_unique_RNA_match
6_TAGCCTCTCGGCCAGT-1	TAGCCTCTCGGCCAGT-1	6	LGS2	OS	Muller glia	published_fragment_file_unique_RNA_match
6_CCCTCACCATCATGTG-1	CCCTCACCATCATGTG-1	6	LGS2	OS	Muller glia	published_fragment_file_unique_RNA_match
6_GACCTGATCCCTCACG-1	GACCTGATCCCTCACG-1	6	LGS2	OS	Muller glia	published_fragment_file_unique_RNA_match
6_CCTAATAAGACTTACA-1	CCTAATAAGACTTACA-1	6	LGS2	OS	Muller glia	published_fragment_file_unique_RNA_match
6_CTGTTAAAGTTATGTG-1	CTGTTAAAGTTATGTG-1	6	LGS2	OS	Muller glia	published_fragment_file_unique_RNA_match
6_AGAAACCCAGGCATCT-1	AGAAACCCAGGCATCT-1	6	LGS2	OS	Muller glia	published_fragment_file_unique_RNA_match
6_AAGAATCAGTTAGCTA-1	AAGAATCAGTTAGCTA-1	6	LGS2	OS	Muller glia	published_fragment_file_unique_RNA_match
6_AATTGTGTCAAATCGC-1	AATTGTGTCAAATCGC-1	6	LGS2	OS	Muller glia	published_fragment_file_unique_RNA_match
6_CCGACAGGTTGTTGCT-1	CCGACAGGTTGTTGCT-1	6	LGS2	OS	Muller glia	published_fragment_file_unique_RNA_match
6_CAGGAAGGTTTGGTTC-1	CAGGAAGGTTTGGTTC-1	6	LGS2	OS	Muller glia	published_fragment_file_unique_RNA_match
6_GACTATTCAGATAGAC-1	GACTATTCAGATAGAC-1	6	LGS2	OS	Muller glia	published_fragment_file_unique_RNA_match
6_AACGCTAGTTCACTGT-1	AACGCTAGTTCACTGT-1	6	LGS2	OS	Muller glia	published_fragment_file_unique_RNA_match
6_AATGCGCGTGAACAAA-1	AATGCGCGTGAACAAA-1	6	LGS2	OS	Muller glia	published_fragment_file_unique_RNA_match
6_TTCGTGCTCTTAGGAC-1	TTCGTGCTCTTAGGAC-1	6	LGS2	OS	Muller glia	published_fragment_file_unique_RNA_match
6_CCCAACCGTTTGGCGG-1	CCCAACCGTTTGGCGG-1	6	LGS2	OS	Muller glia	published_fragment_file_unique_RNA_match
6_CTTAAGGGTTAGACCA-1	CTTAAGGGTTAGACCA-1	6	LGS2	OS	Muller glia	published_fragment_file_unique_RNA_match
6_GTATTCAAGCCGCAGT-1	GTATTCAAGCCGCAGT-1	6	LGS2	OS	Muller glia	published_fragment_file_unique_RNA_match
6_ATTGCAGGTGTGCACG-1	ATTGCAGGTGTGCACG-1	6	LGS2	OS	Muller glia	published_fragment_file_unique_RNA_match
6_TCTCCTCGTGAGCAAG-1	TCTCCTCGTGAGCAAG-1	6	LGS2	OS	Muller glia	published_fragment_file_unique_RNA_match
6_ATTACGTCAGGGAGGA-1	ATTACGTCAGGGAGGA-1	6	LGS2	OS	Muller glia	published_fragment_file_unique_RNA_match
6_GGAAGCTAGCCGCTAA-1	GGAAGCTAGCCGCTAA-1	6	LGS2	OS	Muller glia	published_fragment_file_unique_RNA_match
6_GCCTAATAGCCAGTAT-1	GCCTAATAGCCAGTAT-1	6	LGS2	OS	Muller glia	published_fragment_file_unique_RNA_match
6_GATTTGCAGGACCTTG-1	GATTTGCAGGACCTTG-1	6	LGS2	OS	Muller glia	published_fragment_file_unique_RNA_match
6_TCAAGGTTCATCCTAT-1	TCAAGGTTCATCCTAT-1	6	LGS2	OS	Muller glia	published_fragment_file_unique_RNA_match
6_CGCTTCTAGCTGGCTA-1	CGCTTCTAGCTGGCTA-1	6	LGS2	OS	Muller glia	published_fragment_file_unique_RNA_match
6_TGTGCGCAGTAAAGGT-1	TGTGCGCAGTAAAGGT-1	6	LGS2	OS	Muller glia	published_fragment_file_unique_RNA_match
6_CGACAAGCAGGAAGCC-1	CGACAAGCAGGAAGCC-1	6	LGS2	OS	Muller glia	published_fragment_file_unique_RNA_match
6_CCTATTTAGGACCTGC-1	CCTATTTAGGACCTGC-1	6	LGS2	OS	Muller glia	published_fragment_file_unique_RNA_match
6_CGCTTACTCCCGTTTA-1	CGCTTACTCCCGTTTA-1	6	LGS2	OS	Muller glia	published_fragment_file_unique_RNA_match
6_TATTTGGAGTGTTGTA-1	TATTTGGAGTGTTGTA-1	6	LGS2	OS	Muller glia	published_fragment_file_unique_RNA_match
6_AAGACATAGAATCTCA-1	AAGACATAGAATCTCA-1	6	LGS2	OS	Muller glia	published_fragment_file_unique_RNA_match
6_TGTAAGTGTTACTTGC-1	TGTAAGTGTTACTTGC-1	6	LGS2	OS	Muller glia	published_fragment_file_unique_RNA_match
6_GATGCTTAGGTGCTGC-1	GATGCTTAGGTGCTGC-1	6	LGS2	OS	Muller glia	published_fragment_file_unique_RNA_match
6_TCGCGAGGTAGGTTAT-1	TCGCGAGGTAGGTTAT-1	6	LGS2	OS	Muller glia	published_fragment_file_unique_RNA_match
6_CTTAAGGGTAGCTGGT-1	CTTAAGGGTAGCTGGT-1	6	LGS2	OS	Muller glia	published_fragment_file_unique_RNA_match
6_AGCTAACTCTGCAAGT-1	AGCTAACTCTGCAAGT-1	6	LGS2	OS	Muller glia	published_fragment_file_unique_RNA_match
6_AGAGAAGCAATCATGT-1	AGAGAAGCAATCATGT-1	6	LGS2	OS	Muller glia	published_fragment_file_unique_RNA_match
6_GAAGCTAAGTGTTGCG-1	GAAGCTAAGTGTTGCG-1	6	LGS2	OS	Muller glia	published_fragment_file_unique_RNA_match
6_TCAGCAAGTCACAGCG-1	TCAGCAAGTCACAGCG-1	6	LGS2	OS	Muller glia	published_fragment_file_unique_RNA_match
6_ATAGATGCAAGGTCCT-1	ATAGATGCAAGGTCCT-1	6	LGS2	OS	Muller glia	published_fragment_file_unique_RNA_match
6_TATGGGCGTCAGGCCA-1	TATGGGCGTCAGGCCA-1	6	LGS2	OS	Muller glia	published_fragment_file_unique_RNA_match
6_GGTTTCCTCGTTATCT-1	GGTTTCCTCGTTATCT-1	6	LGS2	OS	Muller glia	published_fragment_file_unique_RNA_match
6_TAGGTTATCTAGCTAA-1	TAGGTTATCTAGCTAA-1	6	LGS2	OS	Muller glia	published_fragment_file_unique_RNA_match
6_GTTAGGCGTCCAAGAC-1	GTTAGGCGTCCAAGAC-1	6	LGS2	OS	Muller glia	published_fragment_file_unique_RNA_match
6_CGAATATGTTGCGCGA-1	CGAATATGTTGCGCGA-1	6	LGS2	OS	Muller glia	published_fragment_file_unique_RNA_match
6_CGAGTCGGTTCCATTA-1	CGAGTCGGTTCCATTA-1	6	LGS2	OS	Muller glia	published_fragment_file_unique_RNA_match
6_TCTAACCGTGATCATG-1	TCTAACCGTGATCATG-1	6	LGS2	OS	Muller glia	published_fragment_file_unique_RNA_match
6_CTTACTAGTTTGTCTA-1	CTTACTAGTTTGTCTA-1	6	LGS2	OS	Muller glia	published_fragment_file_unique_RNA_match
6_ACCTAAGGTATACTGG-1	ACCTAAGGTATACTGG-1	6	LGS2	OS	Muller glia	published_fragment_file_unique_RNA_match
6_ATGAAGTAGTAGCGGG-1	ATGAAGTAGTAGCGGG-1	6	LGS2	OS	Muller glia	published_fragment_file_unique_RNA_match
6_GTTACTAAGTAACCAC-1	GTTACTAAGTAACCAC-1	6	LGS2	OS	Muller glia	published_fragment_file_unique_RNA_match
6_AAGAACAGTCCACAAA-1	AAGAACAGTCCACAAA-1	6	LGS2	OS	Muller glia	published_fragment_file_unique_RNA_match
6_TGACTTAAGTCTATGA-1	TGACTTAAGTCTATGA-1	6	LGS2	OS	Muller glia	published_fragment_file_unique_RNA_match
6_AGTGCGGAGCTGTACG-1	AGTGCGGAGCTGTACG-1	6	LGS2	OS	Muller glia	published_fragment_file_unique_RNA_match
6_TTGGGTTAGGATTGAG-1	TTGGGTTAGGATTGAG-1	6	LGS2	OS	Muller glia	published_fragment_file_unique_RNA_match
6_CGCTTCTAGTACTGGT-1	CGCTTCTAGTACTGGT-1	6	LGS2	OS	Muller glia	published_fragment_file_unique_RNA_match
6_GTTGGCGGTCTCACTG-1	GTTGGCGGTCTCACTG-1	6	LGS2	OS	Muller glia	published_fragment_file_unique_RNA_match
6_GCGCAAACAGTAGGAT-1	GCGCAAACAGTAGGAT-1	6	LGS2	OS	Muller glia	published_fragment_file_unique_RNA_match
6_TTCAGGTAGGGCTTAT-1	TTCAGGTAGGGCTTAT-1	6	LGS2	OS	Muller glia	published_fragment_file_unique_RNA_match
6_AATGCAACACAGGGAC-1	AATGCAACACAGGGAC-1	6	LGS2	OS	Muller glia	published_fragment_file_unique_RNA_match
6_CTTCTAAGTTGTGACA-1	CTTCTAAGTTGTGACA-1	6	LGS2	OS	Muller glia	published_fragment_file_unique_RNA_match
6_GCCATTACAACTAGAA-1	GCCATTACAACTAGAA-1	6	LGS2	OS	Muller glia	published_fragment_file_unique_RNA_match
6_AGAACCAAGGTGCTGC-1	AGAACCAAGGTGCTGC-1	6	LGS2	OS	Muller glia	published_fragment_file_unique_RNA_match
6_GCCTCAAAGTCCTTCA-1	GCCTCAAAGTCCTTCA-1	6	LGS2	OS	Muller glia	published_fragment_file_unique_RNA_match
6_TCAGGTCCAAGCGATG-1	TCAGGTCCAAGCGATG-1	6	LGS2	OS	Muller glia	published_fragment_file_unique_RNA_match
6_ATGATGGAGAACCTAC-1	ATGATGGAGAACCTAC-1	6	LGS2	OS	Muller glia	published_fragment_file_unique_RNA_match
6_AGGATATAGGTTAGCT-1	AGGATATAGGTTAGCT-1	6	LGS2	OS	Muller glia	published_fragment_file_unique_RNA_match
6_CAGGACCTCCTTTACG-1	CAGGACCTCCTTTACG-1	6	LGS2	OS	Muller glia	published_fragment_file_unique_RNA_match
6_TTGTTCCCATGTTGGC-1	TTGTTCCCATGTTGGC-1	6	LGS2	OS	Muller glia	published_fragment_file_unique_RNA_match
6_GCATCCTTCCATCAGG-1	GCATCCTTCCATCAGG-1	6	LGS2	OS	Muller glia	published_fragment_file_unique_RNA_match
6_CAGGGTGAGGACGTAA-1	CAGGGTGAGGACGTAA-1	6	LGS2	OS	Muller glia	published_fragment_file_unique_RNA_match
6_TTACACCGTTGGATAT-1	TTACACCGTTGGATAT-1	6	LGS2	OS	Muller glia	published_fragment_file_unique_RNA_match
6_TAAGCTATCGACAAAG-1	TAAGCTATCGACAAAG-1	6	LGS2	OS	Muller glia	published_fragment_file_unique_RNA_match
6_GAAGGCTAGTAACCCG-1	GAAGGCTAGTAACCCG-1	6	LGS2	OS	Muller glia	published_fragment_file_unique_RNA_match
6_GCTATTGCACCTAAGC-1	GCTATTGCACCTAAGC-1	6	LGS2	OS	Muller glia	published_fragment_file_unique_RNA_match
6_AGCGGATAGTTTAACG-1	AGCGGATAGTTTAACG-1	6	LGS2	OS	Muller glia	published_fragment_file_unique_RNA_match
6_CCTTCAGGTCAACAAT-1	CCTTCAGGTCAACAAT-1	6	LGS2	OS	Muller glia	published_fragment_file_unique_RNA_match
6_GCTGACATCTGTTGCC-1	GCTGACATCTGTTGCC-1	6	LGS2	OS	Muller glia	published_fragment_file_unique_RNA_match
6_ATGCGATTCTTGAGGT-1	ATGCGATTCTTGAGGT-1	6	LGS2	OS	Muller glia	published_fragment_file_unique_RNA_match
6_GAAGGATGTGACCTGG-1	GAAGGATGTGACCTGG-1	6	LGS2	OS	Muller glia	published_fragment_file_unique_RNA_match
6_AGGAACCAGCTATATG-1	AGGAACCAGCTATATG-1	6	LGS2	OS	Muller glia	published_fragment_file_unique_RNA_match
6_CTACTTAGTCATCCTG-1	CTACTTAGTCATCCTG-1	6	LGS2	OS	Muller glia	published_fragment_file_unique_RNA_match
6_GTGAACAAGGAGTCGG-1	GTGAACAAGGAGTCGG-1	6	LGS2	OS	Muller glia	published_fragment_file_unique_RNA_match
6_GAAGTATAGTACCGCA-1	GAAGTATAGTACCGCA-1	6	LGS2	OS	Muller glia	published_fragment_file_unique_RNA_match
6_GTTCACCTCGCTCACT-1	GTTCACCTCGCTCACT-1	6	LGS2	OS	Muller glia	published_fragment_file_unique_RNA_match
6_CACTTAAAGGCCTGGT-1	CACTTAAAGGCCTGGT-1	6	LGS2	OS	Muller glia	published_fragment_file_unique_RNA_match
6_CCAACCAAGGAACCAA-1	CCAACCAAGGAACCAA-1	6	LGS2	OS	Muller glia	published_fragment_file_unique_RNA_match
6_CAATCTAAGCGAAGTA-1	CAATCTAAGCGAAGTA-1	6	LGS2	OS	Muller glia	published_fragment_file_unique_RNA_match
6_CTCCTGAGTGCCGCAA-1	CTCCTGAGTGCCGCAA-1	6	LGS2	OS	Muller glia	published_fragment_file_unique_RNA_match
6_ATCAAGCTCCACCCTG-1	ATCAAGCTCCACCCTG-1	6	LGS2	OS	Muller glia	published_fragment_file_unique_RNA_match
6_CACTTAAAGCCTCTCG-1	CACTTAAAGCCTCTCG-1	6	LGS2	OS	Muller glia	published_fragment_file_unique_RNA_match
6_GATTGCGTCCTAATGA-1	GATTGCGTCCTAATGA-1	6	LGS2	OS	Muller glia	published_fragment_file_unique_RNA_match
6_ACTGAAACAACAGGTG-1	ACTGAAACAACAGGTG-1	6	LGS2	OS	Muller glia	published_fragment_file_unique_RNA_match
6_TACCGCAAGCGTGCGT-1	TACCGCAAGCGTGCGT-1	6	LGS2	OS	Muller glia	published_fragment_file_unique_RNA_match
6_TTCCTTCTCCTAAGTA-1	TTCCTTCTCCTAAGTA-1	6	LGS2	OS	Muller glia	published_fragment_file_unique_RNA_match
6_GCAGGCTTCATGCTAA-1	GCAGGCTTCATGCTAA-1	6	LGS2	OS	Muller glia	published_fragment_file_unique_RNA_match
6_ACACTTAAGCGCATTG-1	ACACTTAAGCGCATTG-1	6	LGS2	OS	Muller glia	published_fragment_file_unique_RNA_match
6_GCAATAGAGGAGCATA-1	GCAATAGAGGAGCATA-1	6	LGS2	OS	Muller glia	published_fragment_file_unique_RNA_match
6_CAAGGTAAGTAAAGGT-1	CAAGGTAAGTAAAGGT-1	6	LGS2	OS	Muller glia	published_fragment_file_unique_RNA_match
6_CGCAATCCATAACGGG-1	CGCAATCCATAACGGG-1	6	LGS2	OS	Muller glia	published_fragment_file_unique_RNA_match
6_TAGCATATCCCTCGCA-1	TAGCATATCCCTCGCA-1	6	LGS2	OS	Muller glia	published_fragment_file_unique_RNA_match
6_GCTGCATCAGTAAGTA-1	GCTGCATCAGTAAGTA-1	6	LGS2	OS	Muller glia	published_fragment_file_unique_RNA_match
6_AGCGCCTAGAGGAAGG-1	AGCGCCTAGAGGAAGG-1	6	LGS2	OS	Muller glia	published_fragment_file_unique_RNA_match
6_ACCCGGTAGGCATGTT-1	ACCCGGTAGGCATGTT-1	6	LGS2	OS	Muller glia	published_fragment_file_unique_RNA_match
6_GGTAAACCAGCCTAAC-1	GGTAAACCAGCCTAAC-1	6	LGS2	OS	Muller glia	published_fragment_file_unique_RNA_match
6_ATGCAAACAGCCAGAA-1	ATGCAAACAGCCAGAA-1	6	LGS2	OS	Muller glia	published_fragment_file_unique_RNA_match
6_GGTTATGGTATACTGG-1	GGTTATGGTATACTGG-1	6	LGS2	OS	Muller glia	published_fragment_file_unique_RNA_match
6_CCCAAACCAGTTATCG-1	CCCAAACCAGTTATCG-1	6	LGS2	OS	Muller glia	published_fragment_file_unique_RNA_match
6_AGCATCCCACCTCACC-1	AGCATCCCACCTCACC-1	6	LGS2	OS	Muller glia	published_fragment_file_unique_RNA_match
6_CGTTAGGTCCCTGATC-1	CGTTAGGTCCCTGATC-1	6	LGS2	OS	Muller glia	published_fragment_file_unique_RNA_match
6_ATATAGGCACTTCATC-1	ATATAGGCACTTCATC-1	6	LGS2	OS	Muller glia	published_fragment_file_unique_RNA_match
6_GGTAAACCACCAAAGG-1	GGTAAACCACCAAAGG-1	6	LGS2	OS	Muller glia	published_fragment_file_unique_RNA_match
6_GTCAGGCTCCACCTGT-1	GTCAGGCTCCACCTGT-1	6	LGS2	OS	Muller glia	published_fragment_file_unique_RNA_match
6_ATTAGCTCATAATCCG-1	ATTAGCTCATAATCCG-1	6	LGS2	OS	Muller glia	published_fragment_file_unique_RNA_match
6_ATACCGGTCATTATGG-1	ATACCGGTCATTATGG-1	6	LGS2	OS	Muller glia	published_fragment_file_unique_RNA_match
6_CCATATTTCGCCTGTT-1	CCATATTTCGCCTGTT-1	6	LGS2	OS	Muller glia	published_fragment_file_unique_RNA_match
6_ACGACAAAGAATCGCT-1	ACGACAAAGAATCGCT-1	6	LGS2	OS	Muller glia	published_fragment_file_unique_RNA_match
6_CCCAAATAGTTCCCGT-1	CCCAAATAGTTCCCGT-1	6	LGS2	OS	Muller glia	published_fragment_file_unique_RNA_match
6_GCTGGATGTCAGTAAT-1	GCTGGATGTCAGTAAT-1	6	LGS2	OS	Muller glia	published_fragment_file_unique_RNA_match
6_TAACCTAAGCTGTACG-1	TAACCTAAGCTGTACG-1	6	LGS2	OS	Muller glia	published_fragment_file_unique_RNA_match
6_CGGTTTCTCGCTAAGT-1	CGGTTTCTCGCTAAGT-1	6	LGS2	OS	Muller glia	published_fragment_file_unique_RNA_match
6_GCGAAGCCATAACGGG-1	GCGAAGCCATAACGGG-1	6	LGS2	OS	Muller glia	published_fragment_file_unique_RNA_match
6_CTTCGCGTCTTTGACT-1	CTTCGCGTCTTTGACT-1	6	LGS2	OS	Muller glia	published_fragment_file_unique_RNA_match
6_CAAGGTTTCCCGAACA-1	CAAGGTTTCCCGAACA-1	6	LGS2	OS	Muller glia	published_fragment_file_unique_RNA_match
6_TCTTAGTTCACTTTAC-1	TCTTAGTTCACTTTAC-1	6	LGS2	OS	Muller glia	published_fragment_file_unique_RNA_match
6_TGTGCTGAGAGAGGAG-1	TGTGCTGAGAGAGGAG-1	6	LGS2	OS	Muller glia	published_fragment_file_unique_RNA_match
6_CTCCAAACAGCTTACA-1	CTCCAAACAGCTTACA-1	6	LGS2	OS	Muller glia	published_fragment_file_unique_RNA_match
6_CTATTGAAGTTATTCC-1	CTATTGAAGTTATTCC-1	6	LGS2	OS	Muller glia	published_fragment_file_unique_RNA_match
6_AAACAGCCACAGCCAT-1	AAACAGCCACAGCCAT-1	6	LGS2	OS	Muller glia	published_fragment_file_unique_RNA_match
6_GTTACGCCAACCGCCA-1	GTTACGCCAACCGCCA-1	6	LGS2	OS	Muller glia	published_fragment_file_unique_RNA_match
6_TGCTTAAAGGGCTTTG-1	TGCTTAAAGGGCTTTG-1	6	LGS2	OS	Muller glia	published_fragment_file_unique_RNA_match
6_AAGCGCTGTCATGCAA-1	AAGCGCTGTCATGCAA-1	6	LGS2	OS	Muller glia	published_fragment_file_unique_RNA_match
6_TCCGGAATCTTGTTCG-1	TCCGGAATCTTGTTCG-1	6	LGS2	OS	Muller glia	published_fragment_file_unique_RNA_match
6_ACCTGGTCAAGCCACT-1	ACCTGGTCAAGCCACT-1	6	LGS2	OS	Muller glia	published_fragment_file_unique_RNA_match
6_GACCTAGTCATTAGGC-1	GACCTAGTCATTAGGC-1	6	LGS2	OS	Muller glia	published_fragment_file_unique_RNA_match
6_GGGTCACTCATTGTTC-1	GGGTCACTCATTGTTC-1	6	LGS2	OS	Muller glia	published_fragment_file_unique_RNA_match
6_TTGGATTCAGCAAATA-1	TTGGATTCAGCAAATA-1	6	LGS2	OS	Muller glia	published_fragment_file_unique_RNA_match
6_TAGGAGGGTTTAGCTC-1	TAGGAGGGTTTAGCTC-1	6	LGS2	OS	Muller glia	published_fragment_file_unique_RNA_match
6_GTGTTCCTCGTTATAG-1	GTGTTCCTCGTTATAG-1	6	LGS2	OS	Muller glia	published_fragment_file_unique_RNA_match
6_TTGGCTACACGTGCTG-1	TTGGCTACACGTGCTG-1	6	LGS2	OS	Muller glia	published_fragment_file_unique_RNA_match
6_AAACCGCGTAACGTGC-1	AAACCGCGTAACGTGC-1	6	LGS2	OS	Muller glia	published_fragment_file_unique_RNA_match
6_TCAAGACTCGGTTTCC-1	TCAAGACTCGGTTTCC-1	6	LGS2	OS	Muller glia	published_fragment_file_unique_RNA_match
6_AGAACCAAGCTTAACA-1	AGAACCAAGCTTAACA-1	6	LGS2	OS	Muller glia	published_fragment_file_unique_RNA_match
6_TTGGTGAGTGCTTACT-1	TTGGTGAGTGCTTACT-1	6	LGS2	OS	Muller glia	published_fragment_file_unique_RNA_match
6_ATTTGTGAGCACCACA-1	ATTTGTGAGCACCACA-1	6	LGS2	OS	Muller glia	published_fragment_file_unique_RNA_match
6_ACGTCAAGTCGACTAA-1	ACGTCAAGTCGACTAA-1	6	LGS2	OS	Muller glia	published_fragment_file_unique_RNA_match
6_ACTCCTCAGGCCTGGT-1	ACTCCTCAGGCCTGGT-1	6	LGS2	OS	Muller glia	published_fragment_file_unique_RNA_match
6_TGAGGCACATGTTTGG-1	TGAGGCACATGTTTGG-1	6	LGS2	OS	Muller glia	published_fragment_file_unique_RNA_match
6_TACCAGGTCCCTCGCA-1	TACCAGGTCCCTCGCA-1	6	LGS2	OS	Muller glia	published_fragment_file_unique_RNA_match
6_GCAGCTATCCGGTTGA-1	GCAGCTATCCGGTTGA-1	6	LGS2	OS	Muller glia	published_fragment_file_unique_RNA_match
6_TCCTTGCAGTCAGGCC-1	TCCTTGCAGTCAGGCC-1	6	LGS2	OS	Muller glia	published_fragment_file_unique_RNA_match
6_AATTTGGTCCCGCATT-1	AATTTGGTCCCGCATT-1	6	LGS2	OS	Muller glia	published_fragment_file_unique_RNA_match
6_GATGCTTAGCACAGGG-1	GATGCTTAGCACAGGG-1	6	LGS2	OS	Muller glia	published_fragment_file_unique_RNA_match
6_ACCACATAGAGGGACT-1	ACCACATAGAGGGACT-1	6	LGS2	OS	Muller glia	published_fragment_file_unique_RNA_match
6_AGTTGCAGTTCCTGAT-1	AGTTGCAGTTCCTGAT-1	6	LGS2	OS	Muller glia	published_fragment_file_unique_RNA_match
6_GAAGTATAGAGCCGGA-1	GAAGTATAGAGCCGGA-1	6	LGS2	OS	Muller glia	published_fragment_file_unique_RNA_match
6_TCCTGTTCAAGGTCGA-1	TCCTGTTCAAGGTCGA-1	6	LGS2	OS	Muller glia	published_fragment_file_unique_RNA_match
6_GGAACGGTCGTTACTT-1	GGAACGGTCGTTACTT-1	6	LGS2	OS	Muller glia	published_fragment_file_unique_RNA_match
6_AGTAGGATCTACTAAG-1	AGTAGGATCTACTAAG-1	6	LGS2	OS	Muller glia	published_fragment_file_unique_RNA_match
6_CTAGATTCAGCTCATA-1	CTAGATTCAGCTCATA-1	6	LGS2	OS	Muller glia	published_fragment_file_unique_RNA_match
6_AAGTGAAGTGGCTTCC-1	AAGTGAAGTGGCTTCC-1	6	LGS2	OS	Muller glia	published_fragment_file_unique_RNA_match
6_CAGCCAATCCGTGACA-1	CAGCCAATCCGTGACA-1	6	LGS2	OS	Muller glia	published_fragment_file_unique_RNA_match
6_GTTACAGGTTTGACCT-1	GTTACAGGTTTGACCT-1	6	LGS2	OS	Muller glia	published_fragment_file_unique_RNA_match
6_TTTCGTCCAATAACGA-1	TTTCGTCCAATAACGA-1	6	LGS2	OS	Muller glia	published_fragment_file_unique_RNA_match
6_TATTACCTCTTGCATT-1	TATTACCTCTTGCATT-1	6	LGS2	OS	Muller glia	published_fragment_file_unique_RNA_match
6_CCAGGAACACAGGATG-1	CCAGGAACACAGGATG-1	6	LGS2	OS	Muller glia	published_fragment_file_unique_RNA_match
6_CGCTACTTCATAACCA-1	CGCTACTTCATAACCA-1	6	LGS2	OS	Muller glia	published_fragment_file_unique_RNA_match
6_TTGCGTCTCTAGCTTT-1	TTGCGTCTCTAGCTTT-1	6	LGS2	OS	Muller glia	published_fragment_file_unique_RNA_match
6_ACACTTGCATGATTGT-1	ACACTTGCATGATTGT-1	6	LGS2	OS	Muller glia	published_fragment_file_unique_RNA_match
6_CGTCAATAGCTGGAAA-1	CGTCAATAGCTGGAAA-1	6	LGS2	OS	Muller glia	published_fragment_file_unique_RNA_match
6_AGGGCCTTCGTTATAG-1	AGGGCCTTCGTTATAG-1	6	LGS2	OS	Muller glia	published_fragment_file_unique_RNA_match
6_AGGTTTGGTATTTGCC-1	AGGTTTGGTATTTGCC-1	6	LGS2	OS	Muller glia	published_fragment_file_unique_RNA_match
6_GTCTTTGTCGTTCACC-1	GTCTTTGTCGTTCACC-1	6	LGS2	OS	Muller glia	published_fragment_file_unique_RNA_match
6_CCATCACTCATAGCCG-1	CCATCACTCATAGCCG-1	6	LGS2	OS	Muller glia	published_fragment_file_unique_RNA_match
6_TGCTCACTCAAGTGTC-1	TGCTCACTCAAGTGTC-1	6	LGS2	OS	Muller glia	published_fragment_file_unique_RNA_match
6_TCAAGACTCACGCCAA-1	TCAAGACTCACGCCAA-1	6	LGS2	OS	Muller glia	published_fragment_file_unique_RNA_match
6_GGCCGTTAGCAAGGAC-1	GGCCGTTAGCAAGGAC-1	6	LGS2	OS	Muller glia	published_fragment_file_unique_RNA_match
6_AGGTGAGGTGGGTACT-1	AGGTGAGGTGGGTACT-1	6	LGS2	OS	Muller glia	published_fragment_file_unique_RNA_match
6_CTGTTAAAGACAACGA-1	CTGTTAAAGACAACGA-1	6	LGS2	OS	Muller glia	published_fragment_file_unique_RNA_match
6_CCGCAAGGTTTACCGT-1	CCGCAAGGTTTACCGT-1	6	LGS2	OS	Muller glia	published_fragment_file_unique_RNA_match
6_CACTTTGTCATGGCCA-1	CACTTTGTCATGGCCA-1	6	LGS2	OS	Muller glia	published_fragment_file_unique_RNA_match
6_CGTTAACAGTTCCTGC-1	CGTTAACAGTTCCTGC-1	6	LGS2	OS	Muller glia	published_fragment_file_unique_RNA_match
6_TGTGGCCAGTTTGTCT-1	TGTGGCCAGTTTGTCT-1	6	LGS2	OS	Muller glia	published_fragment_file_unique_RNA_match
6_AGAGGATGTGACCTGG-1	AGAGGATGTGACCTGG-1	6	LGS2	OS	Muller glia	published_fragment_file_unique_RNA_match
6_TCTTGTCCACAGGAAT-1	TCTTGTCCACAGGAAT-1	6	LGS2	OS	Muller glia	published_fragment_file_unique_RNA_match
6_TCAACAATCCGTGACA-1	TCAACAATCCGTGACA-1	6	LGS2	OS	Muller glia	published_fragment_file_unique_RNA_match
6_CTTACTAGTTCCGGGA-1	CTTACTAGTTCCGGGA-1	6	LGS2	OS	Muller glia	published_fragment_file_unique_RNA_match
6_GTTAGACTCATGTCAA-1	GTTAGACTCATGTCAA-1	6	LGS2	OS	Muller glia	published_fragment_file_unique_RNA_match
6_TGACTCCTCATCACTT-1	TGACTCCTCATCACTT-1	6	LGS2	OS	Muller glia	published_fragment_file_unique_RNA_match
6_GTTGTGAGTGTCCAAA-1	GTTGTGAGTGTCCAAA-1	6	LGS2	OS	Muller glia	published_fragment_file_unique_RNA_match
6_CTAGATTCAGCAAGTG-1	CTAGATTCAGCAAGTG-1	6	LGS2	OS	Muller glia	published_fragment_file_unique_RNA_match
6_AGTGCGGAGTTTGCGG-1	AGTGCGGAGTTTGCGG-1	6	LGS2	OS	Muller glia	published_fragment_file_unique_RNA_match
6_AACCTAATCATAACGC-1	AACCTAATCATAACGC-1	6	LGS2	OS	Muller glia	published_fragment_file_unique_RNA_match
6_GACCGAACATTGTGCA-1	GACCGAACATTGTGCA-1	6	LGS2	OS	Muller glia	published_fragment_file_unique_RNA_match
6_AGAGAAGCAAACGGGC-1	AGAGAAGCAAACGGGC-1	6	LGS2	OS	Muller glia	published_fragment_file_unique_RNA_match
6_TTGGGTTAGCTAAAGG-1	TTGGGTTAGCTAAAGG-1	6	LGS2	OS	Muller glia	published_fragment_file_unique_RNA_match
6_TACCGAAGTTCCATTA-1	TACCGAAGTTCCATTA-1	6	LGS2	OS	Muller glia	published_fragment_file_unique_RNA_match
6_AATCCCTGTGCCGCAA-1	AATCCCTGTGCCGCAA-1	6	LGS2	OS	Muller glia	published_fragment_file_unique_RNA_match
6_GATTGATGTCTAACCT-1	GATTGATGTCTAACCT-1	6	LGS2	OS	Muller glia	published_fragment_file_unique_RNA_match
6_CCTTACTCAAGGGTTG-1	CCTTACTCAAGGGTTG-1	6	LGS2	OS	Muller glia	published_fragment_file_unique_RNA_match
6_GTAAGGTCAGTTTGGC-1	GTAAGGTCAGTTTGGC-1	6	LGS2	OS	Muller glia	published_fragment_file_unique_RNA_match
6_CTTGCATGTTGAAGCC-1	CTTGCATGTTGAAGCC-1	6	LGS2	OS	Muller glia	published_fragment_file_unique_RNA_match
6_AACCGCTCAGAAATGC-1	AACCGCTCAGAAATGC-1	6	LGS2	OS	Muller glia	published_fragment_file_unique_RNA_match
6_TATGGCCCAAGACTCC-1	TATGGCCCAAGACTCC-1	6	LGS2	OS	Muller glia	published_fragment_file_unique_RNA_match
6_GGTTTGTAGAGAGGCT-1	GGTTTGTAGAGAGGCT-1	6	LGS2	OS	Muller glia	published_fragment_file_unique_RNA_match
6_AATTGCCAGGCTTAAC-1	AATTGCCAGGCTTAAC-1	6	LGS2	OS	Muller glia	published_fragment_file_unique_RNA_match
6_GAGCATGCAGGCCTTG-1	GAGCATGCAGGCCTTG-1	6	LGS2	OS	Muller glia	published_fragment_file_unique_RNA_match
6_GCTGCATCACAATTAC-1	GCTGCATCACAATTAC-1	6	LGS2	OS	Muller glia	published_fragment_file_unique_RNA_match
6_AAGTGAAGTTGTAACG-1	AAGTGAAGTTGTAACG-1	6	LGS2	OS	Muller glia	published_fragment_file_unique_RNA_match
6_GGGCATGAGAACCTGT-1	GGGCATGAGAACCTGT-1	6	LGS2	OS	Muller glia	published_fragment_file_unique_RNA_match
6_GATTACGGTAGACAAA-1	GATTACGGTAGACAAA-1	6	LGS2	OS	Muller glia	published_fragment_file_unique_RNA_match
6_TGTTACTTCATGTTTC-1	TGTTACTTCATGTTTC-1	6	LGS2	OS	Muller glia	published_fragment_file_unique_RNA_match
6_CGTAATGGTCCTAGTT-1	CGTAATGGTCCTAGTT-1	6	LGS2	OS	Muller glia	published_fragment_file_unique_RNA_match
6_GACCTGATCATAGCCG-1	GACCTGATCATAGCCG-1	6	LGS2	OS	Muller glia	published_fragment_file_unique_RNA_match
6_CCTTCAGGTGTTTGCT-1	CCTTCAGGTGTTTGCT-1	6	LGS2	OS	Muller glia	published_fragment_file_unique_RNA_match
6_AGTCTTGCATGTCGCG-1	AGTCTTGCATGTCGCG-1	6	LGS2	OS	Muller glia	published_fragment_file_unique_RNA_match
6_CGTAGTTAGGCGCTTA-1	CGTAGTTAGGCGCTTA-1	6	LGS2	OS	Muller glia	published_fragment_file_unique_RNA_match
6_CAACTAATCGGTTACG-1	CAACTAATCGGTTACG-1	6	LGS2	OS	Muller glia	published_fragment_file_unique_RNA_match
6_ATGCATTCATCACTTC-1	ATGCATTCATCACTTC-1	6	LGS2	OS	Muller glia	published_fragment_file_unique_RNA_match
6_ATCCATAAGCGGCTGT-1	ATCCATAAGCGGCTGT-1	6	LGS2	OS	Muller glia	published_fragment_file_unique_RNA_match
6_CCGGTTAAGTCAATCA-1	CCGGTTAAGTCAATCA-1	6	LGS2	OS	Muller glia	published_fragment_file_unique_RNA_match
6_TAACCTAAGGTGAGAC-1	TAACCTAAGGTGAGAC-1	6	LGS2	OS	Muller glia	published_fragment_file_unique_RNA_match
6_GGTAAGGGTGGTTCCC-1	GGTAAGGGTGGTTCCC-1	6	LGS2	OS	Muller glia	published_fragment_file_unique_RNA_match
6_GCCGTGAGTAATCACG-1	GCCGTGAGTAATCACG-1	6	LGS2	OS	Muller glia	published_fragment_file_unique_RNA_match
6_GACAATACATTGTGTG-1	GACAATACATTGTGTG-1	6	LGS2	OS	Muller glia	published_fragment_file_unique_RNA_match
6_GGAGTCTGTCCTAGTT-1	GGAGTCTGTCCTAGTT-1	6	LGS2	OS	Muller glia	published_fragment_file_unique_RNA_match
6_CCTTGCGTCGCAGGCT-1	CCTTGCGTCGCAGGCT-1	6	LGS2	OS	Muller glia	published_fragment_file_unique_RNA_match
6_CGCTTAACACGCAACT-1	CGCTTAACACGCAACT-1	6	LGS2	OS	Muller glia	published_fragment_file_unique_RNA_match
6_GATTCAATCAATTGGC-1	GATTCAATCAATTGGC-1	6	LGS2	OS	Muller glia	published_fragment_file_unique_RNA_match
6_GTGAGCGAGGTAAGCA-1	GTGAGCGAGGTAAGCA-1	6	LGS2	OS	Muller glia	published_fragment_file_unique_RNA_match
6_GACCTAGTCCTAACGG-1	GACCTAGTCCTAACGG-1	6	LGS2	OS	Muller glia	published_fragment_file_unique_RNA_match
6_TGCGATTAGGAGTCTT-1	TGCGATTAGGAGTCTT-1	6	LGS2	OS	Muller glia	published_fragment_file_unique_RNA_match
6_GCCTTGCGTCATCAAG-1	GCCTTGCGTCATCAAG-1	6	LGS2	OS	Muller glia	published_fragment_file_unique_RNA_match
6_TAGTGAGAGAAACTGG-1	TAGTGAGAGAAACTGG-1	6	LGS2	OS	Muller glia	published_fragment_file_unique_RNA_match
6_GGCTGTCAGTTAGTGC-1	GGCTGTCAGTTAGTGC-1	6	LGS2	OS	Muller glia	published_fragment_file_unique_RNA_match
6_TAGACCAGTGGTTCCC-1	TAGACCAGTGGTTCCC-1	6	LGS2	OS	Muller glia	published_fragment_file_unique_RNA_match
6_TGGCTATAGAAACTGG-1	TGGCTATAGAAACTGG-1	6	LGS2	OS	Muller glia	published_fragment_file_unique_RNA_match
6_AAGCCACGTATTGTCC-1	AAGCCACGTATTGTCC-1	6	LGS2	OS	Muller glia	published_fragment_file_unique_RNA_match
6_CTGCTATGTTTGTCTA-1	CTGCTATGTTTGTCTA-1	6	LGS2	OS	Muller glia	published_fragment_file_unique_RNA_match
6_GCTTCGCGTCCGTGAG-1	GCTTCGCGTCCGTGAG-1	6	LGS2	OS	Muller glia	published_fragment_file_unique_RNA_match
6_GCTTGTTGTTGCCTCA-1	GCTTGTTGTTGCCTCA-1	6	LGS2	OS	Muller glia	published_fragment_file_unique_RNA_match
6_CTCTGTTCAACCTAAT-1	CTCTGTTCAACCTAAT-1	6	LGS2	OS	Muller glia	published_fragment_file_unique_RNA_match
6_GAGCAAATCCTAACGG-1	GAGCAAATCCTAACGG-1	6	LGS2	OS	Muller glia	published_fragment_file_unique_RNA_match
6_GGGTTTGTCACGAATC-1	GGGTTTGTCACGAATC-1	6	LGS2	OS	Muller glia	published_fragment_file_unique_RNA_match
6_GATTCCTGTTGTGACA-1	GATTCCTGTTGTGACA-1	6	LGS2	OS	Muller glia	published_fragment_file_unique_RNA_match
6_TACCAGGTCCTTGCGT-1	TACCAGGTCCTTGCGT-1	6	LGS2	OS	Muller glia	published_fragment_file_unique_RNA_match
6_AAGACAAGTGCATCGG-1	AAGACAAGTGCATCGG-1	6	LGS2	OS	Muller glia	published_fragment_file_unique_RNA_match
6_TTGCTCTCAAGTGTCC-1	TTGCTCTCAAGTGTCC-1	6	LGS2	OS	Muller glia	published_fragment_file_unique_RNA_match
6_GTCTAACAGTTAGACC-1	GTCTAACAGTTAGACC-1	6	LGS2	OS	Muller glia	published_fragment_file_unique_RNA_match
6_TAACAAGCAGGCTTGT-1	TAACAAGCAGGCTTGT-1	6	LGS2	OS	Muller glia	published_fragment_file_unique_RNA_match
6_CGGTTTCTCGCACAAT-1	CGGTTTCTCGCACAAT-1	6	LGS2	OS	Muller glia	published_fragment_file_unique_RNA_match
6_GCTTACCTCTGGCAAT-1	GCTTACCTCTGGCAAT-1	6	LGS2	OS	Muller glia	published_fragment_file_unique_RNA_match
6_ATCCTCATCGATAACC-1	ATCCTCATCGATAACC-1	6	LGS2	OS	Muller glia	published_fragment_file_unique_RNA_match
6_ACTTACAAGGAACGGT-1	ACTTACAAGGAACGGT-1	6	LGS2	OS	Muller glia	published_fragment_file_unique_RNA_match
6_GACCTGATCATTACAG-1	GACCTGATCATTACAG-1	6	LGS2	OS	Muller glia	published_fragment_file_unique_RNA_match
6_CCTAAGCCAAACGGGC-1	CCTAAGCCAAACGGGC-1	6	LGS2	OS	Muller glia	published_fragment_file_unique_RNA_match
6_AGCTTAATCAATCTAG-1	AGCTTAATCAATCTAG-1	6	LGS2	OS	Muller glia	published_fragment_file_unique_RNA_match
6_GAACCGCTCGGCCATA-1	GAACCGCTCGGCCATA-1	6	LGS2	OS	Muller glia	published_fragment_file_unique_RNA_match
6_TAAGCTGGTATTGGTG-1	TAAGCTGGTATTGGTG-1	6	LGS2	OS	Muller glia	published_fragment_file_unique_RNA_match
6_AAACCGAAGCCTGATG-1	AAACCGAAGCCTGATG-1	6	LGS2	OS	Muller glia	published_fragment_file_unique_RNA_match
6_CTAATCTTCTAAGTCA-1	CTAATCTTCTAAGTCA-1	6	LGS2	OS	Muller glia	published_fragment_file_unique_RNA_match
6_CTTAATGAGGCTCATG-1	CTTAATGAGGCTCATG-1	6	LGS2	OS	Muller glia	published_fragment_file_unique_RNA_match
6_AAGTGAAGTGTGCAAC-1	AAGTGAAGTGTGCAAC-1	6	LGS2	OS	Muller glia	published_fragment_file_unique_RNA_match
6_TCCTTCAAGCCAAATC-1	TCCTTCAAGCCAAATC-1	6	LGS2	OS	Muller glia	published_fragment_file_unique_RNA_match
6_TGGTCATAGGTGAGAC-1	TGGTCATAGGTGAGAC-1	6	LGS2	OS	Muller glia	published_fragment_file_unique_RNA_match
6_GTTTCTAGTCGACTCC-1	GTTTCTAGTCGACTCC-1	6	LGS2	OS	Muller glia	published_fragment_file_unique_RNA_match
6_CACTGACCACAGACTC-1	CACTGACCACAGACTC-1	6	LGS2	OS	Muller glia	published_fragment_file_unique_RNA_match
6_CCTTATGTCCACAATA-1	CCTTATGTCCACAATA-1	6	LGS2	OS	Muller glia	published_fragment_file_unique_RNA_match
6_TGTGCGCAGAGCAAGC-1	TGTGCGCAGAGCAAGC-1	6	LGS2	OS	Muller glia	published_fragment_file_unique_RNA_match
6_TTCCCGCCAAATTGCT-1	TTCCCGCCAAATTGCT-1	6	LGS2	OS	Muller glia	published_fragment_file_unique_RNA_match
6_TAGTTGTCAAATATCC-1	TAGTTGTCAAATATCC-1	6	LGS2	OS	Muller glia	published_fragment_file_unique_RNA_match
6_GGTCAAGCATTAGCCA-1	GGTCAAGCATTAGCCA-1	6	LGS2	OS	Muller glia	published_fragment_file_unique_RNA_match
6_GATTCCTGTAATAACC-1	GATTCCTGTAATAACC-1	6	LGS2	OS	Muller glia	published_fragment_file_unique_RNA_match
6_GAAGGAACAATATAGG-1	GAAGGAACAATATAGG-1	6	LGS2	OS	Muller glia	published_fragment_file_unique_RNA_match
6_TCGTCAACAACAGGTG-1	TCGTCAACAACAGGTG-1	6	LGS2	OS	Muller glia	published_fragment_file_unique_RNA_match
6_CGTTAAATCATGGCTG-1	CGTTAAATCATGGCTG-1	6	LGS2	OS	Muller glia	published_fragment_file_unique_RNA_match
6_GCTTAACAGATTCCTT-1	GCTTAACAGATTCCTT-1	6	LGS2	OS	Muller glia	published_fragment_file_unique_RNA_match
6_TAGCCGGGTTACAACG-1	TAGCCGGGTTACAACG-1	6	LGS2	OS	Muller glia	published_fragment_file_unique_RNA_match
6_CATGGATTCGTGCTAG-1	CATGGATTCGTGCTAG-1	6	LGS2	OS	Muller glia	published_fragment_file_unique_RNA_match
6_TTATAGCCATGGCCCA-1	TTATAGCCATGGCCCA-1	6	LGS2	OS	Muller glia	published_fragment_file_unique_RNA_match
6_TGGCTTTGTAAGGTTT-1	TGGCTTTGTAAGGTTT-1	6	LGS2	OS	Muller glia	published_fragment_file_unique_RNA_match
6_CGGTTCCGTAGTTACG-1	CGGTTCCGTAGTTACG-1	6	LGS2	OS	Muller glia	published_fragment_file_unique_RNA_match
6_TACCGAAGTCAATGTG-1	TACCGAAGTCAATGTG-1	6	LGS2	OS	Muller glia	published_fragment_file_unique_RNA_match
6_ACAAAGGTCCTTAATC-1	ACAAAGGTCCTTAATC-1	6	LGS2	OS	Muller glia	published_fragment_file_unique_RNA_match
6_AGAAACTAGGACCAGG-1	AGAAACTAGGACCAGG-1	6	LGS2	OS	Muller glia	published_fragment_file_unique_RNA_match
6_TCAAGGAAGTATTGTG-1	TCAAGGAAGTATTGTG-1	6	LGS2	OS	Muller glia	published_fragment_file_unique_RNA_match
6_CACAGGCTCAGGCTAT-1	CACAGGCTCAGGCTAT-1	6	LGS2	OS	Muller glia	published_fragment_file_unique_RNA_match
6_TCCTTTACACAGACTC-1	TCCTTTACACAGACTC-1	6	LGS2	OS	Muller glia	published_fragment_file_unique_RNA_match
6_GAGCTAGCAATATACC-1	GAGCTAGCAATATACC-1	6	LGS2	OS	Muller glia	published_fragment_file_unique_RNA_match
6_CTCATTAGTCGTAATG-1	CTCATTAGTCGTAATG-1	6	LGS2	OS	Muller glia	published_fragment_file_unique_RNA_match
6_TTTGAGTCAGGTTACC-1	TTTGAGTCAGGTTACC-1	6	LGS2	OS	Muller glia	published_fragment_file_unique_RNA_match
6_GTTAAGTGTTTCCACG-1	GTTAAGTGTTTCCACG-1	6	LGS2	OS	Muller glia	published_fragment_file_unique_RNA_match
6_CCGACAGGTCCTAATC-1	CCGACAGGTCCTAATC-1	6	LGS2	OS	Muller glia	published_fragment_file_unique_RNA_match
6_GAGCGAAGTCGCATAA-1	GAGCGAAGTCGCATAA-1	6	LGS2	OS	Muller glia	published_fragment_file_unique_RNA_match
6_AACTAGCTCCATTACT-1	AACTAGCTCCATTACT-1	6	LGS2	OS	Muller glia	published_fragment_file_unique_RNA_match
6_TACCGAAGTTCACCAT-1	TACCGAAGTTCACCAT-1	6	LGS2	OS	Muller glia	published_fragment_file_unique_RNA_match
6_TCCCTGGTCGGTTCCT-1	TCCCTGGTCGGTTCCT-1	6	LGS2	OS	Muller glia	published_fragment_file_unique_RNA_match
6_GATTACGGTAATCCCT-1	GATTACGGTAATCCCT-1	6	LGS2	OS	Muller glia	published_fragment_file_unique_RNA_match
6_GGAGGTTAGGAGTAAT-1	GGAGGTTAGGAGTAAT-1	6	LGS2	OS	Muller glia	published_fragment_file_unique_RNA_match
6_AGCGGATAGTCATTGA-1	AGCGGATAGTCATTGA-1	6	LGS2	OS	Muller glia	published_fragment_file_unique_RNA_match
6_TTAAGTGTCCAATAGC-1	TTAAGTGTCCAATAGC-1	6	LGS2	OS	Muller glia	published_fragment_file_unique_RNA_match
6_CCATATTTCACTCGCT-1	CCATATTTCACTCGCT-1	6	LGS2	OS	Muller glia	published_fragment_file_unique_RNA_match
6_CGTCATTGTTGAATCG-1	CGTCATTGTTGAATCG-1	6	LGS2	OS	Muller glia	published_fragment_file_unique_RNA_match
6_CGTAGTTAGGCTTAGT-1	CGTAGTTAGGCTTAGT-1	6	LGS2	OS	Muller glia	published_fragment_file_unique_RNA_match
7_GCTGATCCATAAACCT-1	GCTGATCCATAAACCT-1	7	LGS3	OD	Muller glia	published_fragment_file_unique_RNA_match
7_TAAAGCCTCCCTGATC-1	TAAAGCCTCCCTGATC-1	7	LGS3	OD	Muller glia	published_fragment_file_unique_RNA_match
7_GGCATTAGTAAGCACC-1	GGCATTAGTAAGCACC-1	7	LGS3	OD	Muller glia	published_fragment_file_unique_RNA_match
7_AATGCGCGTGCTCACC-1	AATGCGCGTGCTCACC-1	7	LGS3	OD	Muller glia	published_fragment_file_unique_RNA_match
7_CGCTTAACAAGGTACG-1	CGCTTAACAAGGTACG-1	7	LGS3	OD	Muller glia	published_fragment_file_unique_RNA_match
7_ATTCAACCATTAAACC-1	ATTCAACCATTAAACC-1	7	LGS3	OD	Muller glia	published_fragment_file_unique_RNA_match
7_GGACCTCAGGCGAATA-1	GGACCTCAGGCGAATA-1	7	LGS3	OD	Muller glia	published_fragment_file_unique_RNA_match
7_GGGAATATCGCTATAA-1	GGGAATATCGCTATAA-1	7	LGS3	OD	Muller glia	published_fragment_file_unique_RNA_match
7_GTTTGTAAGCTCAAAC-1	GTTTGTAAGCTCAAAC-1	7	LGS3	OD	Muller glia	published_fragment_file_unique_RNA_match
7_AGTTACTCAAGCCACT-1	AGTTACTCAAGCCACT-1	7	LGS3	OD	Muller glia	published_fragment_file_unique_RNA_match
7_ATGCATTCACAAGCCT-1	ATGCATTCACAAGCCT-1	7	LGS3	OD	Muller glia	published_fragment_file_unique_RNA_match
7_GGGTCAACATTGACAT-1	GGGTCAACATTGACAT-1	7	LGS3	OD	Muller glia	published_fragment_file_unique_RNA_match
7_TTGCTCTCATGAATCT-1	TTGCTCTCATGAATCT-1	7	LGS3	OD	Muller glia	published_fragment_file_unique_RNA_match
7_ACATTGCAGCGCATTG-1	ACATTGCAGCGCATTG-1	7	LGS3	OD	Muller glia	published_fragment_file_unique_RNA_match
7_TCAGTAATCTGTTGCC-1	TCAGTAATCTGTTGCC-1	7	LGS3	OD	Muller glia	published_fragment_file_unique_RNA_match
7_CTGTTTAGTAGCTGCG-1	CTGTTTAGTAGCTGCG-1	7	LGS3	OD	Muller glia	published_fragment_file_unique_RNA_match
7_ACCGAAGCAAACGCGA-1	ACCGAAGCAAACGCGA-1	7	LGS3	OD	Muller glia	published_fragment_file_unique_RNA_match
7_CAATGCCCAATGAATG-1	CAATGCCCAATGAATG-1	7	LGS3	OD	Muller glia	published_fragment_file_unique_RNA_match
7_GACCTGATCCACCTGT-1	GACCTGATCCACCTGT-1	7	LGS3	OD	Muller glia	published_fragment_file_unique_RNA_match
7_GTGAATCTCGATCAGT-1	GTGAATCTCGATCAGT-1	7	LGS3	OD	Muller glia	published_fragment_file_unique_RNA_match
7_GGCTCAATCCTAAATG-1	GGCTCAATCCTAAATG-1	7	LGS3	OD	Muller glia	published_fragment_file_unique_RNA_match
7_TAGTAAGCATAGGCGA-1	TAGTAAGCATAGGCGA-1	7	LGS3	OD	Muller glia	published_fragment_file_unique_RNA_match
7_GGTAGGAGTTCGCTTG-1	GGTAGGAGTTCGCTTG-1	7	LGS3	OD	Muller glia	published_fragment_file_unique_RNA_match
7_GTCGAAGCAGGCATCT-1	GTCGAAGCAGGCATCT-1	7	LGS3	OD	Muller glia	published_fragment_file_unique_RNA_match
7_CGGGTATGTTGGCGTG-1	CGGGTATGTTGGCGTG-1	7	LGS3	OD	Muller glia	published_fragment_file_unique_RNA_match
7_ACGAACAAGGGACTAA-1	ACGAACAAGGGACTAA-1	7	LGS3	OD	Muller glia	published_fragment_file_unique_RNA_match
7_TCGTAATCATAATCCG-1	TCGTAATCATAATCCG-1	7	LGS3	OD	Muller glia	published_fragment_file_unique_RNA_match
7_AGCCTGGGTACTGAAT-1	AGCCTGGGTACTGAAT-1	7	LGS3	OD	Muller glia	published_fragment_file_unique_RNA_match
7_GTGTGAGCAGGTATTT-1	GTGTGAGCAGGTATTT-1	7	LGS3	OD	Muller glia	published_fragment_file_unique_RNA_match
7_CCATCATGTTTGAGCA-1	CCATCATGTTTGAGCA-1	7	LGS3	OD	Muller glia	published_fragment_file_unique_RNA_match
7_TGGTCAAGTGTTGTAG-1	TGGTCAAGTGTTGTAG-1	7	LGS3	OD	Muller glia	published_fragment_file_unique_RNA_match
7_CCTAATAAGTAACCAC-1	CCTAATAAGTAACCAC-1	7	LGS3	OD	Muller glia	published_fragment_file_unique_RNA_match
7_GTCTAATCAGGCGATA-1	GTCTAATCAGGCGATA-1	7	LGS3	OD	Muller glia	published_fragment_file_unique_RNA_match
7_CGCTTACTCCTGAGTG-1	CGCTTACTCCTGAGTG-1	7	LGS3	OD	Muller glia	published_fragment_file_unique_RNA_match
7_TAAAGCCTCCTCAGCT-1	TAAAGCCTCCTCAGCT-1	7	LGS3	OD	Muller glia	published_fragment_file_unique_RNA_match
7_TGATGATGTAAGCTTG-1	TGATGATGTAAGCTTG-1	7	LGS3	OD	Muller glia	published_fragment_file_unique_RNA_match
7_CCTGAATAGGTGAAAT-1	CCTGAATAGGTGAAAT-1	7	LGS3	OD	Muller glia	published_fragment_file_unique_RNA_match
7_GTAATAGCAGCAACAG-1	GTAATAGCAGCAACAG-1	7	LGS3	OD	Muller glia	published_fragment_file_unique_RNA_match
7_CATCACACAGCTTAAT-1	CATCACACAGCTTAAT-1	7	LGS3	OD	Muller glia	published_fragment_file_unique_RNA_match
7_ACCTAAGGTCCTCCAA-1	ACCTAAGGTCCTCCAA-1	7	LGS3	OD	Muller glia	published_fragment_file_unique_RNA_match
7_ATGGTTATCGCCTAAG-1	ATGGTTATCGCCTAAG-1	7	LGS3	OD	Muller glia	published_fragment_file_unique_RNA_match
7_TACCGTTGTGATTTGG-1	TACCGTTGTGATTTGG-1	7	LGS3	OD	Muller glia	published_fragment_file_unique_RNA_match
7_TTAATCGAGTGAGCGG-1	TTAATCGAGTGAGCGG-1	7	LGS3	OD	Muller glia	published_fragment_file_unique_RNA_match
7_TACTCGCTCCCTGGTT-1	TACTCGCTCCCTGGTT-1	7	LGS3	OD	Muller glia	published_fragment_file_unique_RNA_match
7_AACCTAATCCGGCTAA-1	AACCTAATCCGGCTAA-1	7	LGS3	OD	Muller glia	published_fragment_file_unique_RNA_match
7_ACTAATCCAAGTAAGC-1	ACTAATCCAAGTAAGC-1	7	LGS3	OD	Muller glia	published_fragment_file_unique_RNA_match
7_GGACGAAGTTGCTGGG-1	GGACGAAGTTGCTGGG-1	7	LGS3	OD	Muller glia	published_fragment_file_unique_RNA_match
7_CCGTGCTGTAGGTTTG-1	CCGTGCTGTAGGTTTG-1	7	LGS3	OD	Muller glia	published_fragment_file_unique_RNA_match
7_ACTTGTCGTTTAGCGA-1	ACTTGTCGTTTAGCGA-1	7	LGS3	OD	Muller glia	published_fragment_file_unique_RNA_match
7_GCCCGTTGTCCTTTAA-1	GCCCGTTGTCCTTTAA-1	7	LGS3	OD	Muller glia	published_fragment_file_unique_RNA_match
7_GTGATGAAGCATGTTA-1	GTGATGAAGCATGTTA-1	7	LGS3	OD	Muller glia	published_fragment_file_unique_RNA_match
7_AGTCCTTGTTGGTGAC-1	AGTCCTTGTTGGTGAC-1	7	LGS3	OD	Muller glia	published_fragment_file_unique_RNA_match
7_CACCTGTTCATAACCA-1	CACCTGTTCATAACCA-1	7	LGS3	OD	Muller glia	published_fragment_file_unique_RNA_match
7_GGAGGTTAGCTCCTAC-1	GGAGGTTAGCTCCTAC-1	7	LGS3	OD	Muller glia	published_fragment_file_unique_RNA_match
7_TCTGTGACAGCATGGA-1	TCTGTGACAGCATGGA-1	7	LGS3	OD	Muller glia	published_fragment_file_unique_RNA_match
7_CGCGGATTCTCCATAT-1	CGCGGATTCTCCATAT-1	7	LGS3	OD	Muller glia	published_fragment_file_unique_RNA_match
7_TGACTCCTCTAATCCT-1	TGACTCCTCTAATCCT-1	7	LGS3	OD	Muller glia	published_fragment_file_unique_RNA_match
7_TCTACTAGTGGTTAGC-1	TCTACTAGTGGTTAGC-1	7	LGS3	OD	Muller glia	published_fragment_file_unique_RNA_match
7_ACGTCCTTCATCACTT-1	ACGTCCTTCATCACTT-1	7	LGS3	OD	Muller glia	published_fragment_file_unique_RNA_match
7_GTGCATTAGAAGCTAG-1	GTGCATTAGAAGCTAG-1	7	LGS3	OD	Muller glia	published_fragment_file_unique_RNA_match
7_ATGTTTGAGGCATTAC-1	ATGTTTGAGGCATTAC-1	7	LGS3	OD	Muller glia	published_fragment_file_unique_RNA_match
7_TTGCTCTCACCCTCAC-1	TTGCTCTCACCCTCAC-1	7	LGS3	OD	Muller glia	published_fragment_file_unique_RNA_match
7_TAGTAGGAGGACCTCA-1	TAGTAGGAGGACCTCA-1	7	LGS3	OD	Muller glia	published_fragment_file_unique_RNA_match
7_AACCTAATCAGCTAAC-1	AACCTAATCAGCTAAC-1	7	LGS3	OD	Muller glia	published_fragment_file_unique_RNA_match
7_CTGTTGGAGCACAGCC-1	CTGTTGGAGCACAGCC-1	7	LGS3	OD	Muller glia	published_fragment_file_unique_RNA_match
7_ACAGCCGGTGCTCACC-1	ACAGCCGGTGCTCACC-1	7	LGS3	OD	Muller glia	published_fragment_file_unique_RNA_match
7_TGGAACAAGTTAGTGC-1	TGGAACAAGTTAGTGC-1	7	LGS3	OD	Muller glia	published_fragment_file_unique_RNA_match
7_ATCGCCCGTGCCGCAA-1	ATCGCCCGTGCCGCAA-1	7	LGS3	OD	Muller glia	published_fragment_file_unique_RNA_match
7_TTTCCGGGTATTGTCC-1	TTTCCGGGTATTGTCC-1	7	LGS3	OD	Muller glia	published_fragment_file_unique_RNA_match
7_CCTCAATGTTTGGGTA-1	CCTCAATGTTTGGGTA-1	7	LGS3	OD	Muller glia	published_fragment_file_unique_RNA_match
7_AGGATGTCAACCTAAT-1	AGGATGTCAACCTAAT-1	7	LGS3	OD	Muller glia	published_fragment_file_unique_RNA_match
7_ATCAAGACAAAGCTAA-1	ATCAAGACAAAGCTAA-1	7	LGS3	OD	Muller glia	published_fragment_file_unique_RNA_match
7_CCCGCAACAGGAACCA-1	CCCGCAACAGGAACCA-1	7	LGS3	OD	Muller glia	published_fragment_file_unique_RNA_match
7_GTCCAGGGTATACTGG-1	GTCCAGGGTATACTGG-1	7	LGS3	OD	Muller glia	published_fragment_file_unique_RNA_match
7_TTAACCAAGAGAAGGG-1	TTAACCAAGAGAAGGG-1	7	LGS3	OD	Muller glia	published_fragment_file_unique_RNA_match
7_GTTTGTAAGTGATTCA-1	GTTTGTAAGTGATTCA-1	7	LGS3	OD	Muller glia	published_fragment_file_unique_RNA_match
7_TAGGTTATCATAACCA-1	TAGGTTATCATAACCA-1	7	LGS3	OD	Muller glia	published_fragment_file_unique_RNA_match
7_TGCAGGCTCCCTCAGT-1	TGCAGGCTCCCTCAGT-1	7	LGS3	OD	Muller glia	published_fragment_file_unique_RNA_match
7_ATGGCCGGTCTTACTA-1	ATGGCCGGTCTTACTA-1	7	LGS3	OD	Muller glia	published_fragment_file_unique_RNA_match
7_TAACCAGGTCCGGTTC-1	TAACCAGGTCCGGTTC-1	7	LGS3	OD	Muller glia	published_fragment_file_unique_RNA_match
7_CGCGGATTCAAGCTAC-1	CGCGGATTCAAGCTAC-1	7	LGS3	OD	Muller glia	published_fragment_file_unique_RNA_match
7_CGCACAATCATTTGTC-1	CGCACAATCATTTGTC-1	7	LGS3	OD	Muller glia	published_fragment_file_unique_RNA_match
7_ATTTGTGAGTAAGAAC-1	ATTTGTGAGTAAGAAC-1	7	LGS3	OD	Muller glia	published_fragment_file_unique_RNA_match
7_AGCCTAGTCCCTGGAA-1	AGCCTAGTCCCTGGAA-1	7	LGS3	OD	Muller glia	published_fragment_file_unique_RNA_match
7_GGACCTCAGAAGGTGC-1	GGACCTCAGAAGGTGC-1	7	LGS3	OD	Muller glia	published_fragment_file_unique_RNA_match
7_GCCTACTTCATAGACC-1	GCCTACTTCATAGACC-1	7	LGS3	OD	Muller glia	published_fragment_file_unique_RNA_match
7_GGACTAAAGTCATGCG-1	GGACTAAAGTCATGCG-1	7	LGS3	OD	Muller glia	published_fragment_file_unique_RNA_match
7_CGGTTTCTCGTTATAG-1	CGGTTTCTCGTTATAG-1	7	LGS3	OD	Muller glia	published_fragment_file_unique_RNA_match
7_TTAGACTCAATAACGA-1	TTAGACTCAATAACGA-1	7	LGS3	OD	Muller glia	published_fragment_file_unique_RNA_match
7_ATCCACCTCTGTTCAT-1	ATCCACCTCTGTTCAT-1	7	LGS3	OD	Muller glia	published_fragment_file_unique_RNA_match
7_CGGCTCACAGGCGATA-1	CGGCTCACAGGCGATA-1	7	LGS3	OD	Muller glia	published_fragment_file_unique_RNA_match
7_TAGGAACCAGCATGTC-1	TAGGAACCAGCATGTC-1	7	LGS3	OD	Muller glia	published_fragment_file_unique_RNA_match
7_TACTGGCCATAAGCAA-1	TACTGGCCATAAGCAA-1	7	LGS3	OD	Muller glia	published_fragment_file_unique_RNA_match
7_ACATTGCAGCTTCCCG-1	ACATTGCAGCTTCCCG-1	7	LGS3	OD	Muller glia	published_fragment_file_unique_RNA_match
7_TTGCGTCTCGTTCACC-1	TTGCGTCTCGTTCACC-1	7	LGS3	OD	Muller glia	published_fragment_file_unique_RNA_match
7_ACACTAGGTTGCGCGA-1	ACACTAGGTTGCGCGA-1	7	LGS3	OD	Muller glia	published_fragment_file_unique_RNA_match
7_ACAGGATCAGATAGAC-1	ACAGGATCAGATAGAC-1	7	LGS3	OD	Muller glia	published_fragment_file_unique_RNA_match
7_TCGTTAAAGCTATGAC-1	TCGTTAAAGCTATGAC-1	7	LGS3	OD	Muller glia	published_fragment_file_unique_RNA_match
7_TGGCGGTTCACGCATG-1	TGGCGGTTCACGCATG-1	7	LGS3	OD	Muller glia	published_fragment_file_unique_RNA_match
7_AGGTATTGTGCGCAAT-1	AGGTATTGTGCGCAAT-1	7	LGS3	OD	Muller glia	published_fragment_file_unique_RNA_match
7_TAGGCTGTCTGCAAGT-1	TAGGCTGTCTGCAAGT-1	7	LGS3	OD	Muller glia	published_fragment_file_unique_RNA_match
7_GTTCCTTCATTGCAGC-1	GTTCCTTCATTGCAGC-1	7	LGS3	OD	Muller glia	published_fragment_file_unique_RNA_match
7_TCAGCCTTCTAACCAA-1	TCAGCCTTCTAACCAA-1	7	LGS3	OD	Muller glia	published_fragment_file_unique_RNA_match
7_CTATGACAGGATTTGC-1	CTATGACAGGATTTGC-1	7	LGS3	OD	Muller glia	published_fragment_file_unique_RNA_match
7_CCAGGAACATGTTGGC-1	CCAGGAACATGTTGGC-1	7	LGS3	OD	Muller glia	published_fragment_file_unique_RNA_match
7_GGTGATTTCCTTAGGG-1	GGTGATTTCCTTAGGG-1	7	LGS3	OD	Muller glia	published_fragment_file_unique_RNA_match
7_AGGTTTGGTCCTAAGA-1	AGGTTTGGTCCTAAGA-1	7	LGS3	OD	Muller glia	published_fragment_file_unique_RNA_match
7_TGAGGGAGTCTCACTG-1	TGAGGGAGTCTCACTG-1	7	LGS3	OD	Muller glia	published_fragment_file_unique_RNA_match
7_CTGAAACTCAAGTGTC-1	CTGAAACTCAAGTGTC-1	7	LGS3	OD	Muller glia	published_fragment_file_unique_RNA_match
7_CGGTAACGTGCTAGAC-1	CGGTAACGTGCTAGAC-1	7	LGS3	OD	Muller glia	published_fragment_file_unique_RNA_match
7_TGGTCAGTCGCACACA-1	TGGTCAGTCGCACACA-1	7	LGS3	OD	Muller glia	published_fragment_file_unique_RNA_match
7_AACGCCCAGTTAGGCT-1	AACGCCCAGTTAGGCT-1	7	LGS3	OD	Muller glia	published_fragment_file_unique_RNA_match
7_GACCGAACACTGACCG-1	GACCGAACACTGACCG-1	7	LGS3	OD	Muller glia	published_fragment_file_unique_RNA_match
7_TGTGTGAGTGTTTGCT-1	TGTGTGAGTGTTTGCT-1	7	LGS3	OD	Muller glia	published_fragment_file_unique_RNA_match
7_TTTGTTGGTTACTAGG-1	TTTGTTGGTTACTAGG-1	7	LGS3	OD	Muller glia	published_fragment_file_unique_RNA_match
7_CCTTCAATCTGTGAGT-1	CCTTCAATCTGTGAGT-1	7	LGS3	OD	Muller glia	published_fragment_file_unique_RNA_match
7_TTTAACCTCATGGCTG-1	TTTAACCTCATGGCTG-1	7	LGS3	OD	Muller glia	published_fragment_file_unique_RNA_match
7_TCAAGGAAGGAGGTTA-1	TCAAGGAAGGAGGTTA-1	7	LGS3	OD	Muller glia	published_fragment_file_unique_RNA_match
7_GTATTGCAGATGGAGC-1	GTATTGCAGATGGAGC-1	7	LGS3	OD	Muller glia	published_fragment_file_unique_RNA_match
7_CTATGATCACCCACCT-1	CTATGATCACCCACCT-1	7	LGS3	OD	Muller glia	published_fragment_file_unique_RNA_match
7_ATGTTCAAGACAGGCG-1	ATGTTCAAGACAGGCG-1	7	LGS3	OD	Muller glia	published_fragment_file_unique_RNA_match
7_CATCCCAGTCATCCTG-1	CATCCCAGTCATCCTG-1	7	LGS3	OD	Muller glia	published_fragment_file_unique_RNA_match
7_ACCTACCTCTCGACCT-1	ACCTACCTCTCGACCT-1	7	LGS3	OD	Muller glia	published_fragment_file_unique_RNA_match
7_ATCCGTGAGTCACTAA-1	ATCCGTGAGTCACTAA-1	7	LGS3	OD	Muller glia	published_fragment_file_unique_RNA_match
7_CCTTGTTCACTTCACT-1	CCTTGTTCACTTCACT-1	7	LGS3	OD	Muller glia	published_fragment_file_unique_RNA_match
7_GGTTTAATCTATCGCC-1	GGTTTAATCTATCGCC-1	7	LGS3	OD	Muller glia	published_fragment_file_unique_RNA_match
7_TAATCCGCAACACCTA-1	TAATCCGCAACACCTA-1	7	LGS3	OD	Muller glia	published_fragment_file_unique_RNA_match
7_ATGCCTGAGTCAGGCC-1	ATGCCTGAGTCAGGCC-1	7	LGS3	OD	Muller glia	published_fragment_file_unique_RNA_match
7_GGATTCAGTAACTACG-1	GGATTCAGTAACTACG-1	7	LGS3	OD	Muller glia	published_fragment_file_unique_RNA_match
7_CATTCCTCAACAACAA-1	CATTCCTCAACAACAA-1	7	LGS3	OD	Muller glia	published_fragment_file_unique_RNA_match
7_CTCAATAAGATGGACA-1	CTCAATAAGATGGACA-1	7	LGS3	OD	Muller glia	published_fragment_file_unique_RNA_match
7_GGCTGGTTCAAGCTAC-1	GGCTGGTTCAAGCTAC-1	7	LGS3	OD	Muller glia	published_fragment_file_unique_RNA_match
7_TAGTGGCGTTTACGTC-1	TAGTGGCGTTTACGTC-1	7	LGS3	OD	Muller glia	published_fragment_file_unique_RNA_match
7_TGCTTCCAGGATTGCT-1	TGCTTCCAGGATTGCT-1	7	LGS3	OD	Muller glia	published_fragment_file_unique_RNA_match
7_GCAGGATAGATTGAGG-1	GCAGGATAGATTGAGG-1	7	LGS3	OD	Muller glia	published_fragment_file_unique_RNA_match
7_GCCTTTGGTTAGAGCC-1	GCCTTTGGTTAGAGCC-1	7	LGS3	OD	Muller glia	published_fragment_file_unique_RNA_match
7_GTAAGGTCAAGGAATC-1	GTAAGGTCAAGGAATC-1	7	LGS3	OD	Muller glia	published_fragment_file_unique_RNA_match
7_TGCGCAGGTTCAAGCA-1	TGCGCAGGTTCAAGCA-1	7	LGS3	OD	Muller glia	published_fragment_file_unique_RNA_match
7_GGCTAGTGTTACTTCA-1	GGCTAGTGTTACTTCA-1	7	LGS3	OD	Muller glia	published_fragment_file_unique_RNA_match
7_CTGGTTACATTAGGTT-1	CTGGTTACATTAGGTT-1	7	LGS3	OD	Muller glia	published_fragment_file_unique_RNA_match
7_ACCAGGGAGTCACCAG-1	ACCAGGGAGTCACCAG-1	7	LGS3	OD	Muller glia	published_fragment_file_unique_RNA_match
7_ACAGGCTGTACCGTTT-1	ACAGGCTGTACCGTTT-1	7	LGS3	OD	Muller glia	published_fragment_file_unique_RNA_match
7_AGTTGGCGTCGAAGTC-1	AGTTGGCGTCGAAGTC-1	7	LGS3	OD	Muller glia	published_fragment_file_unique_RNA_match
7_CTAGTGAGTGCTAGAC-1	CTAGTGAGTGCTAGAC-1	7	LGS3	OD	Muller glia	published_fragment_file_unique_RNA_match
7_CCAAATCAGCCTGATG-1	CCAAATCAGCCTGATG-1	7	LGS3	OD	Muller glia	published_fragment_file_unique_RNA_match
7_AGCCGGTTCGAGCTAT-1	AGCCGGTTCGAGCTAT-1	7	LGS3	OD	Muller glia	published_fragment_file_unique_RNA_match
7_GGATATTGTGTCCAAA-1	GGATATTGTGTCCAAA-1	7	LGS3	OD	Muller glia	published_fragment_file_unique_RNA_match
7_TAACAAGCACTCAACA-1	TAACAAGCACTCAACA-1	7	LGS3	OD	Muller glia	published_fragment_file_unique_RNA_match
7_AAGCGGGTCCGTGACA-1	AAGCGGGTCCGTGACA-1	7	LGS3	OD	Muller glia	published_fragment_file_unique_RNA_match
7_ATAGATGCAGTTAGCC-1	ATAGATGCAGTTAGCC-1	7	LGS3	OD	Muller glia	published_fragment_file_unique_RNA_match
7_TGGCTATAGGAGGCAT-1	TGGCTATAGGAGGCAT-1	7	LGS3	OD	Muller glia	published_fragment_file_unique_RNA_match
7_CGCTAACCAGGCCAAA-1	CGCTAACCAGGCCAAA-1	7	LGS3	OD	Muller glia	published_fragment_file_unique_RNA_match
7_ATCACTAAGGCGGATG-1	ATCACTAAGGCGGATG-1	7	LGS3	OD	Muller glia	published_fragment_file_unique_RNA_match
7_TCTAACCGTAAGCACC-1	TCTAACCGTAAGCACC-1	7	LGS3	OD	Muller glia	published_fragment_file_unique_RNA_match
7_TAGTTGTCATCCATCT-1	TAGTTGTCATCCATCT-1	7	LGS3	OD	Muller glia	published_fragment_file_unique_RNA_match
7_TTGTTCCCACTGACCG-1	TTGTTCCCACTGACCG-1	7	LGS3	OD	Muller glia	published_fragment_file_unique_RNA_match
7_CCTTACTCACCTGTAA-1	CCTTACTCACCTGTAA-1	7	LGS3	OD	Muller glia	published_fragment_file_unique_RNA_match
7_GACGTAAAGGCAACAA-1	GACGTAAAGGCAACAA-1	7	LGS3	OD	Muller glia	published_fragment_file_unique_RNA_match
7_AGAACCAAGAGGAGTC-1	AGAACCAAGAGGAGTC-1	7	LGS3	OD	Muller glia	published_fragment_file_unique_RNA_match
7_ACATTGCAGCGATACT-1	ACATTGCAGCGATACT-1	7	LGS3	OD	Muller glia	published_fragment_file_unique_RNA_match
7_ATTACCGCACAATACT-1	ATTACCGCACAATACT-1	7	LGS3	OD	Muller glia	published_fragment_file_unique_RNA_match
7_TCTTAGTTCATGGTGT-1	TCTTAGTTCATGGTGT-1	7	LGS3	OD	Muller glia	published_fragment_file_unique_RNA_match
7_ATTCCTCCACCAGCAT-1	ATTCCTCCACCAGCAT-1	7	LGS3	OD	Muller glia	published_fragment_file_unique_RNA_match
7_GGTTGCTCAGTTTACG-1	GGTTGCTCAGTTTACG-1	7	LGS3	OD	Muller glia	published_fragment_file_unique_RNA_match
7_ACTTAGGGTTTAGTCC-1	ACTTAGGGTTTAGTCC-1	7	LGS3	OD	Muller glia	published_fragment_file_unique_RNA_match
7_GCTGGATGTATGGTGC-1	GCTGGATGTATGGTGC-1	7	LGS3	OD	Muller glia	published_fragment_file_unique_RNA_match
7_CCTAAGGTCAAGCTTA-1	CCTAAGGTCAAGCTTA-1	7	LGS3	OD	Muller glia	published_fragment_file_unique_RNA_match
7_AGCGATTTCGCTCCAT-1	AGCGATTTCGCTCCAT-1	7	LGS3	OD	Muller glia	published_fragment_file_unique_RNA_match
7_CTTGCATGTGAAGCCT-1	CTTGCATGTGAAGCCT-1	7	LGS3	OD	Muller glia	published_fragment_file_unique_RNA_match
7_GTGATGAAGTACTGGT-1	GTGATGAAGTACTGGT-1	7	LGS3	OD	Muller glia	published_fragment_file_unique_RNA_match
7_GTTTAACCATTCCTCG-1	GTTTAACCATTCCTCG-1	7	LGS3	OD	Muller glia	published_fragment_file_unique_RNA_match
7_CCATATTTCTGTTCAT-1	CCATATTTCTGTTCAT-1	7	LGS3	OD	Muller glia	published_fragment_file_unique_RNA_match
7_TAAGCTGGTTTGGGCG-1	TAAGCTGGTTTGGGCG-1	7	LGS3	OD	Muller glia	published_fragment_file_unique_RNA_match
7_TCTCAAGCAGCTTACA-1	TCTCAAGCAGCTTACA-1	7	LGS3	OD	Muller glia	published_fragment_file_unique_RNA_match
7_CCAATATCATCACAGC-1	CCAATATCATCACAGC-1	7	LGS3	OD	Muller glia	published_fragment_file_unique_RNA_match
7_TCCTTGCAGTGAGAGC-1	TCCTTGCAGTGAGAGC-1	7	LGS3	OD	Muller glia	published_fragment_file_unique_RNA_match
7_CTTAGTTTCTTGTTCG-1	CTTAGTTTCTTGTTCG-1	7	LGS3	OD	Muller glia	published_fragment_file_unique_RNA_match
7_GAGGCCTTCATGACCG-1	GAGGCCTTCATGACCG-1	7	LGS3	OD	Muller glia	published_fragment_file_unique_RNA_match
7_CCTCAGTTCAACAAGG-1	CCTCAGTTCAACAAGG-1	7	LGS3	OD	Muller glia	published_fragment_file_unique_RNA_match
7_TGGCCATCAATAGCAA-1	TGGCCATCAATAGCAA-1	7	LGS3	OD	Muller glia	published_fragment_file_unique_RNA_match
7_GGAAACTCAATATAGG-1	GGAAACTCAATATAGG-1	7	LGS3	OD	Muller glia	published_fragment_file_unique_RNA_match
7_TGTGAAACAGCTAACC-1	TGTGAAACAGCTAACC-1	7	LGS3	OD	Muller glia	published_fragment_file_unique_RNA_match
7_AGGTTAACAGCAAGTG-1	AGGTTAACAGCAAGTG-1	7	LGS3	OD	Muller glia	published_fragment_file_unique_RNA_match
7_AGACACGCACCTAAGC-1	AGACACGCACCTAAGC-1	7	LGS3	OD	Muller glia	published_fragment_file_unique_RNA_match
7_GTCATGAGTTAACGGC-1	GTCATGAGTTAACGGC-1	7	LGS3	OD	Muller glia	published_fragment_file_unique_RNA_match
7_CTCGTTATCGCAGGCT-1	CTCGTTATCGCAGGCT-1	7	LGS3	OD	Muller glia	published_fragment_file_unique_RNA_match
7_ACTAAAGCAAACCCTA-1	ACTAAAGCAAACCCTA-1	7	LGS3	OD	Muller glia	published_fragment_file_unique_RNA_match
7_TTAGGCGTCCTCAGTC-1	TTAGGCGTCCTCAGTC-1	7	LGS3	OD	Muller glia	published_fragment_file_unique_RNA_match
7_CGACAAGCACAGGGAC-1	CGACAAGCACAGGGAC-1	7	LGS3	OD	Muller glia	published_fragment_file_unique_RNA_match
7_TAGTCAATCCTTAAGA-1	TAGTCAATCCTTAAGA-1	7	LGS3	OD	Muller glia	published_fragment_file_unique_RNA_match
7_CCTAATAAGAACCTGT-1	CCTAATAAGAACCTGT-1	7	LGS3	OD	Muller glia	published_fragment_file_unique_RNA_match
7_GCCTCCATCCGCACAA-1	GCCTCCATCCGCACAA-1	7	LGS3	OD	Muller glia	published_fragment_file_unique_RNA_match
7_AGCGGATAGCTAATCA-1	AGCGGATAGCTAATCA-1	7	LGS3	OD	Muller glia	published_fragment_file_unique_RNA_match
7_TTGGCTACAACTAACT-1	TTGGCTACAACTAACT-1	7	LGS3	OD	Muller glia	published_fragment_file_unique_RNA_match
7_GTTTGCTGTCAAGTGC-1	GTTTGCTGTCAAGTGC-1	7	LGS3	OD	Muller glia	published_fragment_file_unique_RNA_match
7_CCACAATAGAACCTGT-1	CCACAATAGAACCTGT-1	7	LGS3	OD	Muller glia	published_fragment_file_unique_RNA_match
7_TTAGCAGGTTTGAGCA-1	TTAGCAGGTTTGAGCA-1	7	LGS3	OD	Muller glia	published_fragment_file_unique_RNA_match
7_GGATTCAGTTACGCAA-1	GGATTCAGTTACGCAA-1	7	LGS3	OD	Muller glia	published_fragment_file_unique_RNA_match
7_CGGCCATAGAACCTGT-1	CGGCCATAGAACCTGT-1	7	LGS3	OD	Muller glia	published_fragment_file_unique_RNA_match
7_GCTAGCCAGGCTATGT-1	GCTAGCCAGGCTATGT-1	7	LGS3	OD	Muller glia	published_fragment_file_unique_RNA_match
7_AGCAATACATTGCAGC-1	AGCAATACATTGCAGC-1	7	LGS3	OD	Muller glia	published_fragment_file_unique_RNA_match
7_AGCACTAGTCTTTATG-1	AGCACTAGTCTTTATG-1	7	LGS3	OD	Muller glia	published_fragment_file_unique_RNA_match
7_CTAAGGTTCCCTGGTT-1	CTAAGGTTCCCTGGTT-1	7	LGS3	OD	Muller glia	published_fragment_file_unique_RNA_match
7_TCGTCAACATCAGCAC-1	TCGTCAACATCAGCAC-1	7	LGS3	OD	Muller glia	published_fragment_file_unique_RNA_match
7_ATCTATGAGTCAGGCC-1	ATCTATGAGTCAGGCC-1	7	LGS3	OD	Muller glia	published_fragment_file_unique_RNA_match
7_CGAGCTGGTTCTTTAG-1	CGAGCTGGTTCTTTAG-1	7	LGS3	OD	Muller glia	published_fragment_file_unique_RNA_match
7_TATAGCCAGCTTTGGG-1	TATAGCCAGCTTTGGG-1	7	LGS3	OD	Muller glia	published_fragment_file_unique_RNA_match
7_TGATGACTCGAGCTAT-1	TGATGACTCGAGCTAT-1	7	LGS3	OD	Muller glia	published_fragment_file_unique_RNA_match
7_CAAACTGGTTGTAAAC-1	CAAACTGGTTGTAAAC-1	7	LGS3	OD	Muller glia	published_fragment_file_unique_RNA_match
7_CCAAATCAGTAGCGGG-1	CCAAATCAGTAGCGGG-1	7	LGS3	OD	Muller glia	published_fragment_file_unique_RNA_match
7_CACCGGTAGTAACCAC-1	CACCGGTAGTAACCAC-1	7	LGS3	OD	Muller glia	published_fragment_file_unique_RNA_match
7_TCATTGCGTGAAGCCT-1	TCATTGCGTGAAGCCT-1	7	LGS3	OD	Muller glia	published_fragment_file_unique_RNA_match
7_ATGGCCGGTTACTTCA-1	ATGGCCGGTTACTTCA-1	7	LGS3	OD	Muller glia	published_fragment_file_unique_RNA_match
7_GGATATTGTAATGGAA-1	GGATATTGTAATGGAA-1	7	LGS3	OD	Muller glia	published_fragment_file_unique_RNA_match
7_AGGACTAAGGAGCATA-1	AGGACTAAGGAGCATA-1	7	LGS3	OD	Muller glia	published_fragment_file_unique_RNA_match
7_TGGAACAAGATTGAGG-1	TGGAACAAGATTGAGG-1	7	LGS3	OD	Muller glia	published_fragment_file_unique_RNA_match
7_TCTCCTCGTCATAAGT-1	TCTCCTCGTCATAAGT-1	7	LGS3	OD	Muller glia	published_fragment_file_unique_RNA_match
7_CACCTCAGTAAGCTTG-1	CACCTCAGTAAGCTTG-1	7	LGS3	OD	Muller glia	published_fragment_file_unique_RNA_match
7_CAGGTTTAGCACGATT-1	CAGGTTTAGCACGATT-1	7	LGS3	OD	Muller glia	published_fragment_file_unique_RNA_match
7_GGGCAATAGTGAGCAA-1	GGGCAATAGTGAGCAA-1	7	LGS3	OD	Muller glia	published_fragment_file_unique_RNA_match
7_CATTATCTCCGTTAAA-1	CATTATCTCCGTTAAA-1	7	LGS3	OD	Muller glia	published_fragment_file_unique_RNA_match
7_TAGCGGCTCGGGACCT-1	TAGCGGCTCGGGACCT-1	7	LGS3	OD	Muller glia	published_fragment_file_unique_RNA_match
7_GATTAGCTCAGTGAAG-1	GATTAGCTCAGTGAAG-1	7	LGS3	OD	Muller glia	published_fragment_file_unique_RNA_match
7_TGATTCAAGCTATTGA-1	TGATTCAAGCTATTGA-1	7	LGS3	OD	Muller glia	published_fragment_file_unique_RNA_match
7_GAGGTTAAGCGGATTT-1	GAGGTTAAGCGGATTT-1	7	LGS3	OD	Muller glia	published_fragment_file_unique_RNA_match
7_CTTAAGATCCTAAGTA-1	CTTAAGATCCTAAGTA-1	7	LGS3	OD	Muller glia	published_fragment_file_unique_RNA_match
7_AGCATTTCATCCTGAA-1	AGCATTTCATCCTGAA-1	7	LGS3	OD	Muller glia	published_fragment_file_unique_RNA_match
7_AGCACAGCATACCCGG-1	AGCACAGCATACCCGG-1	7	LGS3	OD	Muller glia	published_fragment_file_unique_RNA_match
7_ATCGGCCAGCTTGCTC-1	ATCGGCCAGCTTGCTC-1	7	LGS3	OD	Muller glia	published_fragment_file_unique_RNA_match
7_CCTGTTGGTGAAACAA-1	CCTGTTGGTGAAACAA-1	7	LGS3	OD	Muller glia	published_fragment_file_unique_RNA_match
7_ATCACCCTCAGAAACG-1	ATCACCCTCAGAAACG-1	7	LGS3	OD	Muller glia	published_fragment_file_unique_RNA_match
7_GATTGATGTGCGCATG-1	GATTGATGTGCGCATG-1	7	LGS3	OD	Muller glia	published_fragment_file_unique_RNA_match
7_TCCTCACAGCCGGTAC-1	TCCTCACAGCCGGTAC-1	7	LGS3	OD	Muller glia	published_fragment_file_unique_RNA_match
7_GATTAGCTCCTGGTCT-1	GATTAGCTCCTGGTCT-1	7	LGS3	OD	Muller glia	published_fragment_file_unique_RNA_match
7_CCACAGGGTGCTCCAC-1	CCACAGGGTGCTCCAC-1	7	LGS3	OD	Muller glia	published_fragment_file_unique_RNA_match
7_CGTGAGGAGTTGCCTC-1	CGTGAGGAGTTGCCTC-1	7	LGS3	OD	Muller glia	published_fragment_file_unique_RNA_match
7_CTAATGTCAGGACCTT-1	CTAATGTCAGGACCTT-1	7	LGS3	OD	Muller glia	published_fragment_file_unique_RNA_match
7_ATGTTGTCAATTTGGT-1	ATGTTGTCAATTTGGT-1	7	LGS3	OD	Muller glia	published_fragment_file_unique_RNA_match
7_GGCTAGTGTTGGCGTG-1	GGCTAGTGTTGGCGTG-1	7	LGS3	OD	Muller glia	published_fragment_file_unique_RNA_match
7_ACCTTCCAGGCTAGAA-1	ACCTTCCAGGCTAGAA-1	7	LGS3	OD	Muller glia	published_fragment_file_unique_RNA_match
7_CTGGTTACAAACTAAG-1	CTGGTTACAAACTAAG-1	7	LGS3	OD	Muller glia	published_fragment_file_unique_RNA_match
7_GCCAATAGTAATCCCT-1	GCCAATAGTAATCCCT-1	7	LGS3	OD	Muller glia	published_fragment_file_unique_RNA_match
7_CCTTCAATCCGGTATG-1	CCTTCAATCCGGTATG-1	7	LGS3	OD	Muller glia	published_fragment_file_unique_RNA_match
7_GCTATTGCAGCTCAAC-1	GCTATTGCAGCTCAAC-1	7	LGS3	OD	Muller glia	published_fragment_file_unique_RNA_match
7_TTGCAATCATGCTTAG-1	TTGCAATCATGCTTAG-1	7	LGS3	OD	Muller glia	published_fragment_file_unique_RNA_match
7_CGGTAACGTCCAAATG-1	CGGTAACGTCCAAATG-1	7	LGS3	OD	Muller glia	published_fragment_file_unique_RNA_match
7_CTTATGTTCTAAGGTC-1	CTTATGTTCTAAGGTC-1	7	LGS3	OD	Muller glia	published_fragment_file_unique_RNA_match
7_GCTTAAATCCTACCTA-1	GCTTAAATCCTACCTA-1	7	LGS3	OD	Muller glia	published_fragment_file_unique_RNA_match
7_TCAAGGTTCCTTCTAG-1	TCAAGGTTCCTTCTAG-1	7	LGS3	OD	Muller glia	published_fragment_file_unique_RNA_match
7_TTAGCGGTCGAGGTGG-1	TTAGCGGTCGAGGTGG-1	7	LGS3	OD	Muller glia	published_fragment_file_unique_RNA_match
7_GTGCCTTTCCACCTGT-1	GTGCCTTTCCACCTGT-1	7	LGS3	OD	Muller glia	published_fragment_file_unique_RNA_match
7_CAACTAGGTGTGCACG-1	CAACTAGGTGTGCACG-1	7	LGS3	OD	Muller glia	published_fragment_file_unique_RNA_match
7_TTCAGGTAGCTGGACC-1	TTCAGGTAGCTGGACC-1	7	LGS3	OD	Muller glia	published_fragment_file_unique_RNA_match
7_TTGGCTTGTCACGAAC-1	TTGGCTTGTCACGAAC-1	7	LGS3	OD	Muller glia	published_fragment_file_unique_RNA_match
7_GGCCTTAAGCTGGACC-1	GGCCTTAAGCTGGACC-1	7	LGS3	OD	Muller glia	published_fragment_file_unique_RNA_match
7_CCAGCCTGTCATGCCC-1	CCAGCCTGTCATGCCC-1	7	LGS3	OD	Muller glia	published_fragment_file_unique_RNA_match
7_ATGTCAATCGTAATCA-1	ATGTCAATCGTAATCA-1	7	LGS3	OD	Muller glia	published_fragment_file_unique_RNA_match
7_TTTGACCGTTCATTTG-1	TTTGACCGTTCATTTG-1	7	LGS3	OD	Muller glia	published_fragment_file_unique_RNA_match
7_AATCTTGAGGCGAAAC-1	AATCTTGAGGCGAAAC-1	7	LGS3	OD	Muller glia	published_fragment_file_unique_RNA_match
7_GGACTAAAGAAGGTGC-1	GGACTAAAGAAGGTGC-1	7	LGS3	OD	Muller glia	published_fragment_file_unique_RNA_match
7_CAATAGCTCATTGTTC-1	CAATAGCTCATTGTTC-1	7	LGS3	OD	Muller glia	published_fragment_file_unique_RNA_match
7_AGACACGCATCCTAGA-1	AGACACGCATCCTAGA-1	7	LGS3	OD	Muller glia	published_fragment_file_unique_RNA_match
7_CGTTAACAGGCTGGCT-1	CGTTAACAGGCTGGCT-1	7	LGS3	OD	Muller glia	published_fragment_file_unique_RNA_match
7_GACCGAACATCCCTCA-1	GACCGAACATCCCTCA-1	7	LGS3	OD	Muller glia	published_fragment_file_unique_RNA_match
7_GTCCTAGAGTAACCCG-1	GTCCTAGAGTAACCCG-1	7	LGS3	OD	Muller glia	published_fragment_file_unique_RNA_match
7_CGTTAAATCGAGGTGG-1	CGTTAAATCGAGGTGG-1	7	LGS3	OD	Muller glia	published_fragment_file_unique_RNA_match
7_ACATTGCAGTTGTCCC-1	ACATTGCAGTTGTCCC-1	7	LGS3	OD	Muller glia	published_fragment_file_unique_RNA_match
7_TATCCGGAGTTAGCCG-1	TATCCGGAGTTAGCCG-1	7	LGS3	OD	Muller glia	published_fragment_file_unique_RNA_match
7_TATGGTCAGTTTCCGC-1	TATGGTCAGTTTCCGC-1	7	LGS3	OD	Muller glia	published_fragment_file_unique_RNA_match
7_GGTCCATCATCCCTCA-1	GGTCCATCATCCCTCA-1	7	LGS3	OD	Muller glia	published_fragment_file_unique_RNA_match
7_ATCGGCCAGACAGGCG-1	ATCGGCCAGACAGGCG-1	7	LGS3	OD	Muller glia	published_fragment_file_unique_RNA_match
7_TATGGGCGTGTTAGCA-1	TATGGGCGTGTTAGCA-1	7	LGS3	OD	Muller glia	published_fragment_file_unique_RNA_match
7_TGAAGCAAGGCTAGAA-1	TGAAGCAAGGCTAGAA-1	7	LGS3	OD	Muller glia	published_fragment_file_unique_RNA_match
7_GAAGCCTGTTGGCGTG-1	GAAGCCTGTTGGCGTG-1	7	LGS3	OD	Muller glia	published_fragment_file_unique_RNA_match
7_CATTCATTCTGTAAGC-1	CATTCATTCTGTAAGC-1	7	LGS3	OD	Muller glia	published_fragment_file_unique_RNA_match
7_TGTAACTCACGGTTTA-1	TGTAACTCACGGTTTA-1	7	LGS3	OD	Muller glia	published_fragment_file_unique_RNA_match
7_GGTCTTGAGCCTGTGA-1	GGTCTTGAGCCTGTGA-1	7	LGS3	OD	Muller glia	published_fragment_file_unique_RNA_match
7_TATTACCTCATTAGCA-1	TATTACCTCATTAGCA-1	7	LGS3	OD	Muller glia	published_fragment_file_unique_RNA_match
7_ATTGCACAGTGAGAGC-1	ATTGCACAGTGAGAGC-1	7	LGS3	OD	Muller glia	published_fragment_file_unique_RNA_match
7_CACCGGTAGTGAGCGG-1	CACCGGTAGTGAGCGG-1	7	LGS3	OD	Muller glia	published_fragment_file_unique_RNA_match
7_TTGAGGCGTTTCGCGC-1	TTGAGGCGTTTCGCGC-1	7	LGS3	OD	Muller glia	published_fragment_file_unique_RNA_match
7_CTTGAACAGGAACCAA-1	CTTGAACAGGAACCAA-1	7	LGS3	OD	Muller glia	published_fragment_file_unique_RNA_match
7_AATTTGGTCAGCTAAC-1	AATTTGGTCAGCTAAC-1	7	LGS3	OD	Muller glia	published_fragment_file_unique_RNA_match
7_GAGAACCAGAGGAGTC-1	GAGAACCAGAGGAGTC-1	7	LGS3	OD	Muller glia	published_fragment_file_unique_RNA_match
7_GTCAAACTCTATCGCC-1	GTCAAACTCTATCGCC-1	7	LGS3	OD	Muller glia	published_fragment_file_unique_RNA_match
7_TGAGTTTCAGAAATGC-1	TGAGTTTCAGAAATGC-1	7	LGS3	OD	Muller glia	published_fragment_file_unique_RNA_match
7_ATGGCCGGTACTTAGG-1	ATGGCCGGTACTTAGG-1	7	LGS3	OD	Muller glia	published_fragment_file_unique_RNA_match
7_ATCCGTGAGCTGCACA-1	ATCCGTGAGCTGCACA-1	7	LGS3	OD	Muller glia	published_fragment_file_unique_RNA_match
7_AGCTTTAAGTATTGCA-1	AGCTTTAAGTATTGCA-1	7	LGS3	OD	Muller glia	published_fragment_file_unique_RNA_match
7_TGTGCGCAGCTGTCAG-1	TGTGCGCAGCTGTCAG-1	7	LGS3	OD	Muller glia	published_fragment_file_unique_RNA_match
7_TCCGGTTTCCCTTGCG-1	TCCGGTTTCCCTTGCG-1	7	LGS3	OD	Muller glia	published_fragment_file_unique_RNA_match
7_AGTGATGAGTCATTAG-1	AGTGATGAGTCATTAG-1	7	LGS3	OD	Muller glia	published_fragment_file_unique_RNA_match
7_CCTAGTTGTCATAAGT-1	CCTAGTTGTCATAAGT-1	7	LGS3	OD	Muller glia	published_fragment_file_unique_RNA_match
7_GCCAACATCGCCTAAG-1	GCCAACATCGCCTAAG-1	7	LGS3	OD	Muller glia	published_fragment_file_unique_RNA_match
7_AAGCTTGGTTAATGCG-1	AAGCTTGGTTAATGCG-1	7	LGS3	OD	Muller glia	published_fragment_file_unique_RNA_match
7_CTGTTTAGTTTAGTCC-1	CTGTTTAGTTTAGTCC-1	7	LGS3	OD	Muller glia	published_fragment_file_unique_RNA_match
7_CTTTCTTGTTACCTGT-1	CTTTCTTGTTACCTGT-1	7	LGS3	OD	Muller glia	published_fragment_file_unique_RNA_match
7_ATGCAGGCATGTCGCG-1	ATGCAGGCATGTCGCG-1	7	LGS3	OD	Muller glia	published_fragment_file_unique_RNA_match
7_CAGGTGGAGAACAAGT-1	CAGGTGGAGAACAAGT-1	7	LGS3	OD	Muller glia	published_fragment_file_unique_RNA_match
7_ATCCAACAGCCTGAGC-1	ATCCAACAGCCTGAGC-1	7	LGS3	OD	Muller glia	published_fragment_file_unique_RNA_match
7_GTCATTAAGGAGCAAC-1	GTCATTAAGGAGCAAC-1	7	LGS3	OD	Muller glia	published_fragment_file_unique_RNA_match
7_AAGCGAATCATAATCG-1	AAGCGAATCATAATCG-1	7	LGS3	OD	Muller glia	published_fragment_file_unique_RNA_match
7_CATCCCAGTAGCTGCG-1	CATCCCAGTAGCTGCG-1	7	LGS3	OD	Muller glia	published_fragment_file_unique_RNA_match
7_GGCTATGTCGTGCTAG-1	GGCTATGTCGTGCTAG-1	7	LGS3	OD	Muller glia	published_fragment_file_unique_RNA_match
7_CTTGACGAGGCCAATT-1	CTTGACGAGGCCAATT-1	7	LGS3	OD	Muller glia	published_fragment_file_unique_RNA_match
7_GTCCATTGTAATCGTG-1	GTCCATTGTAATCGTG-1	7	LGS3	OD	Muller glia	published_fragment_file_unique_RNA_match
7_AAGACCAAGGCCAATT-1	AAGACCAAGGCCAATT-1	7	LGS3	OD	Muller glia	published_fragment_file_unique_RNA_match
7_ACAGGAATCGCTTGCT-1	ACAGGAATCGCTTGCT-1	7	LGS3	OD	Muller glia	published_fragment_file_unique_RNA_match
7_TGAACAGAGACAACGA-1	TGAACAGAGACAACGA-1	7	LGS3	OD	Muller glia	published_fragment_file_unique_RNA_match
7_CGAGCTGGTTAACAGT-1	CGAGCTGGTTAACAGT-1	7	LGS3	OD	Muller glia	published_fragment_file_unique_RNA_match
7_CATAATGTCTACCTGC-1	CATAATGTCTACCTGC-1	7	LGS3	OD	Muller glia	published_fragment_file_unique_RNA_match
7_AGTAACACATCATGGC-1	AGTAACACATCATGGC-1	7	LGS3	OD	Muller glia	published_fragment_file_unique_RNA_match
7_ACCCGTAAGCACCACA-1	ACCCGTAAGCACCACA-1	7	LGS3	OD	Muller glia	published_fragment_file_unique_RNA_match
7_TCCAGGTCATACCCGG-1	TCCAGGTCATACCCGG-1	7	LGS3	OD	Muller glia	published_fragment_file_unique_RNA_match
7_GGATATTGTAATTAGC-1	GGATATTGTAATTAGC-1	7	LGS3	OD	Muller glia	published_fragment_file_unique_RNA_match
7_GCAATCTAGCCTCTGT-1	GCAATCTAGCCTCTGT-1	7	LGS3	OD	Muller glia	published_fragment_file_unique_RNA_match
7_GGATAACCAATAACGA-1	GGATAACCAATAACGA-1	7	LGS3	OD	Muller glia	published_fragment_file_unique_RNA_match
7_GAGGCCTTCTCCTCTT-1	GAGGCCTTCTCCTCTT-1	7	LGS3	OD	Muller glia	published_fragment_file_unique_RNA_match
7_CGAGGTGAGCCTGTGA-1	CGAGGTGAGCCTGTGA-1	7	LGS3	OD	Muller glia	published_fragment_file_unique_RNA_match
7_GATCGCTCATCTTGAG-1	GATCGCTCATCTTGAG-1	7	LGS3	OD	Muller glia	published_fragment_file_unique_RNA_match
7_AGTATAGCAAGGTACG-1	AGTATAGCAAGGTACG-1	7	LGS3	OD	Muller glia	published_fragment_file_unique_RNA_match
7_TTTCCTGAGGAAGCTA-1	TTTCCTGAGGAAGCTA-1	7	LGS3	OD	Muller glia	published_fragment_file_unique_RNA_match
7_CGAATCTAGTTAGACC-1	CGAATCTAGTTAGACC-1	7	LGS3	OD	Muller glia	published_fragment_file_unique_RNA_match
7_GCGCGATTCCTTGTTG-1	GCGCGATTCCTTGTTG-1	7	LGS3	OD	Muller glia	published_fragment_file_unique_RNA_match
7_GGGAATATCTTGCAAA-1	GGGAATATCTTGCAAA-1	7	LGS3	OD	Muller glia	published_fragment_file_unique_RNA_match
7_AATAGCTGTCACGAAC-1	AATAGCTGTCACGAAC-1	7	LGS3	OD	Muller glia	published_fragment_file_unique_RNA_match
7_GGTCCGTAGGGACCTC-1	GGTCCGTAGGGACCTC-1	7	LGS3	OD	Muller glia	published_fragment_file_unique_RNA_match
7_TGAGGGCCAATAAGCA-1	TGAGGGCCAATAAGCA-1	7	LGS3	OD	Muller glia	published_fragment_file_unique_RNA_match
7_GTTGGCCAGCTTGCTC-1	GTTGGCCAGCTTGCTC-1	7	LGS3	OD	Muller glia	published_fragment_file_unique_RNA_match
7_TGTATCGCAGAGAGCC-1	TGTATCGCAGAGAGCC-1	7	LGS3	OD	Muller glia	published_fragment_file_unique_RNA_match
7_ATTGGTTCAATGAGGT-1	ATTGGTTCAATGAGGT-1	7	LGS3	OD	Muller glia	published_fragment_file_unique_RNA_match
7_ACTAACGGTTACTTGC-1	ACTAACGGTTACTTGC-1	7	LGS3	OD	Muller glia	published_fragment_file_unique_RNA_match
7_TCAAGACTCCTAATGA-1	TCAAGACTCCTAATGA-1	7	LGS3	OD	Muller glia	published_fragment_file_unique_RNA_match
7_TTCGTGCTCCTCCTAA-1	TTCGTGCTCCTCCTAA-1	7	LGS3	OD	Muller glia	published_fragment_file_unique_RNA_match
7_TACTCGCTCCATAATG-1	TACTCGCTCCATAATG-1	7	LGS3	OD	Muller glia	published_fragment_file_unique_RNA_match
7_GGTTATATCCTCATCA-1	GGTTATATCCTCATCA-1	7	LGS3	OD	Muller glia	published_fragment_file_unique_RNA_match
7_GTATGTTCAAAGGTAC-1	GTATGTTCAAAGGTAC-1	7	LGS3	OD	Muller glia	published_fragment_file_unique_RNA_match
7_CGGGTATGTCCTAGTT-1	CGGGTATGTCCTAGTT-1	7	LGS3	OD	Muller glia	published_fragment_file_unique_RNA_match
7_GTCTAACAGGTTTGCG-1	GTCTAACAGGTTTGCG-1	7	LGS3	OD	Muller glia	published_fragment_file_unique_RNA_match
7_AGGAGCTAGCTTCTCA-1	AGGAGCTAGCTTCTCA-1	7	LGS3	OD	Muller glia	published_fragment_file_unique_RNA_match
7_AAGCGGGTCTAATCTC-1	AAGCGGGTCTAATCTC-1	7	LGS3	OD	Muller glia	published_fragment_file_unique_RNA_match
7_GCAATATGTTACATCC-1	GCAATATGTTACATCC-1	7	LGS3	OD	Muller glia	published_fragment_file_unique_RNA_match
7_GTAGGATCAGGATAAC-1	GTAGGATCAGGATAAC-1	7	LGS3	OD	Muller glia	published_fragment_file_unique_RNA_match
7_GCCTCAAAGCTATTAG-1	GCCTCAAAGCTATTAG-1	7	LGS3	OD	Muller glia	published_fragment_file_unique_RNA_match
7_GGCTTCAAGTCTGGGC-1	GGCTTCAAGTCTGGGC-1	7	LGS3	OD	Muller glia	published_fragment_file_unique_RNA_match
7_CGCATTTGTACTTAGG-1	CGCATTTGTACTTAGG-1	7	LGS3	OD	Muller glia	published_fragment_file_unique_RNA_match
7_TTTAACCTCTGCAACG-1	TTTAACCTCTGCAACG-1	7	LGS3	OD	Muller glia	published_fragment_file_unique_RNA_match
7_AGTAAGTAGTTGGGCC-1	AGTAAGTAGTTGGGCC-1	7	LGS3	OD	Muller glia	published_fragment_file_unique_RNA_match
7_GTACGTAGTACCGGAT-1	GTACGTAGTACCGGAT-1	7	LGS3	OD	Muller glia	published_fragment_file_unique_RNA_match
7_GCAGGCAAGTCTGGGC-1	GCAGGCAAGTCTGGGC-1	7	LGS3	OD	Muller glia	published_fragment_file_unique_RNA_match
7_TGGATTCAGATTCCTT-1	TGGATTCAGATTCCTT-1	7	LGS3	OD	Muller glia	published_fragment_file_unique_RNA_match
7_AATTCGTCAAATTCGT-1	AATTCGTCAAATTCGT-1	7	LGS3	OD	Muller glia	published_fragment_file_unique_RNA_match
7_CATAAGCTCATGCCTC-1	CATAAGCTCATGCCTC-1	7	LGS3	OD	Muller glia	published_fragment_file_unique_RNA_match
7_CTCACACTCCAGCACA-1	CTCACACTCCAGCACA-1	7	LGS3	OD	Muller glia	published_fragment_file_unique_RNA_match
7_GCAACAGCATCCAGGT-1	GCAACAGCATCCAGGT-1	7	LGS3	OD	Muller glia	published_fragment_file_unique_RNA_match
7_CTGAATATCGTCAAGT-1	CTGAATATCGTCAAGT-1	7	LGS3	OD	Muller glia	published_fragment_file_unique_RNA_match
7_GGATTGCGTTAGTACG-1	GGATTGCGTTAGTACG-1	7	LGS3	OD	Muller glia	published_fragment_file_unique_RNA_match
7_GCAATATGTAAGCACC-1	GCAATATGTAAGCACC-1	7	LGS3	OD	Muller glia	published_fragment_file_unique_RNA_match
7_TCTTAGCGTCATAGAT-1	TCTTAGCGTCATAGAT-1	7	LGS3	OD	Muller glia	published_fragment_file_unique_RNA_match
7_CTGCTATGTGTTAGCA-1	CTGCTATGTGTTAGCA-1	7	LGS3	OD	Muller glia	published_fragment_file_unique_RNA_match
7_CGGTTTGAGGGTGAGT-1	CGGTTTGAGGGTGAGT-1	7	LGS3	OD	Muller glia	published_fragment_file_unique_RNA_match
7_GGTTAATGTCATAAGT-1	GGTTAATGTCATAAGT-1	7	LGS3	OD	Muller glia	published_fragment_file_unique_RNA_match
7_TTAAGCCAGAGCCGGA-1	TTAAGCCAGAGCCGGA-1	7	LGS3	OD	Muller glia	published_fragment_file_unique_RNA_match
7_ACCCTCCCATAAACCT-1	ACCCTCCCATAAACCT-1	7	LGS3	OD	Muller glia	published_fragment_file_unique_RNA_match
7_CGGTGAGAGGCTCATG-1	CGGTGAGAGGCTCATG-1	7	LGS3	OD	Muller glia	published_fragment_file_unique_RNA_match
7_ACCGGCTAGACTTACA-1	ACCGGCTAGACTTACA-1	7	LGS3	OD	Muller glia	published_fragment_file_unique_RNA_match
7_GAGTCAAAGGATTTGC-1	GAGTCAAAGGATTTGC-1	7	LGS3	OD	Muller glia	published_fragment_file_unique_RNA_match
7_GAGCGAAGTTACCTGT-1	GAGCGAAGTTACCTGT-1	7	LGS3	OD	Muller glia	published_fragment_file_unique_RNA_match
7_ACCCTCCCAGTAGGTG-1	ACCCTCCCAGTAGGTG-1	7	LGS3	OD	Muller glia	published_fragment_file_unique_RNA_match
7_TATGGGCGTTTCGCCA-1	TATGGGCGTTTCGCCA-1	7	LGS3	OD	Muller glia	published_fragment_file_unique_RNA_match
7_ATTCCGGAGGCAATAG-1	ATTCCGGAGGCAATAG-1	7	LGS3	OD	Muller glia	published_fragment_file_unique_RNA_match
7_GGGCAATAGGTATTGC-1	GGGCAATAGGTATTGC-1	7	LGS3	OD	Muller glia	published_fragment_file_unique_RNA_match
7_TCATGCCTCTCAATAG-1	TCATGCCTCTCAATAG-1	7	LGS3	OD	Muller glia	published_fragment_file_unique_RNA_match
7_ACCACATAGTTACTTC-1	ACCACATAGTTACTTC-1	7	LGS3	OD	Muller glia	published_fragment_file_unique_RNA_match
7_TGCAAGCGTCCACAAA-1	TGCAAGCGTCCACAAA-1	7	LGS3	OD	Muller glia	published_fragment_file_unique_RNA_match
7_GTCTCACTCATGTTTC-1	GTCTCACTCATGTTTC-1	7	LGS3	OD	Muller glia	published_fragment_file_unique_RNA_match
7_GAGGTGAGTAACCAGC-1	GAGGTGAGTAACCAGC-1	7	LGS3	OD	Muller glia	published_fragment_file_unique_RNA_match
7_CTTTATCAGGCGCATC-1	CTTTATCAGGCGCATC-1	7	LGS3	OD	Muller glia	published_fragment_file_unique_RNA_match
7_CGTCAATAGTATGTGC-1	CGTCAATAGTATGTGC-1	7	LGS3	OD	Muller glia	published_fragment_file_unique_RNA_match
7_GGGTCACTCTACCTCA-1	GGGTCACTCTACCTCA-1	7	LGS3	OD	Muller glia	published_fragment_file_unique_RNA_match
7_AAGCTTGGTACGATTG-1	AAGCTTGGTACGATTG-1	7	LGS3	OD	Muller glia	published_fragment_file_unique_RNA_match
7_GGTAATTGTAGCTAAT-1	GGTAATTGTAGCTAAT-1	7	LGS3	OD	Muller glia	published_fragment_file_unique_RNA_match
7_GTTAACGGTTATTGCC-1	GTTAACGGTTATTGCC-1	7	LGS3	OD	Muller glia	published_fragment_file_unique_RNA_match
7_GCCCTCATCATTATGG-1	GCCCTCATCATTATGG-1	7	LGS3	OD	Muller glia	published_fragment_file_unique_RNA_match
7_GCTAAGAAGTCACGAT-1	GCTAAGAAGTCACGAT-1	7	LGS3	OD	Muller glia	published_fragment_file_unique_RNA_match
7_CGAAGGCCATAGCTGC-1	CGAAGGCCATAGCTGC-1	7	LGS3	OD	Muller glia	published_fragment_file_unique_RNA_match
7_TTGTGCCTCGGGATTT-1	TTGTGCCTCGGGATTT-1	7	LGS3	OD	Muller glia	published_fragment_file_unique_RNA_match
7_TACCTCATCTGTTGCC-1	TACCTCATCTGTTGCC-1	7	LGS3	OD	Muller glia	published_fragment_file_unique_RNA_match
7_AAGGATCCAGCCGCTA-1	AAGGATCCAGCCGCTA-1	7	LGS3	OD	Muller glia	published_fragment_file_unique_RNA_match
7_GCGCCTTGTTTCCACG-1	GCGCCTTGTTTCCACG-1	7	LGS3	OD	Muller glia	published_fragment_file_unique_RNA_match
7_CTCCTGAGTCCACAAA-1	CTCCTGAGTCCACAAA-1	7	LGS3	OD	Muller glia	published_fragment_file_unique_RNA_match
7_CTCGCTAGTTACGCAA-1	CTCGCTAGTTACGCAA-1	7	LGS3	OD	Muller glia	published_fragment_file_unique_RNA_match
7_CCTGAGTCATTATCCC-1	CCTGAGTCATTATCCC-1	7	LGS3	OD	Muller glia	published_fragment_file_unique_RNA_match
7_CCTGGTAAGAATCGCT-1	CCTGGTAAGAATCGCT-1	7	LGS3	OD	Muller glia	published_fragment_file_unique_RNA_match
7_ATAATGGCACTCAACA-1	ATAATGGCACTCAACA-1	7	LGS3	OD	Muller glia	published_fragment_file_unique_RNA_match
8_TCAAGGTTCATTATGG-1	TCAAGGTTCATTATGG-1	8	LGS3	OS	Muller glia	published_fragment_file_unique_RNA_match
8_GGTTATATCATTACGA-1	GGTTATATCATTACGA-1	8	LGS3	OS	Muller glia	published_fragment_file_unique_RNA_match
8_AACGACAAGGATGATG-1	AACGACAAGGATGATG-1	8	LGS3	OS	Muller glia	published_fragment_file_unique_RNA_match
8_TGATTAGTCAATAGCC-1	TGATTAGTCAATAGCC-1	8	LGS3	OS	Muller glia	published_fragment_file_unique_RNA_match
8_GTACTAGGTTTGCTGT-1	GTACTAGGTTTGCTGT-1	8	LGS3	OS	Muller glia	published_fragment_file_unique_RNA_match
8_TTTCACCCAGTTTCTC-1	TTTCACCCAGTTTCTC-1	8	LGS3	OS	Muller glia	published_fragment_file_unique_RNA_match
8_GTGCTTACATGTCGCG-1	GTGCTTACATGTCGCG-1	8	LGS3	OS	Muller glia	published_fragment_file_unique_RNA_match
8_TTTGACTTCAAACACC-1	TTTGACTTCAAACACC-1	8	LGS3	OS	Muller glia	published_fragment_file_unique_RNA_match
8_TAAACAGCATAGACCC-1	TAAACAGCATAGACCC-1	8	LGS3	OS	Muller glia	published_fragment_file_unique_RNA_match
8_ATGTTCAAGTTATTCC-1	ATGTTCAAGTTATTCC-1	8	LGS3	OS	Muller glia	published_fragment_file_unique_RNA_match
8_CGTAATGGTTGCATCT-1	CGTAATGGTTGCATCT-1	8	LGS3	OS	Muller glia	published_fragment_file_unique_RNA_match
8_GCTATTGCACGAATCC-1	GCTATTGCACGAATCC-1	8	LGS3	OS	Muller glia	published_fragment_file_unique_RNA_match
8_ATTAGGTGTGAGCACT-1	ATTAGGTGTGAGCACT-1	8	LGS3	OS	Muller glia	published_fragment_file_unique_RNA_match
8_CTTACCGGTTACTTGC-1	CTTACCGGTTACTTGC-1	8	LGS3	OS	Muller glia	published_fragment_file_unique_RNA_match
8_GAAGGCCCACTTAACG-1	GAAGGCCCACTTAACG-1	8	LGS3	OS	Muller glia	published_fragment_file_unique_RNA_match
8_CAAGGTAAGCAGGTGG-1	CAAGGTAAGCAGGTGG-1	8	LGS3	OS	Muller glia	published_fragment_file_unique_RNA_match
8_GCTCTGTTCGATTTAG-1	GCTCTGTTCGATTTAG-1	8	LGS3	OS	Muller glia	published_fragment_file_unique_RNA_match
8_CAGCATGTCGTTAAGC-1	CAGCATGTCGTTAAGC-1	8	LGS3	OS	Muller glia	published_fragment_file_unique_RNA_match
8_ATTGCACAGAGAAGGG-1	ATTGCACAGAGAAGGG-1	8	LGS3	OS	Muller glia	published_fragment_file_unique_RNA_match
8_GCACCTAAGGTAACGA-1	GCACCTAAGGTAACGA-1	8	LGS3	OS	Muller glia	published_fragment_file_unique_RNA_match
8_CGGTTTGAGGTAAGCA-1	CGGTTTGAGGTAAGCA-1	8	LGS3	OS	Muller glia	published_fragment_file_unique_RNA_match
8_ATGCATTCAGTTGCGT-1	ATGCATTCAGTTGCGT-1	8	LGS3	OS	Muller glia	published_fragment_file_unique_RNA_match
8_CAAGTGAAGACAAGTG-1	CAAGTGAAGACAAGTG-1	8	LGS3	OS	Muller glia	published_fragment_file_unique_RNA_match
8_TTCCTTCTCGGTCATG-1	TTCCTTCTCGGTCATG-1	8	LGS3	OS	Muller glia	published_fragment_file_unique_RNA_match
8_GTTTATCTCCCTTGCG-1	GTTTATCTCCCTTGCG-1	8	LGS3	OS	Muller glia	published_fragment_file_unique_RNA_match
8_TAACCGGTCAGCTAAC-1	TAACCGGTCAGCTAAC-1	8	LGS3	OS	Muller glia	published_fragment_file_unique_RNA_match
8_AGTTGTCAGGCCCAGT-1	AGTTGTCAGGCCCAGT-1	8	LGS3	OS	Muller glia	published_fragment_file_unique_RNA_match
8_CAGGCTATCAAGCTTA-1	CAGGCTATCAAGCTTA-1	8	LGS3	OS	Muller glia	published_fragment_file_unique_RNA_match
8_GGTTATATCGCGCTAA-1	GGTTATATCGCGCTAA-1	8	LGS3	OS	Muller glia	published_fragment_file_unique_RNA_match
8_GTTGGCCAGTCATTAG-1	GTTGGCCAGTCATTAG-1	8	LGS3	OS	Muller glia	published_fragment_file_unique_RNA_match
8_TCCATAAAGTCATGCG-1	TCCATAAAGTCATGCG-1	8	LGS3	OS	Muller glia	published_fragment_file_unique_RNA_match
8_CGGAGTCTCCGGTTAG-1	CGGAGTCTCCGGTTAG-1	8	LGS3	OS	Muller glia	published_fragment_file_unique_RNA_match
8_GTTGGAGCATAGCGAG-1	GTTGGAGCATAGCGAG-1	8	LGS3	OS	Muller glia	published_fragment_file_unique_RNA_match
8_TCAAGCTAGTTGGGCC-1	TCAAGCTAGTTGGGCC-1	8	LGS3	OS	Muller glia	published_fragment_file_unique_RNA_match
8_TTTAAGGTCATAATCG-1	TTTAAGGTCATAATCG-1	8	LGS3	OS	Muller glia	published_fragment_file_unique_RNA_match
8_ACCAAGTTCGAGGAGT-1	ACCAAGTTCGAGGAGT-1	8	LGS3	OS	Muller glia	published_fragment_file_unique_RNA_match
8_AGTGAGTCAACACTTG-1	AGTGAGTCAACACTTG-1	8	LGS3	OS	Muller glia	published_fragment_file_unique_RNA_match
8_TAATCCGCACCTGCCT-1	TAATCCGCACCTGCCT-1	8	LGS3	OS	Muller glia	published_fragment_file_unique_RNA_match
8_CTCTAGCTCATTACGA-1	CTCTAGCTCATTACGA-1	8	LGS3	OS	Muller glia	published_fragment_file_unique_RNA_match
8_ATTGAAGCAACTAGAA-1	ATTGAAGCAACTAGAA-1	8	LGS3	OS	Muller glia	published_fragment_file_unique_RNA_match
8_GTTCATTTCGTTAACA-1	GTTCATTTCGTTAACA-1	8	LGS3	OS	Muller glia	published_fragment_file_unique_RNA_match
8_TCCTAGTGTGAGGTAG-1	TCCTAGTGTGAGGTAG-1	8	LGS3	OS	Muller glia	published_fragment_file_unique_RNA_match
8_AGCGGATAGTCCTTCA-1	AGCGGATAGTCCTTCA-1	8	LGS3	OS	Muller glia	published_fragment_file_unique_RNA_match
8_CGCACAATCTTAATGG-1	CGCACAATCTTAATGG-1	8	LGS3	OS	Muller glia	published_fragment_file_unique_RNA_match
8_ATCTATGAGTTGGCCA-1	ATCTATGAGTTGGCCA-1	8	LGS3	OS	Muller glia	published_fragment_file_unique_RNA_match
8_GCCTGTGCATAAGCAA-1	GCCTGTGCATAAGCAA-1	8	LGS3	OS	Muller glia	published_fragment_file_unique_RNA_match
8_TGTTGTTTCTTGTTCG-1	TGTTGTTTCTTGTTCG-1	8	LGS3	OS	Muller glia	published_fragment_file_unique_RNA_match
8_GACCTGATCCCTGGAA-1	GACCTGATCCCTGGAA-1	8	LGS3	OS	Muller glia	published_fragment_file_unique_RNA_match
8_AATTTGCCATGTCGCG-1	AATTTGCCATGTCGCG-1	8	LGS3	OS	Muller glia	published_fragment_file_unique_RNA_match
8_GGTCAAGCAATAGCAA-1	GGTCAAGCAATAGCAA-1	8	LGS3	OS	Muller glia	published_fragment_file_unique_RNA_match
8_GCTGTACCAGGTATTT-1	GCTGTACCAGGTATTT-1	8	LGS3	OS	Muller glia	published_fragment_file_unique_RNA_match
8_CGCTTCTAGGTCGAGG-1	CGCTTCTAGGTCGAGG-1	8	LGS3	OS	Muller glia	published_fragment_file_unique_RNA_match
8_ATGTAACGTTTCCTCC-1	ATGTAACGTTTCCTCC-1	8	LGS3	OS	Muller glia	published_fragment_file_unique_RNA_match
8_GGGCAATAGTAGCTTA-1	GGGCAATAGTAGCTTA-1	8	LGS3	OS	Muller glia	published_fragment_file_unique_RNA_match
8_TGTGGCGGTTTAGTCC-1	TGTGGCGGTTTAGTCC-1	8	LGS3	OS	Muller glia	published_fragment_file_unique_RNA_match
8_CGAGGTGAGCAGCTCA-1	CGAGGTGAGCAGCTCA-1	8	LGS3	OS	Muller glia	published_fragment_file_unique_RNA_match
8_AGGTCTTAGGTTACGT-1	AGGTCTTAGGTTACGT-1	8	LGS3	OS	Muller glia	published_fragment_file_unique_RNA_match
8_CGTACGGGTTGGCGTG-1	CGTACGGGTTGGCGTG-1	8	LGS3	OS	Muller glia	published_fragment_file_unique_RNA_match
8_AGAGAGGAGGTGAAGC-1	AGAGAGGAGGTGAAGC-1	8	LGS3	OS	Muller glia	published_fragment_file_unique_RNA_match
8_GCATATATCCGCCAAA-1	GCATATATCCGCCAAA-1	8	LGS3	OS	Muller glia	published_fragment_file_unique_RNA_match
8_CACATTAAGGTCGATT-1	CACATTAAGGTCGATT-1	8	LGS3	OS	Muller glia	published_fragment_file_unique_RNA_match
8_GCAATGTTCAGGATGA-1	GCAATGTTCAGGATGA-1	8	LGS3	OS	Muller glia	published_fragment_file_unique_RNA_match
8_TGGACGGAGCGATACT-1	TGGACGGAGCGATACT-1	8	LGS3	OS	Muller glia	published_fragment_file_unique_RNA_match
8_ACGGGAAGTGAGACTC-1	ACGGGAAGTGAGACTC-1	8	LGS3	OS	Muller glia	published_fragment_file_unique_RNA_match
8_CGAAGAATCTTGAGGT-1	CGAAGAATCTTGAGGT-1	8	LGS3	OS	Muller glia	published_fragment_file_unique_RNA_match
8_GATTACGGTGCTGGTG-1	GATTACGGTGCTGGTG-1	8	LGS3	OS	Muller glia	published_fragment_file_unique_RNA_match
8_GCCTCAAAGGTCCTAG-1	GCCTCAAAGGTCCTAG-1	8	LGS3	OS	Muller glia	published_fragment_file_unique_RNA_match
8_AGGTCAAAGACAACAG-1	AGGTCAAAGACAACAG-1	8	LGS3	OS	Muller glia	published_fragment_file_unique_RNA_match
8_AACCTCACATCATGTG-1	AACCTCACATCATGTG-1	8	LGS3	OS	Muller glia	published_fragment_file_unique_RNA_match
8_CAATATGTCTTGCTAT-1	CAATATGTCTTGCTAT-1	8	LGS3	OS	Muller glia	published_fragment_file_unique_RNA_match
8_GCCTGACAGCAAGGAC-1	GCCTGACAGCAAGGAC-1	8	LGS3	OS	Muller glia	published_fragment_file_unique_RNA_match
8_ACAGGTAAGCTCATAA-1	ACAGGTAAGCTCATAA-1	8	LGS3	OS	Muller glia	published_fragment_file_unique_RNA_match
8_GTGTGAGCAATTGACT-1	GTGTGAGCAATTGACT-1	8	LGS3	OS	Muller glia	published_fragment_file_unique_RNA_match
8_CAATGCCCACACTAAT-1	CAATGCCCACACTAAT-1	8	LGS3	OS	Muller glia	published_fragment_file_unique_RNA_match
8_CTCACAACAGATAGAC-1	CTCACAACAGATAGAC-1	8	LGS3	OS	Muller glia	published_fragment_file_unique_RNA_match
8_TGGCCATCACAATGTT-1	TGGCCATCACAATGTT-1	8	LGS3	OS	Muller glia	published_fragment_file_unique_RNA_match
8_CGCTAATAGACTTACA-1	CGCTAATAGACTTACA-1	8	LGS3	OS	Muller glia	published_fragment_file_unique_RNA_match
8_GGAACGGTCCGGTTAG-1	GGAACGGTCCGGTTAG-1	8	LGS3	OS	Muller glia	published_fragment_file_unique_RNA_match
8_CCTGCTCCAATATGGA-1	CCTGCTCCAATATGGA-1	8	LGS3	OS	Muller glia	published_fragment_file_unique_RNA_match
8_CAAGTAACAGGCAAGC-1	CAAGTAACAGGCAAGC-1	8	LGS3	OS	Muller glia	published_fragment_file_unique_RNA_match
8_AATCCATCATAATCGT-1	AATCCATCATAATCGT-1	8	LGS3	OS	Muller glia	published_fragment_file_unique_RNA_match
8_CCCGTAAAGCTAAGTC-1	CCCGTAAAGCTAAGTC-1	8	LGS3	OS	Muller glia	published_fragment_file_unique_RNA_match
8_TGCTTGCTCGTTAGCG-1	TGCTTGCTCGTTAGCG-1	8	LGS3	OS	Muller glia	published_fragment_file_unique_RNA_match
8_CAAGTATGTAATGGAA-1	CAAGTATGTAATGGAA-1	8	LGS3	OS	Muller glia	published_fragment_file_unique_RNA_match
8_CTTTCTTGTGGCTTCC-1	CTTTCTTGTGGCTTCC-1	8	LGS3	OS	Muller glia	published_fragment_file_unique_RNA_match
8_GGTGATTTCCCGCAAA-1	GGTGATTTCCCGCAAA-1	8	LGS3	OS	Muller glia	published_fragment_file_unique_RNA_match
8_TTTGAGTCACCAACCG-1	TTTGAGTCACCAACCG-1	8	LGS3	OS	Muller glia	published_fragment_file_unique_RNA_match
8_GCGGTTGGTGTAACCA-1	GCGGTTGGTGTAACCA-1	8	LGS3	OS	Muller glia	published_fragment_file_unique_RNA_match
8_GTTGCATAGCATTTCT-1	GTTGCATAGCATTTCT-1	8	LGS3	OS	Muller glia	published_fragment_file_unique_RNA_match
8_TTCAGTTTCAGGATGA-1	TTCAGTTTCAGGATGA-1	8	LGS3	OS	Muller glia	published_fragment_file_unique_RNA_match
8_GCTGTGATCCGGGACT-1	GCTGTGATCCGGGACT-1	8	LGS3	OS	Muller glia	published_fragment_file_unique_RNA_match
8_CTCATCATCGGTTCCT-1	CTCATCATCGGTTCCT-1	8	LGS3	OS	Muller glia	published_fragment_file_unique_RNA_match
8_CTCCATCAGTTGCGTG-1	CTCCATCAGTTGCGTG-1	8	LGS3	OS	Muller glia	published_fragment_file_unique_RNA_match
8_TGCATTAAGATGGAGC-1	TGCATTAAGATGGAGC-1	8	LGS3	OS	Muller glia	published_fragment_file_unique_RNA_match
8_GGATTATGTTAGGCTA-1	GGATTATGTTAGGCTA-1	8	LGS3	OS	Muller glia	published_fragment_file_unique_RNA_match
8_AACCGGCTCTTTAGGA-1	AACCGGCTCTTTAGGA-1	8	LGS3	OS	Muller glia	published_fragment_file_unique_RNA_match
8_AGCAGGTAGGTGAAAT-1	AGCAGGTAGGTGAAAT-1	8	LGS3	OS	Muller glia	published_fragment_file_unique_RNA_match
8_GTAGGTGCAGTAATAG-1	GTAGGTGCAGTAATAG-1	8	LGS3	OS	Muller glia	published_fragment_file_unique_RNA_match
8_GGACCGAAGGAGTCTT-1	GGACCGAAGGAGTCTT-1	8	LGS3	OS	Muller glia	published_fragment_file_unique_RNA_match
8_CTTGAACAGGTGTCCA-1	CTTGAACAGGTGTCCA-1	8	LGS3	OS	Muller glia	published_fragment_file_unique_RNA_match
8_GAACCAGCAGGCTAAG-1	GAACCAGCAGGCTAAG-1	8	LGS3	OS	Muller glia	published_fragment_file_unique_RNA_match
8_CCTACTGGTCCTAGTT-1	CCTACTGGTCCTAGTT-1	8	LGS3	OS	Muller glia	published_fragment_file_unique_RNA_match
8_AAACAGCCATCCGTAA-1	AAACAGCCATCCGTAA-1	8	LGS3	OS	Muller glia	published_fragment_file_unique_RNA_match
8_CTAACCACACCACAAC-1	CTAACCACACCACAAC-1	8	LGS3	OS	Muller glia	published_fragment_file_unique_RNA_match
8_TTCAACCGTTATCCGT-1	TTCAACCGTTATCCGT-1	8	LGS3	OS	Muller glia	published_fragment_file_unique_RNA_match
8_GCACATTAGATGCCTG-1	GCACATTAGATGCCTG-1	8	LGS3	OS	Muller glia	published_fragment_file_unique_RNA_match
8_GAGCATGCAAGGTCCT-1	GAGCATGCAAGGTCCT-1	8	LGS3	OS	Muller glia	published_fragment_file_unique_RNA_match
8_CCGCTAGCAAACGGGC-1	CCGCTAGCAAACGGGC-1	8	LGS3	OS	Muller glia	published_fragment_file_unique_RNA_match
8_AAGGTGCAGGACTTAC-1	AAGGTGCAGGACTTAC-1	8	LGS3	OS	Muller glia	published_fragment_file_unique_RNA_match
8_ACTTACTTCCAGGTTG-1	ACTTACTTCCAGGTTG-1	8	LGS3	OS	Muller glia	published_fragment_file_unique_RNA_match
8_TGACTCCTCGAAGTGA-1	TGACTCCTCGAAGTGA-1	8	LGS3	OS	Muller glia	published_fragment_file_unique_RNA_match
8_GCGGGTTTCCCATAGG-1	GCGGGTTTCCCATAGG-1	8	LGS3	OS	Muller glia	published_fragment_file_unique_RNA_match
8_GGAACCACAAGGATTA-1	GGAACCACAAGGATTA-1	8	LGS3	OS	Muller glia	published_fragment_file_unique_RNA_match
8_AATCTCAAGTTGGGCC-1	AATCTCAAGTTGGGCC-1	8	LGS3	OS	Muller glia	published_fragment_file_unique_RNA_match
8_CTGTACCTCATTGTCT-1	CTGTACCTCATTGTCT-1	8	LGS3	OS	Muller glia	published_fragment_file_unique_RNA_match
8_CGTTTCTCAGGCCAAA-1	CGTTTCTCAGGCCAAA-1	8	LGS3	OS	Muller glia	published_fragment_file_unique_RNA_match
8_GCCTACTTCCAGCACA-1	GCCTACTTCCAGCACA-1	8	LGS3	OS	Muller glia	published_fragment_file_unique_RNA_match
8_CGACAAGCATGCATAT-1	CGACAAGCATGCATAT-1	8	LGS3	OS	Muller glia	published_fragment_file_unique_RNA_match
8_ACAACAACAAATTCGT-1	ACAACAACAAATTCGT-1	8	LGS3	OS	Muller glia	published_fragment_file_unique_RNA_match
8_CAAGTATGTCTCAGCC-1	CAAGTATGTCTCAGCC-1	8	LGS3	OS	Muller glia	published_fragment_file_unique_RNA_match
8_TCATAACCAAAGGTAC-1	TCATAACCAAAGGTAC-1	8	LGS3	OS	Muller glia	published_fragment_file_unique_RNA_match
8_TCTTTGTAGCACTAGT-1	TCTTTGTAGCACTAGT-1	8	LGS3	OS	Muller glia	published_fragment_file_unique_RNA_match
8_CGCCTCATCGTTACAA-1	CGCCTCATCGTTACAA-1	8	LGS3	OS	Muller glia	published_fragment_file_unique_RNA_match
8_ACCTAAATCCGCAAAT-1	ACCTAAATCCGCAAAT-1	8	LGS3	OS	Muller glia	published_fragment_file_unique_RNA_match
8_CGTTAACAGCTGGAAA-1	CGTTAACAGCTGGAAA-1	8	LGS3	OS	Muller glia	published_fragment_file_unique_RNA_match
8_GACAATACAGCAGGTA-1	GACAATACAGCAGGTA-1	8	LGS3	OS	Muller glia	published_fragment_file_unique_RNA_match
8_GTCATCACACAGAACG-1	GTCATCACACAGAACG-1	8	LGS3	OS	Muller glia	published_fragment_file_unique_RNA_match
8_CATAGGCGTATTTGGG-1	CATAGGCGTATTTGGG-1	8	LGS3	OS	Muller glia	published_fragment_file_unique_RNA_match
8_CCTCAATGTTTGAGCA-1	CCTCAATGTTTGAGCA-1	8	LGS3	OS	Muller glia	published_fragment_file_unique_RNA_match
8_GAGCATGCATTATGAC-1	GAGCATGCATTATGAC-1	8	LGS3	OS	Muller glia	published_fragment_file_unique_RNA_match
8_TACCTTAGTCAATGTG-1	TACCTTAGTCAATGTG-1	8	LGS3	OS	Muller glia	published_fragment_file_unique_RNA_match
8_GATAATCGTGAATCGC-1	GATAATCGTGAATCGC-1	8	LGS3	OS	Muller glia	published_fragment_file_unique_RNA_match
8_CAAACATGTTTGAGCA-1	CAAACATGTTTGAGCA-1	8	LGS3	OS	Muller glia	published_fragment_file_unique_RNA_match
8_CGATTTGCATCACTTC-1	CGATTTGCATCACTTC-1	8	LGS3	OS	Muller glia	published_fragment_file_unique_RNA_match
8_TCAAGAACAGTACCGT-1	TCAAGAACAGTACCGT-1	8	LGS3	OS	Muller glia	published_fragment_file_unique_RNA_match
8_ACCCAACCAGGATGGC-1	ACCCAACCAGGATGGC-1	8	LGS3	OS	Muller glia	published_fragment_file_unique_RNA_match
8_GGTCATTAGCAAGGAC-1	GGTCATTAGCAAGGAC-1	8	LGS3	OS	Muller glia	published_fragment_file_unique_RNA_match
8_CCTACTGGTGTTAGCA-1	CCTACTGGTGTTAGCA-1	8	LGS3	OS	Muller glia	published_fragment_file_unique_RNA_match
8_ACACTTGCAATTGAGA-1	ACACTTGCAATTGAGA-1	8	LGS3	OS	Muller glia	published_fragment_file_unique_RNA_match
8_TTCCCACAGCCGCAGT-1	TTCCCACAGCCGCAGT-1	8	LGS3	OS	Muller glia	published_fragment_file_unique_RNA_match
8_GATCACTAGGTCCACA-1	GATCACTAGGTCCACA-1	8	LGS3	OS	Muller glia	published_fragment_file_unique_RNA_match
8_CGATGTCCATCAGCAC-1	CGATGTCCATCAGCAC-1	8	LGS3	OS	Muller glia	published_fragment_file_unique_RNA_match
8_CTGTTAAAGGTAGCTT-1	CTGTTAAAGGTAGCTT-1	8	LGS3	OS	Muller glia	published_fragment_file_unique_RNA_match
8_GGCAATCGTGCTGTAA-1	GGCAATCGTGCTGTAA-1	8	LGS3	OS	Muller glia	published_fragment_file_unique_RNA_match
8_ATGACGAAGCCGCAAC-1	ATGACGAAGCCGCAAC-1	8	LGS3	OS	Muller glia	published_fragment_file_unique_RNA_match
8_GTCGCAATCTTGGATA-1	GTCGCAATCTTGGATA-1	8	LGS3	OS	Muller glia	published_fragment_file_unique_RNA_match
8_GATGGCTGTACCGGAT-1	GATGGCTGTACCGGAT-1	8	LGS3	OS	Muller glia	published_fragment_file_unique_RNA_match
8_AGAACCGCATAGCTGC-1	AGAACCGCATAGCTGC-1	8	LGS3	OS	Muller glia	published_fragment_file_unique_RNA_match
8_TGCTGGATCTCAATAG-1	TGCTGGATCTCAATAG-1	8	LGS3	OS	Muller glia	published_fragment_file_unique_RNA_match
8_CTTGGACCACCCACCT-1	CTTGGACCACCCACCT-1	8	LGS3	OS	Muller glia	published_fragment_file_unique_RNA_match
8_CCGTTACTCCACCTTA-1	CCGTTACTCCACCTTA-1	8	LGS3	OS	Muller glia	published_fragment_file_unique_RNA_match
8_GGATTGCGTTGGTGAC-1	GGATTGCGTTGGTGAC-1	8	LGS3	OS	Muller glia	published_fragment_file_unique_RNA_match
8_TTCCTTGAGGTCAAAG-1	TTCCTTGAGGTCAAAG-1	8	LGS3	OS	Muller glia	published_fragment_file_unique_RNA_match
8_GTTTCAGCAGACAAAC-1	GTTTCAGCAGACAAAC-1	8	LGS3	OS	Muller glia	published_fragment_file_unique_RNA_match
8_GGTTACCCATAGCGAG-1	GGTTACCCATAGCGAG-1	8	LGS3	OS	Muller glia	published_fragment_file_unique_RNA_match
8_GGAACCTGTTAGAGGG-1	GGAACCTGTTAGAGGG-1	8	LGS3	OS	Muller glia	published_fragment_file_unique_RNA_match
8_GCTGATCCATAGTCAT-1	GCTGATCCATAGTCAT-1	8	LGS3	OS	Muller glia	published_fragment_file_unique_RNA_match
8_ATTGGCTAGGCGAAAC-1	ATTGGCTAGGCGAAAC-1	8	LGS3	OS	Muller glia	published_fragment_file_unique_RNA_match
8_AGAGGAACATGGAGGC-1	AGAGGAACATGGAGGC-1	8	LGS3	OS	Muller glia	published_fragment_file_unique_RNA_match
8_GAAGTATAGCTGGCTA-1	GAAGTATAGCTGGCTA-1	8	LGS3	OS	Muller glia	published_fragment_file_unique_RNA_match
8_TGTGGCCAGAATCTCA-1	TGTGGCCAGAATCTCA-1	8	LGS3	OS	Muller glia	published_fragment_file_unique_RNA_match
8_GAACTTATCCTACCTA-1	GAACTTATCCTACCTA-1	8	LGS3	OS	Muller glia	published_fragment_file_unique_RNA_match
8_GCATGAAAGCTTTGGG-1	GCATGAAAGCTTTGGG-1	8	LGS3	OS	Muller glia	published_fragment_file_unique_RNA_match
8_CAATGACTCTTAAGTG-1	CAATGACTCTTAAGTG-1	8	LGS3	OS	Muller glia	published_fragment_file_unique_RNA_match
8_CATCATAAGGGACTAA-1	CATCATAAGGGACTAA-1	8	LGS3	OS	Muller glia	published_fragment_file_unique_RNA_match
8_CTAAGGTTCGCAATCG-1	CTAAGGTTCGCAATCG-1	8	LGS3	OS	Muller glia	published_fragment_file_unique_RNA_match
8_ACCGAAGCAAGTAAGC-1	ACCGAAGCAAGTAAGC-1	8	LGS3	OS	Muller glia	published_fragment_file_unique_RNA_match
8_TTAAGGTGTGGAAACG-1	TTAAGGTGTGGAAACG-1	8	LGS3	OS	Muller glia	published_fragment_file_unique_RNA_match
8_CAGGCTATCGCAGGCT-1	CAGGCTATCGCAGGCT-1	8	LGS3	OS	Muller glia	published_fragment_file_unique_RNA_match
8_TTCCTTGAGCACCACA-1	TTCCTTGAGCACCACA-1	8	LGS3	OS	Muller glia	published_fragment_file_unique_RNA_match
8_AATCCGTAGCTTCCCG-1	AATCCGTAGCTTCCCG-1	8	LGS3	OS	Muller glia	published_fragment_file_unique_RNA_match
8_GGATTATGTATGGTGC-1	GGATTATGTATGGTGC-1	8	LGS3	OS	Muller glia	published_fragment_file_unique_RNA_match
8_ACTTTGTTCCCTGACT-1	ACTTTGTTCCCTGACT-1	8	LGS3	OS	Muller glia	published_fragment_file_unique_RNA_match
8_ACGTACCCAAACGGGC-1	ACGTACCCAAACGGGC-1	8	LGS3	OS	Muller glia	published_fragment_file_unique_RNA_match
8_GTAAGCGCATGCTTAG-1	GTAAGCGCATGCTTAG-1	8	LGS3	OS	Muller glia	published_fragment_file_unique_RNA_match
8_CCTCCTCTCAAACACC-1	CCTCCTCTCAAACACC-1	8	LGS3	OS	Muller glia	published_fragment_file_unique_RNA_match
8_GTTAAGTGTACGTTTC-1	GTTAAGTGTACGTTTC-1	8	LGS3	OS	Muller glia	published_fragment_file_unique_RNA_match
8_TAGCAGGCAGAGGCTA-1	TAGCAGGCAGAGGCTA-1	8	LGS3	OS	Muller glia	published_fragment_file_unique_RNA_match
8_TACGCTTGTTGAATCG-1	TACGCTTGTTGAATCG-1	8	LGS3	OS	Muller glia	published_fragment_file_unique_RNA_match
8_AGCGTGCTCTCTAGCC-1	AGCGTGCTCTCTAGCC-1	8	LGS3	OS	Muller glia	published_fragment_file_unique_RNA_match
8_TTCCTTCTCAGCACGC-1	TTCCTTCTCAGCACGC-1	8	LGS3	OS	Muller glia	published_fragment_file_unique_RNA_match
8_AAATGGCCACAAAGCG-1	AAATGGCCACAAAGCG-1	8	LGS3	OS	Muller glia	published_fragment_file_unique_RNA_match
8_CAAGGTTTCCTCAGTC-1	CAAGGTTTCCTCAGTC-1	8	LGS3	OS	Muller glia	published_fragment_file_unique_RNA_match
8_ATTGACTCATCCCGCT-1	ATTGACTCATCCCGCT-1	8	LGS3	OS	Muller glia	published_fragment_file_unique_RNA_match
8_CTACCTCAGGAACCAA-1	CTACCTCAGGAACCAA-1	8	LGS3	OS	Muller glia	published_fragment_file_unique_RNA_match
8_TCCATCATCACTAGGT-1	TCCATCATCACTAGGT-1	8	LGS3	OS	Muller glia	published_fragment_file_unique_RNA_match
8_TTAGGAACAGAACCGA-1	TTAGGAACAGAACCGA-1	8	LGS3	OS	Muller glia	published_fragment_file_unique_RNA_match
8_TCATGTTTCCCGCATT-1	TCATGTTTCCCGCATT-1	8	LGS3	OS	Muller glia	published_fragment_file_unique_RNA_match
8_TCAGTAATCAAGCGCC-1	TCAGTAATCAAGCGCC-1	8	LGS3	OS	Muller glia	published_fragment_file_unique_RNA_match
8_ACGTCCTTCCATAATG-1	ACGTCCTTCCATAATG-1	8	LGS3	OS	Muller glia	published_fragment_file_unique_RNA_match
8_CTAGTAGGTTATGTGG-1	CTAGTAGGTTATGTGG-1	8	LGS3	OS	Muller glia	published_fragment_file_unique_RNA_match
8_GGAGCATAGCAGGTGG-1	GGAGCATAGCAGGTGG-1	8	LGS3	OS	Muller glia	published_fragment_file_unique_RNA_match
8_GCTGCAATCTGTAAGC-1	GCTGCAATCTGTAAGC-1	8	LGS3	OS	Muller glia	published_fragment_file_unique_RNA_match
8_GCCTTAGAGTGATTCA-1	GCCTTAGAGTGATTCA-1	8	LGS3	OS	Muller glia	published_fragment_file_unique_RNA_match
8_TTGACGTAGGATAAAC-1	TTGACGTAGGATAAAC-1	8	LGS3	OS	Muller glia	published_fragment_file_unique_RNA_match
8_CTCGTTATCATAACCA-1	CTCGTTATCATAACCA-1	8	LGS3	OS	Muller glia	published_fragment_file_unique_RNA_match
8_ATCGGCCAGACACTTA-1	ATCGGCCAGACACTTA-1	8	LGS3	OS	Muller glia	published_fragment_file_unique_RNA_match
8_TGGACAAAGCCATCAG-1	TGGACAAAGCCATCAG-1	8	LGS3	OS	Muller glia	published_fragment_file_unique_RNA_match
8_GATTCGCCAGCTCAAC-1	GATTCGCCAGCTCAAC-1	8	LGS3	OS	Muller glia	published_fragment_file_unique_RNA_match
8_CTCCAACTCGGTTAGT-1	CTCCAACTCGGTTAGT-1	8	LGS3	OS	Muller glia	published_fragment_file_unique_RNA_match
8_ACGGTACGTGTTTGCT-1	ACGGTACGTGTTTGCT-1	8	LGS3	OS	Muller glia	published_fragment_file_unique_RNA_match
8_CTTCAGGAGTCACGAT-1	CTTCAGGAGTCACGAT-1	8	LGS3	OS	Muller glia	published_fragment_file_unique_RNA_match
8_TAGGAGGGTAAACAAG-1	TAGGAGGGTAAACAAG-1	8	LGS3	OS	Muller glia	published_fragment_file_unique_RNA_match
8_TAGGTGCGTTTGACCT-1	TAGGTGCGTTTGACCT-1	8	LGS3	OS	Muller glia	published_fragment_file_unique_RNA_match
8_ACGGTTTAGCAGCTAT-1	ACGGTTTAGCAGCTAT-1	8	LGS3	OS	Muller glia	published_fragment_file_unique_RNA_match
8_GTTAAGTGTTCACCAT-1	GTTAAGTGTTCACCAT-1	8	LGS3	OS	Muller glia	published_fragment_file_unique_RNA_match
8_CGGAATCGTTCATCTA-1	CGGAATCGTTCATCTA-1	8	LGS3	OS	Muller glia	published_fragment_file_unique_RNA_match
8_CTATGGCCAAGCGATG-1	CTATGGCCAAGCGATG-1	8	LGS3	OS	Muller glia	published_fragment_file_unique_RNA_match
8_CCTACTGGTTTGAGGC-1	CCTACTGGTTTGAGGC-1	8	LGS3	OS	Muller glia	published_fragment_file_unique_RNA_match
8_CTGAAACTCGAAGTAG-1	CTGAAACTCGAAGTAG-1	8	LGS3	OS	Muller glia	published_fragment_file_unique_RNA_match
8_TATAGCTCAGGATAAC-1	TATAGCTCAGGATAAC-1	8	LGS3	OS	Muller glia	published_fragment_file_unique_RNA_match
8_TGCGATTAGGGCCATC-1	TGCGATTAGGGCCATC-1	8	LGS3	OS	Muller glia	published_fragment_file_unique_RNA_match
8_CAGAATCTCCAAACAC-1	CAGAATCTCCAAACAC-1	8	LGS3	OS	Muller glia	published_fragment_file_unique_RNA_match
8_AGCAAATAGTCACTAA-1	AGCAAATAGTCACTAA-1	8	LGS3	OS	Muller glia	published_fragment_file_unique_RNA_match
8_TGGTCCTTCTGCAAAC-1	TGGTCCTTCTGCAAAC-1	8	LGS3	OS	Muller glia	published_fragment_file_unique_RNA_match
8_GTTCTTAGTTGCTTCG-1	GTTCTTAGTTGCTTCG-1	8	LGS3	OS	Muller glia	published_fragment_file_unique_RNA_match
8_CGGACAACAGGATAAC-1	CGGACAACAGGATAAC-1	8	LGS3	OS	Muller glia	published_fragment_file_unique_RNA_match
8_TTGTGTGCACAGGATG-1	TTGTGTGCACAGGATG-1	8	LGS3	OS	Muller glia	published_fragment_file_unique_RNA_match
8_AAAGGCTCACTAGCGT-1	AAAGGCTCACTAGCGT-1	8	LGS3	OS	Muller glia	published_fragment_file_unique_RNA_match
8_CGTGTGTCATAGCGGA-1	CGTGTGTCATAGCGGA-1	8	LGS3	OS	Muller glia	published_fragment_file_unique_RNA_match
8_GGGCATGAGCACAGAA-1	GGGCATGAGCACAGAA-1	8	LGS3	OS	Muller glia	published_fragment_file_unique_RNA_match
8_TAGCAGGCACAGACTC-1	TAGCAGGCACAGACTC-1	8	LGS3	OS	Muller glia	published_fragment_file_unique_RNA_match
8_CGAAGAATCACTAGGT-1	CGAAGAATCACTAGGT-1	8	LGS3	OS	Muller glia	published_fragment_file_unique_RNA_match
8_CGCATTACATGAATAG-1	CGCATTACATGAATAG-1	8	LGS3	OS	Muller glia	published_fragment_file_unique_RNA_match
8_GGATTGCGTAGCCTCC-1	GGATTGCGTAGCCTCC-1	8	LGS3	OS	Muller glia	published_fragment_file_unique_RNA_match
8_GAGTTACTCATCCTCA-1	GAGTTACTCATCCTCA-1	8	LGS3	OS	Muller glia	published_fragment_file_unique_RNA_match
8_TCAAGTATCGCGCTAA-1	TCAAGTATCGCGCTAA-1	8	LGS3	OS	Muller glia	published_fragment_file_unique_RNA_match
8_GGCAAGCCAGAGGGAG-1	GGCAAGCCAGAGGGAG-1	8	LGS3	OS	Muller glia	published_fragment_file_unique_RNA_match
8_GAGATAAGTACTGAAT-1	GAGATAAGTACTGAAT-1	8	LGS3	OS	Muller glia	published_fragment_file_unique_RNA_match
8_AATATCCCATTCCTGT-1	AATATCCCATTCCTGT-1	8	LGS3	OS	Muller glia	published_fragment_file_unique_RNA_match
8_TGATTCAAGTAACCAC-1	TGATTCAAGTAACCAC-1	8	LGS3	OS	Muller glia	published_fragment_file_unique_RNA_match
8_CGGAATCGTAATCACG-1	CGGAATCGTAATCACG-1	8	LGS3	OS	Muller glia	published_fragment_file_unique_RNA_match
8_CTAATCTTCCTTAATC-1	CTAATCTTCCTTAATC-1	8	LGS3	OS	Muller glia	published_fragment_file_unique_RNA_match
8_CACTTAAAGACAACGA-1	CACTTAAAGACAACGA-1	8	LGS3	OS	Muller glia	published_fragment_file_unique_RNA_match
8_TTTATGGAGCATGACT-1	TTTATGGAGCATGACT-1	8	LGS3	OS	Muller glia	published_fragment_file_unique_RNA_match
8_CTGGTAAGTTTGGTTC-1	CTGGTAAGTTTGGTTC-1	8	LGS3	OS	Muller glia	published_fragment_file_unique_RNA_match
8_GAGCGATAGTAACGGA-1	GAGCGATAGTAACGGA-1	8	LGS3	OS	Muller glia	published_fragment_file_unique_RNA_match
8_GGGAGTAGTTGTAACG-1	GGGAGTAGTTGTAACG-1	8	LGS3	OS	Muller glia	published_fragment_file_unique_RNA_match
8_CATAGCTAGGTGTCCA-1	CATAGCTAGGTGTCCA-1	8	LGS3	OS	Muller glia	published_fragment_file_unique_RNA_match
8_GTTGGAGCAGGCATGA-1	GTTGGAGCAGGCATGA-1	8	LGS3	OS	Muller glia	published_fragment_file_unique_RNA_match
8_GTGCCTTTCTAAGGTC-1	GTGCCTTTCTAAGGTC-1	8	LGS3	OS	Muller glia	published_fragment_file_unique_RNA_match
8_GTTAATGTCGTTATAG-1	GTTAATGTCGTTATAG-1	8	LGS3	OS	Muller glia	published_fragment_file_unique_RNA_match
8_ATTCACTTCCGGTATG-1	ATTCACTTCCGGTATG-1	8	LGS3	OS	Muller glia	published_fragment_file_unique_RNA_match
8_GGTGAGGTCGTTACTT-1	GGTGAGGTCGTTACTT-1	8	LGS3	OS	Muller glia	published_fragment_file_unique_RNA_match
8_AACGCTAGTGAGGTGA-1	AACGCTAGTGAGGTGA-1	8	LGS3	OS	Muller glia	published_fragment_file_unique_RNA_match
8_GGTTGCATCCGTTATT-1	GGTTGCATCCGTTATT-1	8	LGS3	OS	Muller glia	published_fragment_file_unique_RNA_match
8_TGGGCCTAGCGGGCAA-1	TGGGCCTAGCGGGCAA-1	8	LGS3	OS	Muller glia	published_fragment_file_unique_RNA_match
8_GATCAGTTCGGTACGC-1	GATCAGTTCGGTACGC-1	8	LGS3	OS	Muller glia	published_fragment_file_unique_RNA_match
8_AAGCTCCCAGCAACAG-1	AAGCTCCCAGCAACAG-1	8	LGS3	OS	Muller glia	published_fragment_file_unique_RNA_match
8_TCCGGTTTCTTTGAGA-1	TCCGGTTTCTTTGAGA-1	8	LGS3	OS	Muller glia	published_fragment_file_unique_RNA_match
8_AAGCGGGTCATAATCG-1	AAGCGGGTCATAATCG-1	8	LGS3	OS	Muller glia	published_fragment_file_unique_RNA_match
8_CTGTAACAGAGGAGTC-1	CTGTAACAGAGGAGTC-1	8	LGS3	OS	Muller glia	published_fragment_file_unique_RNA_match
8_ATGGACAAGCTTAACA-1	ATGGACAAGCTTAACA-1	8	LGS3	OS	Muller glia	published_fragment_file_unique_RNA_match
8_ATGATGGAGCCGCAAC-1	ATGATGGAGCCGCAAC-1	8	LGS3	OS	Muller glia	published_fragment_file_unique_RNA_match
8_GGGTTTGTCTATCGCC-1	GGGTTTGTCTATCGCC-1	8	LGS3	OS	Muller glia	published_fragment_file_unique_RNA_match
8_GAGTTGCGTTGGATCA-1	GAGTTGCGTTGGATCA-1	8	LGS3	OS	Muller glia	published_fragment_file_unique_RNA_match
8_CGCACACAGTAGGATG-1	CGCACACAGTAGGATG-1	8	LGS3	OS	Muller glia	published_fragment_file_unique_RNA_match
8_TGCGGTTCAAGGACCA-1	TGCGGTTCAAGGACCA-1	8	LGS3	OS	Muller glia	published_fragment_file_unique_RNA_match
8_GTTCATTTCTACCTCA-1	GTTCATTTCTACCTCA-1	8	LGS3	OS	Muller glia	published_fragment_file_unique_RNA_match
8_GCCACAATCGACAAAG-1	GCCACAATCGACAAAG-1	8	LGS3	OS	Muller glia	published_fragment_file_unique_RNA_match
8_CAAACGCGTTCCTCCT-1	CAAACGCGTTCCTCCT-1	8	LGS3	OS	Muller glia	published_fragment_file_unique_RNA_match
8_AAGACCAAGGTCATTA-1	AAGACCAAGGTCATTA-1	8	LGS3	OS	Muller glia	published_fragment_file_unique_RNA_match
8_TACATCAAGCCTGTTC-1	TACATCAAGCCTGTTC-1	8	LGS3	OS	Muller glia	published_fragment_file_unique_RNA_match
8_GGAGCGATCAAACCGT-1	GGAGCGATCAAACCGT-1	8	LGS3	OS	Muller glia	published_fragment_file_unique_RNA_match
8_ATTGCAGGTACCGAAC-1	ATTGCAGGTACCGAAC-1	8	LGS3	OS	Muller glia	published_fragment_file_unique_RNA_match
8_AAACCGGCAGTTTGTG-1	AAACCGGCAGTTTGTG-1	8	LGS3	OS	Muller glia	published_fragment_file_unique_RNA_match
8_AAGTTAGCAGTTAAAG-1	AAGTTAGCAGTTAAAG-1	8	LGS3	OS	Muller glia	published_fragment_file_unique_RNA_match
8_GTTACGTAGTTATTCC-1	GTTACGTAGTTATTCC-1	8	LGS3	OS	Muller glia	published_fragment_file_unique_RNA_match
8_TTCGCAACATGTTGCA-1	TTCGCAACATGTTGCA-1	8	LGS3	OS	Muller glia	published_fragment_file_unique_RNA_match
8_GACCTCAAGCCTGTTC-1	GACCTCAAGCCTGTTC-1	8	LGS3	OS	Muller glia	published_fragment_file_unique_RNA_match
8_AGTGATGAGGAGCACG-1	AGTGATGAGGAGCACG-1	8	LGS3	OS	Muller glia	published_fragment_file_unique_RNA_match
8_ACTTATGAGGTCCTAG-1	ACTTATGAGGTCCTAG-1	8	LGS3	OS	Muller glia	published_fragment_file_unique_RNA_match
8_GAGCTAGCAGTTTGGC-1	GAGCTAGCAGTTTGGC-1	8	LGS3	OS	Muller glia	published_fragment_file_unique_RNA_match
8_GCAGCCAGTTCCTGAT-1	GCAGCCAGTTCCTGAT-1	8	LGS3	OS	Muller glia	published_fragment_file_unique_RNA_match
8_CGTGTTACAATGCCCG-1	CGTGTTACAATGCCCG-1	8	LGS3	OS	Muller glia	published_fragment_file_unique_RNA_match
8_AAGCGAGGTAAGCACC-1	AAGCGAGGTAAGCACC-1	8	LGS3	OS	Muller glia	published_fragment_file_unique_RNA_match
8_CAACCCTTCTCAATAG-1	CAACCCTTCTCAATAG-1	8	LGS3	OS	Muller glia	published_fragment_file_unique_RNA_match
8_GGCTGAGAGCGCATTG-1	GGCTGAGAGCGCATTG-1	8	LGS3	OS	Muller glia	published_fragment_file_unique_RNA_match
8_CCATAAATCCCTGATC-1	CCATAAATCCCTGATC-1	8	LGS3	OS	Muller glia	published_fragment_file_unique_RNA_match
8_AACGCCCAGCGAGTAA-1	AACGCCCAGCGAGTAA-1	8	LGS3	OS	Muller glia	published_fragment_file_unique_RNA_match
8_GTTGTGAGTTACCGGG-1	GTTGTGAGTTACCGGG-1	8	LGS3	OS	Muller glia	published_fragment_file_unique_RNA_match
8_GAGTCATTCCCGCATT-1	GAGTCATTCCCGCATT-1	8	LGS3	OS	Muller glia	published_fragment_file_unique_RNA_match
8_CATCCTGGTCACCTAT-1	CATCCTGGTCACCTAT-1	8	LGS3	OS	Muller glia	published_fragment_file_unique_RNA_match
8_CGATTATCATCACAGC-1	CGATTATCATCACAGC-1	8	LGS3	OS	Muller glia	published_fragment_file_unique_RNA_match
8_TTGCATTTCTAAGTGC-1	TTGCATTTCTAAGTGC-1	8	LGS3	OS	Muller glia	published_fragment_file_unique_RNA_match
8_TGGATTCAGCTTATGA-1	TGGATTCAGCTTATGA-1	8	LGS3	OS	Muller glia	published_fragment_file_unique_RNA_match
8_GGCTTCAAGCGATAGA-1	GGCTTCAAGCGATAGA-1	8	LGS3	OS	Muller glia	published_fragment_file_unique_RNA_match
8_TGACTCCTCTCCATGC-1	TGACTCCTCTCCATGC-1	8	LGS3	OS	Muller glia	published_fragment_file_unique_RNA_match
8_TGGATTCAGGGTTAGA-1	TGGATTCAGGGTTAGA-1	8	LGS3	OS	Muller glia	published_fragment_file_unique_RNA_match
8_ACACTTAAGGCAGGTG-1	ACACTTAAGGCAGGTG-1	8	LGS3	OS	Muller glia	published_fragment_file_unique_RNA_match
8_AACCTTGCACATAACT-1	AACCTTGCACATAACT-1	8	LGS3	OS	Muller glia	published_fragment_file_unique_RNA_match
8_CGTTGCGCACAATGTT-1	CGTTGCGCACAATGTT-1	8	LGS3	OS	Muller glia	published_fragment_file_unique_RNA_match
8_CCTACTGGTGTTTCAC-1	CCTACTGGTGTTTCAC-1	8	LGS3	OS	Muller glia	published_fragment_file_unique_RNA_match
8_CTTTAGTTCATTAGTG-1	CTTTAGTTCATTAGTG-1	8	LGS3	OS	Muller glia	published_fragment_file_unique_RNA_match
8_GTACCGGGTTTACTTG-1	GTACCGGGTTTACTTG-1	8	LGS3	OS	Muller glia	published_fragment_file_unique_RNA_match
8_GATGACTTCATGTGGT-1	GATGACTTCATGTGGT-1	8	LGS3	OS	Muller glia	published_fragment_file_unique_RNA_match
8_TGCACTTGTTAGCATG-1	TGCACTTGTTAGCATG-1	8	LGS3	OS	Muller glia	published_fragment_file_unique_RNA_match
8_TTAGGATGTCAATGTG-1	TTAGGATGTCAATGTG-1	8	LGS3	OS	Muller glia	published_fragment_file_unique_RNA_match
8_TGACCTTGTCAAACTG-1	TGACCTTGTCAAACTG-1	8	LGS3	OS	Muller glia	published_fragment_file_unique_RNA_match
8_CCCAAACCAAGCGAGC-1	CCCAAACCAAGCGAGC-1	8	LGS3	OS	Muller glia	published_fragment_file_unique_RNA_match
8_CTTAAGGGTATTTGGG-1	CTTAAGGGTATTTGGG-1	8	LGS3	OS	Muller glia	published_fragment_file_unique_RNA_match
8_CCCAATTGTCACTCGC-1	CCCAATTGTCACTCGC-1	8	LGS3	OS	Muller glia	published_fragment_file_unique_RNA_match
8_GGGAATATCATGCTAA-1	GGGAATATCATGCTAA-1	8	LGS3	OS	Muller glia	published_fragment_file_unique_RNA_match
8_GTGGTTAGTACCGTAA-1	GTGGTTAGTACCGTAA-1	8	LGS3	OS	Muller glia	published_fragment_file_unique_RNA_match
8_GCGTAACGTCCTTCTC-1	GCGTAACGTCCTTCTC-1	8	LGS3	OS	Muller glia	published_fragment_file_unique_RNA_match
8_GAAACTGAGTAACGGA-1	GAAACTGAGTAACGGA-1	8	LGS3	OS	Muller glia	published_fragment_file_unique_RNA_match
8_TGTCATAAGCTATTAG-1	TGTCATAAGCTATTAG-1	8	LGS3	OS	Muller glia	published_fragment_file_unique_RNA_match
8_TACGGTTAGTTGTCTT-1	TACGGTTAGTTGTCTT-1	8	LGS3	OS	Muller glia	published_fragment_file_unique_RNA_match
8_TCAAGACTCATTTGCT-1	TCAAGACTCATTTGCT-1	8	LGS3	OS	Muller glia	published_fragment_file_unique_RNA_match
8_GCGTTTCTCTTAGTGA-1	GCGTTTCTCTTAGTGA-1	8	LGS3	OS	Muller glia	published_fragment_file_unique_RNA_match
8_GCTGACATCCAGGAAA-1	GCTGACATCCAGGAAA-1	8	LGS3	OS	Muller glia	published_fragment_file_unique_RNA_match
8_ACTATCCGTTGAATCG-1	ACTATCCGTTGAATCG-1	8	LGS3	OS	Muller glia	published_fragment_file_unique_RNA_match
8_TGCGGTTCATAATGAG-1	TGCGGTTCATAATGAG-1	8	LGS3	OS	Muller glia	published_fragment_file_unique_RNA_match
8_GTTTAACCAACCCTCC-1	GTTTAACCAACCCTCC-1	8	LGS3	OS	Muller glia	published_fragment_file_unique_RNA_match
8_AGCTAGTTCGAAGCGG-1	AGCTAGTTCGAAGCGG-1	8	LGS3	OS	Muller glia	published_fragment_file_unique_RNA_match
8_GTTGCGGGTCCACAAA-1	GTTGCGGGTCCACAAA-1	8	LGS3	OS	Muller glia	published_fragment_file_unique_RNA_match
8_GAAAGGCTCTTGGATA-1	GAAAGGCTCTTGGATA-1	8	LGS3	OS	Muller glia	published_fragment_file_unique_RNA_match
8_GCCTCCATCTAATCCT-1	GCCTCCATCTAATCCT-1	8	LGS3	OS	Muller glia	published_fragment_file_unique_RNA_match
8_GGAGGTTAGTCTGGGC-1	GGAGGTTAGTCTGGGC-1	8	LGS3	OS	Muller glia	published_fragment_file_unique_RNA_match
8_ATGTTGTCATGAAGTA-1	ATGTTGTCATGAAGTA-1	8	LGS3	OS	Muller glia	published_fragment_file_unique_RNA_match
8_GGTCATTAGAGAGGCT-1	GGTCATTAGAGAGGCT-1	8	LGS3	OS	Muller glia	published_fragment_file_unique_RNA_match
8_CTCACTCAGTCATTGA-1	CTCACTCAGTCATTGA-1	8	LGS3	OS	Muller glia	published_fragment_file_unique_RNA_match
8_CTCCCTGAGCTGCACA-1	CTCCCTGAGCTGCACA-1	8	LGS3	OS	Muller glia	published_fragment_file_unique_RNA_match
8_GCCTGTGCAGGATTAA-1	GCCTGTGCAGGATTAA-1	8	LGS3	OS	Muller glia	published_fragment_file_unique_RNA_match
8_ACTTCGCTCGTGCTAG-1	ACTTCGCTCGTGCTAG-1	8	LGS3	OS	Muller glia	published_fragment_file_unique_RNA_match
8_AGTGAACCAAGTGTTT-1	AGTGAACCAAGTGTTT-1	8	LGS3	OS	Muller glia	published_fragment_file_unique_RNA_match
8_GCTAGCTCATAATGAG-1	GCTAGCTCATAATGAG-1	8	LGS3	OS	Muller glia	published_fragment_file_unique_RNA_match
8_AACCTAATCCTAAGAC-1	AACCTAATCCTAAGAC-1	8	LGS3	OS	Muller glia	published_fragment_file_unique_RNA_match
8_AAGGAAGCAGAACCGA-1	AAGGAAGCAGAACCGA-1	8	LGS3	OS	Muller glia	published_fragment_file_unique_RNA_match
8_GGTTGGTGTAGCTAAT-1	GGTTGGTGTAGCTAAT-1	8	LGS3	OS	Muller glia	published_fragment_file_unique_RNA_match
8_GCTTTACGTCCACAAA-1	GCTTTACGTCCACAAA-1	8	LGS3	OS	Muller glia	published_fragment_file_unique_RNA_match
8_GATAACGAGTCCTTTG-1	GATAACGAGTCCTTTG-1	8	LGS3	OS	Muller glia	published_fragment_file_unique_RNA_match
8_GAGGACTAGGTGCGGA-1	GAGGACTAGGTGCGGA-1	8	LGS3	OS	Muller glia	published_fragment_file_unique_RNA_match
8_ATGGCCGGTCCTAGTT-1	ATGGCCGGTCCTAGTT-1	8	LGS3	OS	Muller glia	published_fragment_file_unique_RNA_match
8_TTTGGTAAGACACCGC-1	TTTGGTAAGACACCGC-1	8	LGS3	OS	Muller glia	published_fragment_file_unique_RNA_match
8_CTCCTCACACGTAAGG-1	CTCCTCACACGTAAGG-1	8	LGS3	OS	Muller glia	published_fragment_file_unique_RNA_match
8_AGTGCACGTTTATCTG-1	AGTGCACGTTTATCTG-1	8	LGS3	OS	Muller glia	published_fragment_file_unique_RNA_match
8_TGATCCTGTCAACAAT-1	TGATCCTGTCAACAAT-1	8	LGS3	OS	Muller glia	published_fragment_file_unique_RNA_match
8_CCAGCCTGTTTCAGGA-1	CCAGCCTGTTTCAGGA-1	8	LGS3	OS	Muller glia	published_fragment_file_unique_RNA_match
8_GGCTCACAGGACTAAG-1	GGCTCACAGGACTAAG-1	8	LGS3	OS	Muller glia	published_fragment_file_unique_RNA_match
8_ATCAAGACAAGTGTCC-1	ATCAAGACAAGTGTCC-1	8	LGS3	OS	Muller glia	published_fragment_file_unique_RNA_match
8_TAGCTAATCGGCCAGT-1	TAGCTAATCGGCCAGT-1	8	LGS3	OS	Muller glia	published_fragment_file_unique_RNA_match
8_CGACTAAGTTGGTTGA-1	CGACTAAGTTGGTTGA-1	8	LGS3	OS	Muller glia	published_fragment_file_unique_RNA_match
8_TTAGGATGTTGGTTGA-1	TTAGGATGTTGGTTGA-1	8	LGS3	OS	Muller glia	published_fragment_file_unique_RNA_match
8_GCTGTAAGTTGCGTAA-1	GCTGTAAGTTGCGTAA-1	8	LGS3	OS	Muller glia	published_fragment_file_unique_RNA_match
8_TCCTCACAGTCTATGA-1	TCCTCACAGTCTATGA-1	8	LGS3	OS	Muller glia	published_fragment_file_unique_RNA_match
