offset	LGS1	LGS2	LGS3	LVG1
-2000	1829	2550	1757	1475
-1999	1962	2832	1916	1421
-1998	1849	2610	1994	1348
-1997	1812	2615	1866	1344
-1996	1745	2558	1857	1301
-1995	1845	2628	1961	1368
-1994	1903	2696	1983	1471
-1993	1729	2596	1750	1375
-1992	1665	2327	1802	1289
-1991	1736	2431	1980	1327
-1990	1699	2427	1814	1357
-1989	1870	2503	1745	1274
-1988	1813	2618	1873	1282
-1987	1747	2388	1737	1287
-1986	1609	2446	1798	1319
-1985	1870	2511	1870	1376
-1984	1740	2629	1827	1346
-1983	1831	2574	1872	1293
-1982	1707	2517	1846	1321
-1981	1656	2382	1691	1272
-1980	1654	2471	1833	1283
-1979	1796	2520	1898	1357
-1978	1840	2537	1869	1344
-1977	1821	2623	1845	1267
-1976	1742	2434	1860	1381
-1975	1698	2375	1804	1397
-1974	1824	2742	1910	1397
-1973	1830	2626	1817	1346
-1972	1846	2584	1872	1334
-1971	1751	2543	1888	1250
-1970	1706	2380	1761	1245
-1969	1774	2522	1819	1355
-1968	1897	2823	2014	1475
-1967	1874	2657	1946	1355
-1966	1707	2500	1913	1312
-1965	1905	2727	1964	1371
-1964	1972	2884	2035	1333
-1963	1758	2366	1754	1286
-1962	1745	2343	1839	1322
-1961	1800	2652	1832	1440
-1960	1756	2441	1783	1288
-1959	1791	2555	1844	1325
-1958	1740	2553	1855	1333
-1957	1820	2611	1911	1432
-1956	1836	2681	1875	1406
-1955	1721	2394	1837	1354
-1954	1726	2631	1809	1386
-1953	1779	2537	1777	1326
-1952	1824	2522	1857	1331
-1951	1822	2714	1965	1387
-1950	1800	2528	1849	1332
-1949	1866	2802	1889	1440
-1948	1772	2697	1972	1380
-1947	2004	2809	2040	1434
-1946	1941	2864	2095	1468
-1945	1860	2645	1917	1384
-1944	1792	2570	1807	1384
-1943	1891	2762	1926	1376
-1942	1926	2823	2002	1487
-1941	1912	2712	2032	1437
-1940	1815	2658	2019	1461
-1939	1745	2543	1788	1310
-1938	1694	2493	1796	1271
-1937	1789	2413	1863	1366
-1936	1884	2698	1927	1371
-1935	1937	2791	2046	1400
-1934	1878	2741	1918	1353
-1933	1760	2594	1912	1423
-1932	1917	2759	2016	1436
-1931	1816	2609	1926	1401
-1930	1955	2798	2045	1427
-1929	1779	2536	1907	1391
-1928	1788	2565	1891	1390
-1927	1873	2555	1944	1364
-1926	1883	2658	1926	1385
-1925	1826	2515	1888	1402
-1924	1783	2601	1853	1362
-1923	1817	2760	2043	1458
-1922	1940	2732	1931	1439
-1921	1892	2624	1939	1431
-1920	1952	2624	1922	1395
-1919	1775	2653	1744	1416
-1918	1813	2498	1844	1430
-1917	1837	2612	1917	1364
-1916	1874	2828	1982	1381
-1915	2013	2908	2046	1430
-1914	1975	2703	1962	1433
-1913	1769	2672	1793	1420
-1912	1768	2519	1781	1300
-1911	1735	2572	1878	1365
-1910	1714	2546	1845	1333
-1909	1881	2651	1958	1396
-1908	1832	2668	1862	1396
-1907	1918	2580	2030	1482
-1906	1803	2665	2001	1375
-1905	1801	2568	1944	1422
-1904	1803	2695	1961	1407
-1903	1822	2762	2036	1431
-1902	1911	2825	2033	1462
-1901	1895	2671	2046	1511
-1900	1733	2501	1836	1359
-1899	1753	2638	1915	1345
-1898	1893	2690	1876	1415
-1897	1911	2776	2000	1470
-1896	1841	2685	1924	1388
-1895	1801	2610	1942	1436
-1894	1798	2486	1847	1251
-1893	1851	2544	1840	1377
-1892	1879	2707	1911	1454
-1891	1833	2677	1872	1447
-1890	1870	2687	1923	1434
-1889	2032	2862	1929	1468
-1888	1947	2716	1985	1376
-1887	1921	2877	2098	1599
-1886	1817	2649	1994	1418
-1885	1852	2537	1968	1320
-1884	1854	2596	1924	1418
-1883	1887	2690	1816	1328
-1882	1818	2791	1961	1411
-1881	1998	2773	1973	1436
-1880	1872	2823	2055	1425
-1879	1969	2732	2053	1480
-1878	1921	2759	2069	1528
-1877	1875	2795	1967	1483
-1876	1934	2779	2013	1400
-1875	1849	2718	1906	1461
-1874	1884	2772	1934	1436
-1873	1980	2726	2005	1517
-1872	1888	2712	1932	1429
-1871	1910	2728	1970	1448
-1870	1896	2605	1932	1360
-1869	1824	2633	1956	1458
-1868	1752	2556	1968	1285
-1867	1852	2618	1913	1438
-1866	1874	2784	2088	1549
-1865	1946	2735	1981	1524
-1864	1990	2951	2073	1525
-1863	1903	2682	2041	1452
-1862	1796	2640	1876	1434
-1861	1846	2618	2001	1406
-1860	1892	2761	1930	1428
-1859	1938	2748	1937	1513
-1858	2020	3004	1993	1590
-1857	1965	2886	2130	1589
-1856	1864	2788	2055	1530
-1855	1907	2494	1939	1393
-1854	1826	2687	1965	1458
-1853	1930	2706	1958	1447
-1852	1855	2744	1926	1378
-1851	1928	2665	1883	1449
-1850	1887	2632	1957	1366
-1849	1877	2688	1929	1443
-1848	2021	2921	2032	1489
-1847	1919	2709	2011	1401
-1846	1932	2741	1943	1447
-1845	1992	2963	2062	1572
-1844	1921	2719	1978	1414
-1843	1989	2924	2119	1586
-1842	1945	2862	2056	1547
-1841	1800	2697	1898	1327
-1840	1750	2632	1991	1418
-1839	1881	2758	2022	1418
-1838	1909	2786	2106	1464
-1837	1945	2643	2032	1513
-1836	1940	2750	1994	1427
-1835	1951	2794	2015	1583
-1834	1914	2765	2047	1508
-1833	1970	2854	1900	1464
-1832	1867	2731	1981	1406
-1831	1892	2666	1921	1398
-1830	1836	2626	1872	1439
-1829	1961	2820	1969	1423
-1828	1963	2863	2077	1525
-1827	1935	2805	1988	1484
-1826	1745	2560	1863	1403
-1825	1830	2725	1925	1406
-1824	1922	2782	1940	1398
-1823	2037	2965	2205	1514
-1822	1931	2777	2039	1517
-1821	1796	2568	1884	1360
-1820	1991	2697	2000	1489
-1819	1948	2772	1958	1475
-1818	1963	2801	1989	1455
-1817	1905	2816	2002	1427
-1816	1918	2630	1957	1397
-1815	1932	2734	2020	1461
-1814	1959	2806	1992	1474
-1813	1902	2699	1988	1458
-1812	1884	2682	1905	1384
-1811	1848	2718	1911	1444
-1810	1931	2717	2035	1399
-1809	2064	2911	2188	1471
-1808	1882	2742	1964	1485
-1807	2001	2820	2089	1431
-1806	2030	2877	2000	1450
-1805	1966	2835	1991	1449
-1804	1901	2782	1970	1433
-1803	1782	2624	1951	1448
-1802	1897	2631	1911	1374
-1801	1867	2586	1937	1401
-1800	1911	2703	1950	1469
-1799	1981	2877	2043	1542
-1798	1928	2665	1930	1397
-1797	1838	2697	1892	1386
-1796	1919	2881	1917	1341
-1795	1809	2619	1868	1423
-1794	1888	2739	1944	1451
-1793	1991	2881	2094	1565
-1792	1932	2774	1978	1476
-1791	1982	2799	2001	1479
-1790	1931	2786	2012	1521
-1789	1991	2792	2100	1472
-1788	1900	2760	1871	1497
-1787	1957	2849	1980	1385
-1786	2086	2771	2007	1531
-1785	1958	2851	2036	1613
-1784	1845	2669	2015	1475
-1783	1895	2702	1941	1389
-1782	1956	2869	1987	1476
-1781	2017	2952	2055	1519
-1780	2096	2922	2167	1591
-1779	1973	2946	2100	1523
-1778	1963	2813	2015	1512
-1777	1962	3004	2089	1529
-1776	1885	2847	1943	1469
-1775	1828	2822	1925	1395
-1774	1849	2815	2024	1395
-1773	1901	2740	2024	1414
-1772	1886	2780	2067	1520
-1771	1936	2775	2060	1452
-1770	1861	2732	1937	1458
-1769	1911	2820	2104	1496
-1768	1870	2788	1982	1482
-1767	1953	2666	1952	1416
-1766	1850	2765	1985	1549
-1765	1994	2758	2048	1416
-1764	1930	2794	2109	1494
-1763	1957	2834	2087	1471
-1762	2026	2874	2078	1563
-1761	1978	2830	2080	1518
-1760	2003	2821	2039	1498
-1759	1997	2891	2152	1480
-1758	1942	2816	1978	1488
-1757	2043	2774	2065	1515
-1756	2009	2884	2151	1419
-1755	2116	2801	2011	1528
-1754	1873	2678	2049	1407
-1753	1750	2660	1906	1339
-1752	1793	2589	1874	1327
-1751	1938	2850	2083	1528
-1750	2062	3061	2218	1548
-1749	2046	3016	2135	1497
-1748	1876	2745	2005	1445
-1747	1852	2663	1951	1467
-1746	1870	2735	2055	1488
-1745	1941	2854	2103	1492
-1744	1973	2858	2058	1464
-1743	1860	2712	1959	1459
-1742	1977	2784	2072	1541
-1741	1947	2856	2063	1427
-1740	1965	2801	1918	1443
-1739	1997	2894	2039	1484
-1738	1920	2836	1927	1492
-1737	1971	2759	1986	1463
-1736	1891	2798	2042	1447
-1735	1957	2696	2059	1431
-1734	2035	2816	2066	1487
-1733	2007	2910	2089	1545
-1732	1985	2868	2009	1520
-1731	1868	2711	1924	1424
-1730	1961	2795	2009	1527
-1729	2026	2872	2100	1520
-1728	1929	2686	2022	1438
-1727	1969	2687	1955	1547
-1726	1982	2739	2227	1556
-1725	1975	2761	2136	1528
-1724	2041	2777	2051	1582
-1723	1925	2722	1899	1438
-1722	1998	2906	2034	1553
-1721	2089	2944	2126	1563
-1720	2122	2997	2096	1565
-1719	1931	2844	2024	1444
-1718	1802	2636	1873	1416
-1717	1830	2691	1914	1383
-1716	1883	2849	2158	1475
-1715	2002	2935	2159	1607
-1714	2038	2787	2162	1494
-1713	1748	2569	1927	1376
-1712	1871	2744	2011	1468
-1711	2039	2934	2189	1474
-1710	1956	2866	2139	1554
-1709	1888	2707	2028	1460
-1708	1868	2692	2014	1405
-1707	2071	2957	2078	1544
-1706	2045	2907	2158	1548
-1705	1997	2784	2126	1501
-1704	2001	2799	2116	1482
-1703	1943	2729	1966	1486
-1702	1993	2882	2139	1516
-1701	1982	3030	2192	1615
-1700	2036	2793	2022	1514
-1699	1851	2770	1995	1475
-1698	1914	2840	2004	1515
-1697	1924	2778	2025	1544
-1696	1930	2868	2020	1514
-1695	1871	2693	1946	1486
-1694	1992	2696	2151	1522
-1693	1980	2924	2071	1578
-1692	1979	2798	2132	1519
-1691	1976	2730	2022	1491
-1690	2004	2904	2095	1550
-1689	2068	2941	2021	1538
-1688	1942	2763	2068	1407
-1687	1978	2737	2003	1594
-1686	1906	2806	1979	1459
-1685	1977	2757	1964	1477
-1684	1974	2803	1913	1388
-1683	2062	2800	2114	1507
-1682	1932	2849	2138	1543
-1681	2010	2790	2038	1551
-1680	1943	2745	2018	1544
-1679	2032	2794	2086	1432
-1678	2048	3036	2213	1569
-1677	1996	2912	2016	1616
-1676	1948	2863	2035	1503
-1675	1854	2818	1887	1550
-1674	1901	2887	2096	1517
-1673	1973	2824	2093	1462
-1672	1997	2823	2000	1519
-1671	2160	3063	2224	1612
-1670	2074	2787	2112	1537
-1669	1766	2495	1902	1486
-1668	1926	2795	2052	1495
-1667	1982	2862	2121	1541
-1666	2033	2960	2095	1541
-1665	2027	2846	2073	1475
-1664	1944	2733	1956	1478
-1663	1988	2952	2139	1555
-1662	1927	2766	2059	1520
-1661	1996	2711	2034	1486
-1660	1957	2772	2023	1488
-1659	1914	2767	2074	1479
-1658	2025	2853	2086	1483
-1657	1905	2788	2064	1521
-1656	2054	2862	2106	1505
-1655	2000	2781	2167	1516
-1654	1912	2764	1953	1508
-1653	1959	2795	1976	1539
-1652	1885	2840	2034	1516
-1651	1827	2760	2047	1432
-1650	1996	2742	2065	1532
-1649	2024	2834	2110	1518
-1648	1973	2832	2076	1517
-1647	1972	2698	1972	1547
-1646	1979	2850	2134	1498
-1645	2102	2952	2159	1644
-1644	1945	2846	2051	1518
-1643	1995	2890	2193	1607
-1642	1957	2808	2035	1496
-1641	2024	2899	2068	1543
-1640	2073	2942	2291	1644
-1639	2052	2858	2079	1598
-1638	2056	2954	2154	1620
-1637	2006	2954	2178	1589
-1636	1999	2860	2014	1513
-1635	2027	3077	2169	1645
-1634	2055	2867	2102	1611
-1633	1951	2819	2052	1548
-1632	2085	3029	2279	1627
-1631	2133	3109	2259	1677
-1630	2118	3064	2176	1697
-1629	2074	2968	2225	1669
-1628	1999	2739	2069	1559
-1627	2110	3085	2246	1608
-1626	1974	2900	2138	1553
-1625	2191	2949	2252	1651
-1624	2028	3068	2124	1598
-1623	2010	2926	2075	1508
-1622	2006	2779	2076	1520
-1621	2091	2982	2142	1614
-1620	2095	3032	2255	1625
-1619	2033	2895	2091	1503
-1618	1975	2797	2065	1497
-1617	1995	2743	1963	1554
-1616	2076	2923	2116	1481
-1615	2112	3017	2228	1569
-1614	2067	2942	2224	1608
-1613	1942	2758	2040	1515
-1612	1955	2682	2107	1385
-1611	1887	2690	1949	1509
-1610	2083	2892	2169	1610
-1609	2154	3005	2170	1619
-1608	2067	2951	2170	1644
-1607	1940	2994	2175	1557
-1606	2027	2959	2091	1600
-1605	2211	3179	2256	1796
-1604	2191	3194	2228	1640
-1603	1972	2780	2057	1506
-1602	2049	2908	2151	1602
-1601	2030	2835	1984	1553
-1600	2083	2986	2232	1594
-1599	2160	2945	2207	1662
-1598	2002	2768	2055	1556
-1597	2078	2768	2082	1523
-1596	2039	2804	2120	1532
-1595	2107	3036	2293	1657
-1594	2127	3086	2214	1668
-1593	1941	2865	2073	1565
-1592	1993	2837	2132	1473
-1591	2035	3001	2132	1521
-1590	2088	2973	2197	1581
-1589	2103	2904	2189	1613
-1588	1876	2658	1972	1524
-1587	1927	2760	2006	1544
-1586	2191	3225	2192	1716
-1585	2078	3018	2236	1639
-1584	1966	2928	2037	1575
-1583	2035	2908	2060	1605
-1582	2006	2936	2118	1622
-1581	2272	3107	2301	1644
-1580	2296	3272	2419	1787
-1579	2110	3202	2311	1708
-1578	2021	2949	2265	1600
-1577	1995	2780	2081	1584
-1576	2012	2851	2149	1565
-1575	2163	3016	2212	1635
-1574	2085	2848	2175	1621
-1573	2101	3096	2241	1680
-1572	2138	2926	2185	1686
-1571	2215	3087	2343	1714
-1570	2236	3172	2290	1650
-1569	2108	3033	2150	1544
-1568	2130	2889	2093	1546
-1567	2030	3004	2183	1583
-1566	2191	3005	2234	1671
-1565	2086	2878	2288	1539
-1564	1896	2687	1920	1501
-1563	2037	2858	2101	1544
-1562	2002	2903	2114	1554
-1561	2065	3078	2270	1635
-1560	2144	3084	2206	1629
-1559	2072	2891	2147	1587
-1558	2191	2952	2263	1695
-1557	2365	3208	2388	1729
-1556	2270	3158	2335	1721
-1555	2199	3156	2335	1714
-1554	2096	2903	2118	1578
-1553	2193	3065	2349	1657
-1552	2153	3202	2240	1685
-1551	2175	3162	2260	1664
-1550	2215	3142	2285	1716
-1549	2071	2874	2261	1583
-1548	2121	3125	2264	1663
-1547	2081	2888	2162	1579
-1546	2202	3168	2264	1605
-1545	2250	3098	2352	1692
-1544	2117	2968	2242	1584
-1543	1959	2972	2146	1607
-1542	1938	2780	2027	1591
-1541	2131	3103	2221	1595
-1540	2210	3099	2360	1745
-1539	2201	3113	2332	1664
-1538	2205	3077	2168	1676
-1537	2155	3008	2234	1626
-1536	2169	3143	2332	1732
-1535	2254	3254	2330	1721
-1534	2179	3078	2342	1689
-1533	2038	2947	2219	1623
-1532	2051	3054	2079	1576
-1531	2163	3207	2292	1660
-1530	2231	3088	2332	1675
-1529	2102	3042	2157	1663
-1528	2026	2895	2129	1584
-1527	2181	3011	2266	1711
-1526	2142	3134	2277	1702
-1525	2186	3074	2345	1729
-1524	2170	3082	2270	1615
-1523	2080	3101	2165	1547
-1522	2183	3125	2261	1649
-1521	2073	2902	2233	1602
-1520	2191	3163	2283	1738
-1519	2245	3225	2385	1772
-1518	2286	3190	2375	1746
-1517	2174	3122	2288	1677
-1516	2178	3126	2336	1623
-1515	2282	3199	2307	1652
-1514	2152	3159	2327	1761
-1513	2346	3379	2482	1835
-1512	2278	3320	2483	1725
-1511	2211	3209	2316	1703
-1510	2298	3318	2422	1808
-1509	2243	3371	2446	1738
-1508	2129	3123	2213	1722
-1507	2031	3009	2279	1656
-1506	2148	3091	2453	1672
-1505	2245	3420	2339	1704
-1504	2233	3168	2292	1739
-1503	2234	3232	2362	1703
-1502	2221	3175	2233	1689
-1501	2194	3162	2339	1686
-1500	2270	3357	2427	1790
-1499	2199	3199	2322	1750
-1498	2178	3063	2395	1782
-1497	2229	3192	2401	1668
-1496	2239	3112	2461	1767
-1495	2268	3235	2453	1811
-1494	2278	3177	2347	1694
-1493	2254	3129	2345	1681
-1492	2302	3237	2479	1718
-1491	2326	3229	2403	1673
-1490	2329	3426	2395	1872
-1489	2282	3174	2288	1723
-1488	2277	3223	2385	1764
-1487	2396	3536	2477	1858
-1486	2345	3330	2466	1859
-1485	2254	3260	2344	1802
-1484	2329	3372	2360	1724
-1483	2358	3474	2567	1871
-1482	2350	3472	2574	1890
-1481	2325	3303	2452	1735
-1480	2317	3274	2500	1812
-1479	2349	3546	2380	1908
-1478	2325	3394	2370	1849
-1477	2391	3391	2450	1855
-1476	2254	3258	2560	1741
-1475	2272	3456	2457	1803
-1474	2478	3576	2721	1934
-1473	2282	3375	2501	1798
-1472	2229	3444	2365	1809
-1471	2361	3414	2470	1755
-1470	2214	3235	2460	1796
-1469	2356	3201	2420	1810
-1468	2324	3195	2518	1848
-1467	2192	3267	2456	1692
-1466	2285	3273	2444	1816
-1465	2359	3408	2458	1862
-1464	2451	3549	2672	1904
-1463	2383	3472	2530	1812
-1462	2342	3341	2419	1778
-1461	2258	3299	2416	1732
-1460	2426	3515	2478	1836
-1459	2542	3504	2533	2013
-1458	2322	3310	2424	1688
-1457	2304	3330	2456	1783
-1456	2220	3123	2484	1736
-1455	2275	3325	2413	1744
-1454	2406	3676	2607	1861
-1453	2475	3528	2659	1935
-1452	2255	3329	2460	1795
-1451	2291	3177	2380	1760
-1450	2194	3091	2423	1727
-1449	2479	3576	2471	1885
-1448	2466	3610	2582	1935
-1447	2354	3449	2502	1842
-1446	2302	3271	2389	1695
-1445	2330	3247	2294	1797
-1444	2448	3383	2553	1845
-1443	2427	3577	2609	1974
-1442	2630	3624	2650	2041
-1441	2479	3437	2582	1894
-1440	2343	3351	2514	1833
-1439	2390	3356	2490	1802
-1438	2385	3389	2620	1918
-1437	2369	3460	2627	1840
-1436	2397	3413	2463	1879
-1435	2412	3483	2409	1845
-1434	2305	3308	2507	1814
-1433	2266	3390	2482	1828
-1432	2401	3401	2501	1848
-1431	2331	3309	2448	1825
-1430	2417	3397	2531	1853
-1429	2428	3494	2430	1850
-1428	2366	3236	2450	1697
-1427	2436	3524	2591	1860
-1426	2362	3358	2503	1759
-1425	2204	3148	2438	1734
-1424	2244	3285	2299	1770
-1423	2547	3556	2672	1941
-1422	2484	3609	2685	1980
-1421	2480	3720	2718	1946
-1420	2482	3562	2634	1933
-1419	2386	3403	2495	1841
-1418	2273	3247	2440	1843
-1417	2332	3339	2573	1846
-1416	2537	3835	2781	2156
-1415	2836	3961	2952	2050
-1414	2497	3604	2578	1958
-1413	2539	3528	2677	1914
-1412	2300	3413	2559	1842
-1411	2459	3618	2708	1951
-1410	2563	3711	2766	1942
-1409	2528	3674	2792	1890
-1408	2522	3639	2670	1898
-1407	2360	3271	2430	1811
-1406	2382	3421	2590	1865
-1405	2549	3564	2667	2048
-1404	2478	3627	2691	1961
-1403	2435	3367	2622	1898
-1402	2332	3314	2471	1761
-1401	2369	3566	2517	1961
-1400	2420	3630	2676	1962
-1399	2526	3594	2638	1974
-1398	2571	3616	2609	1918
-1397	2497	3479	2568	1922
-1396	2383	3380	2674	1999
-1395	2392	3629	2654	1898
-1394	2515	3538	2567	1924
-1393	2541	3695	2822	2023
-1392	2360	3392	2580	1900
-1391	2461	3315	2522	1881
-1390	2459	3662	2619	2041
-1389	2501	3536	2551	2003
-1388	2510	3642	2690	2032
-1387	2342	3557	2569	1934
-1386	2454	3414	2638	1899
-1385	2640	3696	2772	1974
-1384	2561	3629	2738	1946
-1383	2481	3756	2630	2008
-1382	2505	3670	2617	1988
-1381	2508	3566	2656	1926
-1380	2549	3628	2779	2060
-1379	2631	3742	2739	2079
-1378	2575	3632	2697	1879
-1377	2491	3583	2741	2005
-1376	2567	3711	2794	2041
-1375	2614	3811	2688	2029
-1374	2622	3716	2669	2059
-1373	2515	3615	2682	1967
-1372	2478	3645	2744	1961
-1371	2662	3842	2912	2021
-1370	2537	3699	2889	1962
-1369	2628	3860	2665	1972
-1368	2704	3798	2793	2051
-1367	2486	3663	2646	1923
-1366	2547	3499	2667	1943
-1365	2487	3488	2670	1988
-1364	2572	3664	2691	1922
-1363	2506	3628	2638	1894
-1362	2363	3503	2546	1914
-1361	2248	3359	2549	1865
-1360	2402	3565	2604	1959
-1359	2519	3684	2785	1901
-1358	2606	3741	2858	2098
-1357	2585	3734	2767	2074
-1356	2477	3599	2675	1858
-1355	2538	3706	2553	1969
-1354	2677	3670	2835	2056
-1353	2506	3539	2645	1819
-1352	2597	3563	2651	1966
-1351	2542	3728	2810	2034
-1350	2679	3737	2797	2025
-1349	2545	3606	2786	2039
-1348	2531	3589	2619	2080
-1347	2512	3532	2644	1977
-1346	2572	3704	2681	2036
-1345	2501	3623	2708	1967
-1344	2497	3487	2638	1883
-1343	2508	3782	2701	2040
-1342	2545	3634	2651	1964
-1341	2644	3678	2799	2040
-1340	2567	3674	2700	2066
-1339	2422	3499	2615	1909
-1338	2578	3705	2882	2074
-1337	2654	4019	2879	2043
-1336	2794	3995	2966	2120
-1335	2831	4066	2984	2096
-1334	2828	3767	2860	2122
-1333	2613	3836	2894	2014
-1332	2649	3795	2872	2096
-1331	2668	3844	2817	2014
-1330	2628	3769	2768	2109
-1329	2383	3524	2633	1987
-1328	2557	3638	2784	1940
-1327	2597	3573	2700	2045
-1326	2713	3948	2883	2183
-1325	2910	4190	3005	2151
-1324	2529	3717	2813	2035
-1323	2584	3716	2795	1892
-1322	2645	3687	2749	1978
-1321	2650	3817	2853	2024
-1320	2665	3832	2910	2092
-1319	2669	3859	2858	2129
-1318	2731	3969	2996	2213
-1317	2671	3930	2810	2040
-1316	2723	3887	2942	2186
-1315	2541	3776	2804	2074
-1314	2664	3764	2781	2036
-1313	2586	3703	2804	2074
-1312	2531	3775	2684	2028
-1311	2643	3843	2782	2089
-1310	2653	3767	2871	2096
-1309	2540	3741	2821	1951
-1308	2561	3608	2879	1952
-1307	2769	3992	2941	2090
-1306	2666	3953	2918	2154
-1305	2551	3764	2799	2052
-1304	2615	3826	2791	2127
-1303	2731	3841	2949	2262
-1302	2808	4020	2989	2147
-1301	2745	3983	2875	2134
-1300	2418	3519	2679	1952
-1299	2640	3674	2827	2083
-1298	2779	4014	3049	2203
-1297	2822	3970	2930	2119
-1296	2718	3791	3017	2160
-1295	2781	3953	2947	2134
-1294	2610	3753	2743	2076
-1293	2646	3712	2813	2036
-1292	2620	3660	2739	2026
-1291	2620	3697	2831	1954
-1290	2599	3837	2838	2115
-1289	2568	3794	2917	2092
-1288	2567	3736	2728	2084
-1287	2581	3764	2825	1963
-1286	2614	3787	2798	2025
-1285	2801	4058	3044	2238
-1284	2667	3851	2777	2164
-1283	2586	3718	2837	2037
-1282	2565	3613	2756	2115
-1281	2672	3782	2980	2102
-1280	2657	3905	2868	2143
-1279	2638	3691	2822	2064
-1278	2531	3799	2742	2032
-1277	2734	3934	2863	2255
-1276	2823	4050	2902	2166
-1275	2729	4044	2925	2127
-1274	2657	3864	2833	2054
-1273	2723	3962	2870	2078
-1272	2635	3956	2901	2170
-1271	2563	3823	2813	2046
-1270	2674	3835	2872	2067
-1269	2694	3780	2842	2141
-1268	2754	3872	3009	2127
-1267	2709	4036	3011	2152
-1266	2775	3980	2967	2172
-1265	2783	4022	2940	2180
-1264	2729	3890	2958	2133
-1263	2887	4159	3009	2216
-1262	2913	4206	3083	2119
-1261	2866	4150	3050	2150
-1260	2612	3842	2814	2045
-1259	2728	3840	2925	2144
-1258	2732	3976	3009	2186
-1257	2888	4169	3011	2215
-1256	2608	3903	2954	2141
-1255	2601	3737	2874	2111
-1254	2614	3857	2911	2185
-1253	2908	3791	3040	2223
-1252	2840	4145	3131	2128
-1251	2749	3815	3051	2124
-1250	2681	3892	3011	2163
-1249	2730	4110	3018	2277
-1248	2885	4060	3009	2232
-1247	2794	4128	3124	2245
-1246	2701	3942	3020	2256
-1245	2860	4059	3019	2274
-1244	2732	4044	2990	2131
-1243	2774	3923	2829	2048
-1242	2624	3788	2770	2107
-1241	2955	4113	3085	2200
-1240	2830	3974	3005	2166
-1239	2762	3910	3017	2237
-1238	2841	4055	3043	2174
-1237	2750	4063	3087	2219
-1236	2802	3969	3060	2132
-1235	2922	4138	3237	2190
-1234	2819	4243	3070	2360
-1233	2819	4297	3085	2259
-1232	2899	4202	3122	2201
-1231	2790	4087	2976	2184
-1230	2723	3957	3039	2133
-1229	2831	3971	3041	2170
-1228	2730	4025	2898	2257
-1227	2736	3960	3124	2191
-1226	2782	4056	3094	2227
-1225	2801	4038	3087	2195
-1224	2640	3906	2878	2088
-1223	2824	3952	2983	2201
-1222	2817	4076	3074	2299
-1221	2890	4135	3097	2127
-1220	2804	4031	3011	2227
-1219	2706	3830	2890	2104
-1218	2749	3984	3040	2233
-1217	2936	4059	3146	2211
-1216	2898	4248	3190	2306
-1215	2849	4179	3117	2221
-1214	2790	4139	3090	2249
-1213	2858	4191	3136	2292
-1212	2902	4404	3254	2275
-1211	2936	4242	3153	2275
-1210	2981	4109	3169	2293
-1209	2852	4122	3051	2236
-1208	2762	4070	3048	2153
-1207	2799	4205	3153	2301
-1206	3057	4249	3425	2413
-1205	2983	4412	3241	2416
-1204	2811	4249	3125	2378
-1203	2862	4156	2992	2232
-1202	2962	4190	3191	2317
-1201	2846	4146	3160	2272
-1200	2774	4166	3234	2231
-1199	2801	4025	2985	2190
-1198	2874	4228	3177	2302
-1197	2852	4116	3056	2240
-1196	2875	4131	3132	2321
-1195	2850	4218	3128	2281
-1194	2839	4059	3024	2141
-1193	2991	4390	3155	2319
-1192	2892	4127	3225	2321
-1191	2972	4302	3200	2348
-1190	2911	3993	3220	2308
-1189	2835	4122	3153	2283
-1188	2901	4230	3182	2218
-1187	2883	4146	3054	2292
-1186	3036	4353	3355	2335
-1185	2932	4151	3065	2296
-1184	2887	4064	3066	2289
-1183	2921	4186	3176	2419
-1182	3037	4402	3298	2373
-1181	3185	4585	3343	2413
-1180	2936	4129	3195	2268
-1179	2838	4065	3006	2147
-1178	2984	4177	3213	2321
-1177	2948	4267	3088	2193
-1176	2910	4387	3144	2291
-1175	3147	4462	3341	2476
-1174	3143	4527	3474	2454
-1173	2838	4232	3199	2286
-1172	2765	4157	3226	2366
-1171	2986	4218	3240	2318
-1170	2890	4104	3158	2223
-1169	2915	4279	3161	2350
-1168	3059	4452	3218	2437
-1167	3171	4538	3452	2506
-1166	3018	4324	3317	2415
-1165	2919	4039	3103	2284
-1164	3047	4370	3267	2370
-1163	2972	4113	3169	2303
-1162	3027	4259	3269	2360
-1161	3049	4458	3399	2460
-1160	3069	4398	3477	2437
-1159	2894	4243	3184	2236
-1158	2853	4289	3159	2307
-1157	2873	4361	3300	2284
-1156	3319	4632	3480	2533
-1155	3095	4531	3489	2502
-1154	3139	4675	3341	2475
-1153	3135	4513	3478	2440
-1152	3131	4490	3336	2437
-1151	3207	4685	3542	2481
-1150	3165	4584	3368	2440
-1149	3221	4637	3357	2520
-1148	3073	4418	3205	2353
-1147	2970	4375	3302	2367
-1146	3039	4442	3356	2391
-1145	3209	4476	3496	2531
-1144	3244	4749	3548	2535
-1143	3142	4658	3518	2471
-1142	2992	4525	3371	2379
-1141	2982	4335	3336	2409
-1140	3019	4487	3337	2423
-1139	3113	4609	3398	2481
-1138	2991	4278	3238	2441
-1137	3050	4419	3288	2464
-1136	3171	4493	3434	2509
-1135	3308	4668	3483	2491
-1134	3308	4695	3509	2569
-1133	3218	4654	3413	2544
-1132	3159	4556	3454	2505
-1131	3045	4415	3102	2425
-1130	3128	4518	3399	2519
-1129	3050	4421	3307	2457
-1128	3054	4561	3460	2522
-1127	3358	4724	3513	2616
-1126	3335	4722	3521	2641
-1125	3146	4526	3478	2494
-1124	3190	4709	3479	2647
-1123	3139	4615	3420	2450
-1122	3258	4759	3563	2632
-1121	3212	4535	3349	2513
-1120	3150	4579	3391	2466
-1119	3168	4479	3379	2431
-1118	3104	4348	3518	2399
-1117	3376	4784	3662	2558
-1116	3308	4716	3528	2526
-1115	3203	4402	3419	2456
-1114	3176	4419	3444	2372
-1113	3078	4505	3513	2509
-1112	3183	4475	3470	2570
-1111	3070	4552	3429	2479
-1110	3268	4707	3467	2426
-1109	3165	4401	3517	2494
-1108	3239	4481	3464	2431
-1107	3164	4509	3345	2537
-1106	3133	4505	3411	2494
-1105	3195	4533	3434	2482
-1104	3126	4574	3449	2568
-1103	3337	4786	3605	2674
-1102	3249	4758	3714	2493
-1101	3195	4667	3601	2603
-1100	3374	4896	3713	2625
-1099	3386	4800	3595	2684
-1098	3288	4775	3527	2590
-1097	3355	4731	3607	2694
-1096	3186	4485	3509	2577
-1095	3137	4587	3501	2599
-1094	3242	4826	3648	2645
-1093	3203	4737	3542	2558
-1092	3096	4467	3437	2555
-1091	3271	4792	3561	2520
-1090	3339	4747	3524	2582
-1089	3376	4777	3658	2577
-1088	3302	4786	3625	2733
-1087	3245	4774	3570	2548
-1086	3421	4934	3666	2745
-1085	3248	4838	3661	2686
-1084	3361	4897	3809	2535
-1083	3625	5263	4043	2854
-1082	3369	4773	3752	2790
-1081	3312	4787	3622	2625
-1080	3177	4545	3550	2534
-1079	3338	4788	3658	2655
-1078	3364	4780	3696	2641
-1077	3356	4887	3727	2586
-1076	3164	4757	3463	2613
-1075	3294	4764	3572	2646
-1074	3394	4948	3915	2724
-1073	3326	4634	3541	2585
-1072	3204	4788	3630	2662
-1071	3311	4859	3661	2612
-1070	3307	4905	3704	2626
-1069	3453	5022	3741	2691
-1068	3525	5215	3863	2658
-1067	3331	4800	3649	2725
-1066	3355	5038	3595	2734
-1065	3308	4806	3656	2592
-1064	3332	4859	3613	2643
-1063	3266	4864	3586	2513
-1062	3434	5008	3771	2745
-1061	3305	4915	3632	2598
-1060	3405	4953	3708	2754
-1059	3362	4931	3675	2637
-1058	3254	4891	3539	2654
-1057	3381	4940	3747	2748
-1056	3476	5056	3825	2776
-1055	3463	5027	3885	2876
-1054	3370	5110	3815	2839
-1053	3411	4838	3742	2680
-1052	3348	4872	3693	2716
-1051	3233	4850	3617	2634
-1050	3472	5179	3765	2741
-1049	3388	5028	3799	2647
-1048	3315	4805	3695	2766
-1047	3337	4820	3650	2569
-1046	3368	4940	3708	2734
-1045	3500	5218	3919	2798
-1044	3564	5079	3800	2785
-1043	3430	4924	3750	2640
-1042	3515	5319	3925	2791
-1041	3512	5136	3894	2801
-1040	3557	5230	3942	2869
-1039	3479	5184	3946	2838
-1038	3456	5056	3764	2676
-1037	3223	4683	3610	2585
-1036	3494	4999	3685	2702
-1035	3778	5479	4172	2961
-1034	3695	5255	3860	2823
-1033	3467	5028	3706	2802
-1032	3275	4938	3736	2776
-1031	3343	5087	3827	2779
-1030	3427	5090	3718	2860
-1029	3502	5071	3720	2708
-1028	3527	5108	3776	2813
-1027	3423	4942	3813	2744
-1026	3459	4948	3695	2692
-1025	3498	5001	3911	2757
-1024	3485	5131	3952	2796
-1023	3505	5059	3777	2835
-1022	3532	5065	3925	2784
-1021	3460	5138	3695	2805
-1020	3633	5402	4043	2962
-1019	3555	5387	4060	2942
-1018	3699	5316	3994	2903
-1017	3549	5148	4010	2875
-1016	3490	4977	3843	2816
-1015	3491	5098	4009	2771
-1014	3791	5444	4087	3017
-1013	3639	5367	4023	2906
-1012	3569	5339	4068	2904
-1011	3574	5245	3911	2972
-1010	3541	5161	3875	2959
-1009	3468	5165	3852	2863
-1008	3565	5338	4087	2827
-1007	3737	5620	4219	3040
-1006	3659	5328	4127	3050
-1005	3783	5621	4178	2932
-1004	3671	5466	3977	2975
-1003	3557	5051	3900	2854
-1002	3689	5381	4106	2985
-1001	3783	5645	4175	3166
-1000	3886	5677	4397	3091
-999	3702	5426	4016	2922
-998	3495	5186	3921	2796
-997	3626	4922	4022	2792
-996	3670	5402	4098	2979
-995	3804	5680	4234	3042
-994	3953	5612	4286	3083
-993	3660	5353	4068	2967
-992	3622	5259	4060	2776
-991	3670	5575	4072	3003
-990	4081	5688	4475	3325
-989	3983	5881	4411	3293
-988	3718	5571	4178	3028
-987	3542	5118	3928	2928
-986	3657	5571	4150	3026
-985	3835	5505	4305	3008
-984	3876	5742	4124	3157
-983	3936	5740	4189	3192
-982	3782	5484	4117	3123
-981	3826	5536	4179	3158
-980	3933	5763	4400	3174
-979	3851	5742	4404	3174
-978	3773	5268	4070	2939
-977	3655	5278	3971	2969
-976	3980	5946	4276	3180
-975	3823	5698	4259	3101
-974	3725	5349	4012	3113
-973	3813	5628	4114	3083
-972	3700	5274	4051	3009
-971	3901	5673	4236	3138
-970	3826	5529	4141	3105
-969	3912	5655	4297	3061
-968	3946	5737	4313	3278
-967	3824	5551	4310	3124
-966	3917	5795	4266	3116
-965	3999	5802	4428	3202
-964	3789	5563	4114	3061
-963	3686	5399	4043	3063
-962	3889	5638	4224	3161
-961	3878	5678	4342	3142
-960	3976	5765	4246	3033
-959	3852	5448	4203	3073
-958	3818	5609	4301	3087
-957	3890	5615	4413	3243
-956	3918	5742	4348	3211
-955	4032	5818	4352	3088
-954	3957	5784	4394	3234
-953	3943	5790	4330	3185
-952	3907	5558	4148	3048
-951	3985	5786	4317	3160
-950	3995	5902	4304	3173
-949	3947	5791	4392	3231
-948	3913	5749	4327	3175
-947	3836	5501	4394	3137
-946	4158	5934	4500	3276
-945	4013	5714	4387	3246
-944	3842	5681	4264	3091
-943	3943	5800	4342	3190
-942	4148	5800	4510	3263
-941	4120	5926	4502	3308
-940	3949	5827	4454	3187
-939	3880	5847	4397	3199
-938	3903	5477	4312	3191
-937	3943	5632	4376	3276
-936	4221	6339	4792	3426
-935	4176	6305	4661	3303
-934	4006	5667	4488	3186
-933	4008	5893	4478	3218
-932	3939	5854	4370	3288
-931	4205	6070	4538	3347
-930	4013	5894	4504	3233
-929	3890	5748	4405	3176
-928	3872	5739	4321	3175
-927	3947	5816	4569	3234
-926	4046	5797	4409	3175
-925	4065	5995	4499	3317
-924	4135	6064	4615	3435
-923	4178	6009	4544	3333
-922	4098	5952	4461	3337
-921	4042	5869	4324	3231
-920	4205	6181	4728	3397
-919	4262	6128	4572	3323
-918	4035	5917	4559	3177
-917	4347	6133	4686	3451
-916	4253	6145	4815	3452
-915	4283	6233	4696	3367
-914	4426	6308	4711	3349
-913	4149	6000	4652	3292
-912	4045	6151	4737	3378
-911	4021	6085	4571	3144
-910	4314	6081	4743	3306
-909	4215	6279	4822	3560
-908	4169	6213	4742	3423
-907	4227	6260	4772	3411
-906	4237	6177	4654	3296
-905	4165	6122	4651	3219
-904	4304	6291	4910	3434
-903	4137	5948	4626	3279
-902	4273	6080	4616	3435
-901	4208	6177	4741	3617
-900	4070	6120	4683	3344
-899	4324	6131	4629	3432
-898	4364	6395	4794	3673
-897	4276	6404	4829	3486
-896	4087	6026	4484	3205
-895	4268	6258	4592	3406
-894	4292	6392	4755	3455
-893	4446	6287	5040	3621
-892	4487	6443	4815	3529
-891	4358	6305	5001	3575
-890	4323	6408	4693	3503
-889	4351	6251	4777	3471
-888	4377	6517	4977	3566
-887	4378	6499	4715	3642
-886	4213	6243	4730	3357
-885	4397	6332	4786	3445
-884	4261	6499	4723	3576
-883	4288	6366	4573	3441
-882	4253	6160	4788	3399
-881	4385	6268	4859	3416
-880	4313	6327	4779	3581
-879	4316	6342	4832	3493
-878	4462	6434	4880	3487
-877	4351	6224	4855	3425
-876	4261	6369	4758	3406
-875	4440	6417	4928	3545
-874	4455	6389	4970	3557
-873	4723	6848	5224	3832
-872	4575	6927	5227	3821
-871	4400	6477	4868	3587
-870	4461	6575	4992	3556
-869	4293	6298	4927	3551
-868	4571	6583	4891	3650
-867	4452	6581	5034	3822
-866	4352	6213	4825	3616
-865	4554	6501	5067	3517
-864	4503	6596	5048	3703
-863	4384	6270	4726	3599
-862	4607	6697	4920	3784
-861	4682	6779	5295	3882
-860	4478	6749	5161	3833
-859	4352	6447	4961	3524
-858	4285	6296	4895	3522
-857	4581	6676	5010	3585
-856	4602	6880	5178	3767
-855	4732	6969	5269	3855
-854	4763	7005	5381	3916
-853	4588	6772	5207	3799
-852	4537	6595	4986	3643
-851	4718	6896	5285	3851
-850	4764	6905	5295	3862
-849	4802	7060	5294	3856
-848	4775	7038	5306	3867
-847	4685	7085	5199	3825
-846	4728	6879	5180	3850
-845	4767	7009	5280	3902
-844	4575	6898	5303	3803
-843	4673	6736	5209	3653
-842	4502	6626	5001	3677
-841	4527	6525	4940	3723
-840	4671	6838	5339	3876
-839	4917	7065	5436	3980
-838	4942	7127	5547	4039
-837	4774	6958	5224	3904
-836	4545	6843	5120	3907
-835	4567	6786	4940	3664
-834	4870	7177	5346	3923
-833	4671	6814	5232	3748
-832	4548	6724	5107	3925
-831	4768	6858	5197	3882
-830	4779	6968	5253	3775
-829	4742	6964	5410	3948
-828	4810	7015	5269	3789
-827	4954	7018	5353	3873
-826	4783	7237	5276	3968
-825	4885	7019	5451	3968
-824	4701	6894	5323	3898
-823	4829	7277	5509	4040
-822	4902	7169	5428	3954
-821	4689	7043	5367	3888
-820	4945	7209	5515	4064
-819	5007	7154	5599	3995
-818	4676	7099	5385	3919
-817	4946	7080	5423	3943
-816	4582	7100	5153	3925
-815	4923	7070	5284	3951
-814	4477	6727	5214	3740
-813	4888	6898	5351	4002
-812	4814	7026	5335	3958
-811	4786	7137	5381	3914
-810	4879	7332	5401	4180
-809	4811	7238	5414	4058
-808	4858	7194	5361	3969
-807	5090	7251	5610	4229
-806	4918	7105	5484	4051
-805	4860	6994	5322	3997
-804	4820	7185	5597	4014
-803	5133	7469	5588	4229
-802	4936	7184	5437	4172
-801	4610	6759	5258	3894
-800	4776	7037	5381	4007
-799	4950	7232	5571	4079
-798	5051	7226	5487	3963
-797	5207	7350	5603	4033
-796	4896	7253	5580	4167
-795	5018	7275	5498	4061
-794	5011	7447	5596	4080
-793	5177	7382	5562	4067
-792	5159	7352	5655	4221
-791	5265	7796	5803	4257
-790	4904	7348	5667	4054
-789	4894	7156	5496	4084
-788	5100	7396	5602	4130
-787	4975	7434	5674	4318
-786	5205	7614	5719	4233
-785	5244	7403	5702	4118
-784	5042	7358	5683	4028
-783	5094	7290	5431	4094
-782	5104	7497	5552	4241
-781	4887	7474	5474	4151
-780	5000	7391	5791	4131
-779	5066	7510	5875	4137
-778	5051	7484	5742	4202
-777	5230	7513	5860	4297
-776	4986	7426	5850	4255
-775	5006	7386	5605	4238
-774	5195	7698	5758	4276
-773	5364	7748	5889	4494
-772	5451	8180	6080	4414
-771	5561	7966	6107	4417
-770	5237	7781	5922	4307
-769	5180	7586	5926	4337
-768	5511	7829	5898	4449
-767	5273	7699	5795	4360
-766	5408	8057	6093	4448
-765	5371	7851	5794	4269
-764	5244	7621	5872	4227
-763	5324	7840	6048	4463
-762	5513	8028	6040	4459
-761	5214	7835	5875	4355
-760	5336	7724	5926	4315
-759	5293	7787	5837	4276
-758	5315	8068	6094	4420
-757	5408	7801	5918	4418
-756	5313	7804	6041	4428
-755	5251	7902	5979	4378
-754	5518	8056	6058	4489
-753	5542	8013	6036	4522
-752	5281	7642	5670	4297
-751	5422	7823	6121	4435
-750	5601	8209	6218	4433
-749	5509	8040	6022	4440
-748	5664	8088	6216	4522
-747	5421	7654	5896	4423
-746	5546	8255	6160	4598
-745	5467	8047	6042	4526
-744	5697	8407	6457	4578
-743	5643	8453	6351	4704
-742	5391	8087	6290	4604
-741	5516	7822	6032	4454
-740	5416	7966	6204	4632
-739	5934	8670	6430	4593
-738	5708	8321	6373	4660
-737	5535	8195	6207	4555
-736	5706	8528	6358	4863
-735	5515	8150	6165	4677
-734	5546	8186	6176	4601
-733	5846	8313	6363	4750
-732	5739	8356	6338	4718
-731	5815	8447	6604	4751
-730	5550	8196	6229	4686
-729	5633	8345	6317	4496
-728	5767	8640	6486	4564
-727	5796	8624	6518	4794
-726	5934	8637	6729	4819
-725	5626	8326	6275	4765
-724	5647	8320	6272	4675
-723	5889	8493	6529	4733
-722	5853	8629	6745	4834
-721	5684	8597	6621	4813
-720	5544	8278	6262	4661
-719	5419	8350	6391	4711
-718	5815	8744	6705	4864
-717	6027	8979	6756	5016
-716	5864	8746	6527	5002
-715	5763	8686	6546	4814
-714	5843	8482	6414	4825
-713	5850	8518	6531	4934
-712	5919	8771	6728	5013
-711	5823	8573	6549	4952
-710	5891	8416	6496	4670
-709	5802	8744	6594	4817
-708	5843	8820	6739	5047
-707	5888	8772	6648	4837
-706	5981	8890	6806	4977
-705	5882	8815	6803	4799
-704	5857	8669	6594	4855
-703	5994	8959	6781	4923
-702	5921	8774	6555	4910
-701	5855	8562	6632	4808
-700	6091	8751	6753	4981
-699	6024	8717	6878	4941
-698	6107	8807	6847	5002
-697	6035	9106	6913	4961
-696	6060	8883	6731	4956
-695	6071	8997	6693	4988
-694	5823	8379	6755	4963
-693	5965	8894	6816	5163
-692	6115	9051	6832	5066
-691	5941	8943	6749	5058
-690	6167	9005	6873	5173
-689	6200	9480	6955	5183
-688	6157	8990	6818	5063
-687	6089	9022	6812	5150
-686	6096	8908	6893	4928
-685	5932	8999	6840	5076
-684	6248	9221	6938	5304
-683	6226	9254	6955	5056
-682	6285	8923	6936	5114
-681	6054	8979	6866	5148
-680	6198	9293	6986	5048
-679	6314	9282	7212	5320
-678	6210	9135	7031	5043
-677	6383	9190	7009	5197
-676	6377	9640	7346	5374
-675	6448	9386	7359	5278
-674	6435	9715	7149	5198
-673	6360	9243	7022	5248
-672	6351	9203	6951	5329
-671	6262	9452	6896	5133
-670	6339	9511	7320	5218
-669	6519	9667	7234	5251
-668	6424	9446	7119	5229
-667	6391	9436	7110	5341
-666	6407	9432	7319	5415
-665	6035	9113	7064	5342
-664	6315	9433	7078	5357
-663	6290	9435	7123	5281
-662	6427	9382	7166	5508
-661	6602	9712	7458	5559
-660	6575	9855	7507	5212
-659	6414	9291	7253	5238
-658	6342	9468	7134	5316
-657	6793	10027	7594	5638
-656	6505	9684	7369	5437
-655	6476	9603	7276	5329
-654	6754	9823	7431	5475
-653	6686	10083	7381	5366
-652	6415	9510	7169	5347
-651	6576	9773	7291	5396
-650	6652	9880	7473	5559
-649	6553	9714	7472	5418
-648	6605	9911	7350	5616
-647	6712	9930	7447	5605
-646	6581	9771	7562	5520
-645	6266	9172	7045	5264
-644	6386	9191	7393	5508
-643	6684	9622	7420	5443
-642	6614	10046	7667	5557
-641	6787	10185	7493	5537
-640	6806	9808	7560	5357
-639	6632	9878	7520	5454
-638	6844	10183	7729	5708
-637	6743	9995	7556	5650
-636	6769	10014	7507	5593
-635	6565	9826	7500	5659
-634	6703	9825	7569	5737
-633	6686	9901	7398	5554
-632	6612	9944	7668	5539
-631	6763	10344	7699	5741
-630	6620	9803	7660	5483
-629	6653	9562	7364	5457
-628	6787	9987	7732	5662
-627	7063	10523	7862	5825
-626	7006	10632	7862	5605
-625	6987	10608	7764	6004
-624	6793	10343	7801	5606
-623	6920	10481	7734	5593
-622	6905	10303	7860	5866
-621	7057	10445	8034	6006
-620	7073	10315	7890	5751
-619	7095	10660	7942	5837
-618	7111	10655	7870	5787
-617	6795	10442	7505	5701
-616	6891	10167	7853	5677
-615	6708	10138	7790	5812
-614	7051	10555	8040	5835
-613	7154	10574	7910	5747
-612	7256	11097	8198	6142
-611	7443	11324	8280	6243
-610	7064	10575	8033	5943
-609	7035	10281	7777	5702
-608	7089	10459	7927	5765
-607	7086	10603	8050	5951
-606	7165	10594	8136	5909
-605	7480	11102	8186	6021
-604	7080	10704	8074	5881
-603	7018	10523	7742	5793
-602	7090	10470	8083	5915
-601	7234	10679	8330	5898
-600	7070	10697	8041	6115
-599	7106	10775	8087	5858
-598	7215	10896	8118	5948
-597	7157	10529	8012	5848
-596	7083	10764	8212	6029
-595	7283	10723	8183	6022
-594	7215	10987	8128	6022
-593	7331	10742	8058	6063
-592	7403	10722	8128	6020
-591	7320	11092	8297	6186
-590	7402	11056	8334	6085
-589	7192	11023	8284	6065
-588	7219	10626	7873	6001
-587	7051	10824	8037	5962
-586	7375	11222	8316	6185
-585	7330	11244	8428	6189
-584	7409	11238	8278	6085
-583	7829	11503	8728	6368
-582	7496	11132	8197	6247
-581	7274	10745	8141	5935
-580	7095	10588	8134	6037
-579	7761	11675	8783	6436
-578	7732	11864	8757	6575
-577	7610	11308	8611	6311
-576	7104	10879	8324	6075
-575	7540	11203	8393	6176
-574	7848	11485	8775	6372
-573	8047	11881	8859	6465
-572	7880	11652	8914	6457
-571	7758	11609	8601	6379
-570	7445	11646	8893	6185
-569	7628	11495	8642	6293
-568	7492	11274	8532	6261
-567	7949	11912	8798	6438
-566	7702	11707	8863	6364
-565	7383	11133	8408	6097
-564	7352	11116	8403	6179
-563	7556	11535	8611	6318
-562	7701	11676	8814	6310
-561	7994	12133	9144	6691
-560	7687	11695	8866	6465
-559	7588	11146	8451	6373
-558	7754	11687	8832	6400
-557	8063	12181	9198	6603
-556	8276	12190	9291	6833
-555	7832	11722	8654	6507
-554	7701	11424	8367	6327
-553	7849	11656	8878	6403
-552	7886	11773	8969	6551
-551	8401	12555	9320	6861
-550	7871	12068	9147	6779
-549	7925	12016	9034	6636
-548	8113	11888	9146	6747
-547	7812	11781	8889	6558
-546	8061	12166	9137	6782
-545	8294	12215	9286	7067
-544	8042	12641	9333	6863
-543	8241	12184	9338	6622
-542	7759	11943	8953	6639
-541	8118	12584	9363	6684
-540	8143	12444	9386	6755
-539	8113	12284	9384	6693
-538	8413	12490	9571	6877
-537	8256	12437	9369	6849
-536	8384	12525	9578	6966
-535	8365	12785	9696	7256
-534	8660	13113	9918	7160
-533	8585	12716	9506	6947
-532	8312	12526	9393	7010
-531	8164	12445	9252	6927
-530	8508	13088	9640	7192
-529	8547	13019	9669	7341
-528	8707	13165	9944	7195
-527	8763	13293	9954	7322
-526	8500	12818	9568	7042
-525	8710	13220	9725	7152
-524	8384	12494	9359	7115
-523	8183	12188	9438	6932
-522	8821	13016	9787	7254
-521	8478	12499	9675	6993
-520	8875	12989	9864	7402
-519	8884	13337	10065	7277
-518	8654	13029	9757	7146
-517	8531	13188	9606	7170
-516	8704	13210	9938	7270
-515	8620	13068	9941	7268
-514	8491	13004	9597	7220
-513	8796	12992	9777	7174
-512	9157	13844	10448	7480
-511	8802	13237	10169	7306
-510	9202	13539	10117	7469
-509	9045	13448	10240	7262
-508	8595	13105	9923	7319
-507	9041	13706	10239	7570
-506	8566	13004	9751	7180
-505	8711	13563	9881	7189
-504	8752	13369	10189	7508
-503	9022	13684	10260	7573
-502	9081	13786	10104	7513
-501	8942	13315	10265	7408
-500	9037	13689	10333	7596
-499	9140	13936	10455	7457
-498	9069	13739	10172	7462
-497	9285	14207	10514	7841
-496	9502	14266	10688	7753
-495	9106	13652	10268	7736
-494	9022	13962	10535	7771
-493	9055	13844	10574	7526
-492	8973	13403	10243	7408
-491	8909	13214	9944	7297
-490	9215	14008	10659	7693
-489	9247	13990	10582	7750
-488	9230	14114	10529	7851
-487	9515	14227	10602	7822
-486	9173	13832	10545	7592
-485	9035	13791	10474	7632
-484	9534	14165	10548	7577
-483	9357	14095	10617	7666
-482	9530	14367	10850	7959
-481	9290	14331	10675	7871
-480	9251	14086	10657	7625
-479	9467	14430	10742	7659
-478	9625	14480	10976	7639
-477	9615	14579	10751	7993
-476	9665	14398	10948	8107
-475	9715	14349	10743	7828
-474	9275	14073	10350	7836
-473	9399	13683	10515	7830
-472	9887	14803	10998	8076
-471	9970	14956	11045	8076
-470	9892	14863	11200	8206
-469	9960	15062	11445	8504
-468	9813	15018	11151	8255
-467	9920	14527	11213	8231
-466	9885	14693	11148	8248
-465	9951	14841	11023	8067
-464	10141	15339	11430	8119
-463	9792	15040	11319	8106
-462	9876	15088	11200	8320
-461	9596	14500	10948	8083
-460	9998	15067	11197	8099
-459	10010	15335	11230	8150
-458	9913	15024	11331	8392
-457	10385	15545	11767	8473
-456	10119	15349	11493	8590
-455	9987	15168	11173	8312
-454	9862	15168	11209	8225
-453	10026	15188	11371	8305
-452	10556	15772	11733	8716
-451	10124	15604	11600	8445
-450	10349	15604	11684	8385
-449	10135	15750	11617	8537
-448	10034	15283	11490	8296
-447	10277	14852	11370	8277
-446	9931	15034	11306	8278
-445	10073	15384	11423	8455
-444	10106	15348	11551	8337
-443	10289	15761	11632	8686
-442	10537	16264	11851	8799
-441	10283	15531	11518	8511
-440	10345	16068	11816	8641
-439	10784	16279	12283	8732
-438	10383	15892	11921	8575
-437	10194	15665	11939	8554
-436	10361	15469	11658	8588
-435	10417	15734	12149	8616
-434	10910	16817	12409	9100
-433	10565	16462	12084	8719
-432	10736	16138	12069	8688
-431	10943	16546	12126	8581
-430	10540	16156	12135	8937
-429	10729	16155	12014	8764
-428	10491	16402	12344	8873
-427	10581	16431	11986	8800
-426	10743	16004	12311	8822
-425	10848	16353	12164	8987
-424	10494	15939	12042	8854
-423	10601	16279	12033	8714
-422	10840	16612	12299	9043
-421	10943	16555	12145	8886
-420	11044	16402	12502	9046
-419	10874	16643	12643	9287
-418	11135	16724	12540	8952
-417	11598	17496	13072	9441
-416	11303	17465	12657	9365
-415	10792	16283	11970	8682
-414	10906	16635	12335	8824
-413	11271	17148	12663	9089
-412	11062	17107	12917	9272
-411	11305	17530	12839	9333
-410	11422	17008	12725	9211
-409	11278	17223	12915	9405
-408	11078	16805	12557	8940
-407	11187	17191	12405	9052
-406	11071	17074	12770	8988
-405	11691	17570	13026	9426
-404	11721	17560	13375	9403
-403	11600	17491	13063	9388
-402	11417	17467	12673	9241
-401	11609	17350	13197	9436
-400	11778	17609	12778	9532
-399	11651	18054	13061	9451
-398	11753	17891	13304	9456
-397	11869	18421	13570	9945
-396	11518	17865	13279	9598
-395	11785	17897	13421	9410
-394	11969	18248	13475	9591
-393	12045	18482	13546	9851
-392	11830	17932	13192	9712
-391	11615	17969	13200	9569
-390	12017	18311	13406	9836
-389	12184	18724	13771	9775
-388	11943	18553	13752	9721
-387	11784	17883	13221	9593
-386	11839	18050	13189	9733
-385	12237	18162	13720	9772
-384	11842	18222	13403	9796
-383	12052	18586	13528	9771
-382	12274	18527	13832	9842
-381	11972	18192	13315	9770
-380	11956	18232	13588	9719
-379	12468	18908	13991	10069
-378	12683	19556	14195	10044
-377	12443	18870	13762	9894
-376	11861	18344	13353	9905
-375	12346	18721	14128	10023
-374	12500	19232	14437	10388
-373	12672	19066	14468	10412
-372	12735	19815	14615	10657
-371	12671	19596	14524	10112
-370	12445	19015	14174	10012
-369	12808	19360	14230	10178
-368	12516	19313	14271	10220
-367	12931	19640	14373	10437
-366	12928	19997	14872	10666
-365	13073	19924	14670	10406
-364	13116	19984	14881	10719
-363	13113	19900	14852	10794
-362	13214	19907	14821	10845
-361	13399	20396	15106	10822
-360	13043	19818	14553	10470
-359	12925	19504	14632	10641
-358	12900	19916	14778	10788
-357	13236	20288	15041	10797
-356	13622	20929	15292	10765
-355	13113	20417	14905	10723
-354	12972	20276	14940	10746
-353	13126	20508	15001	10643
-352	13501	20696	15458	10937
-351	13776	21343	15690	11313
-350	13548	21246	15529	10918
-349	13561	20547	15324	10982
-348	13904	21125	15735	11094
-347	13756	21183	15497	11067
-346	14007	21387	15649	11336
-345	14029	21478	15770	11344
-344	14088	21264	15611	11122
-343	13963	21907	16104	11462
-342	13893	21793	15879	11486
-341	14387	21683	16064	11645
-340	14085	21568	15989	11524
-339	13612	20872	15482	11002
-338	14252	21976	15910	11599
-337	14286	21734	15916	11489
-336	13867	21511	15732	11356
-335	14161	21867	16021	11271
-334	14023	21546	15793	11436
-333	14322	21878	16069	11479
-332	14017	21556	16084	11370
-331	13990	21696	16085	11382
-330	14152	21976	16427	11649
-329	14683	21910	16387	11555
-328	15331	23388	17314	12131
-327	15038	23227	16982	12106
-326	14705	22541	16854	12235
-325	14585	22706	16768	12190
-324	14603	22621	16399	11689
-323	15181	23243	17045	12032
-322	14839	23035	16975	11804
-321	15048	23240	17064	12158
-320	15347	23555	17302	12348
-319	15273	23199	17417	12213
-318	15404	23732	17270	12319
-317	15255	23775	17097	12463
-316	15179	23101	16836	12302
-315	15179	23405	17044	12359
-314	15225	23385	17068	12214
-313	15258	23247	17243	12322
-312	15369	23251	16991	12390
-311	15224	23167	16871	12369
-310	15284	23309	17115	12180
-309	15380	23672	17263	12265
-308	15616	23810	17821	12723
-307	15671	24198	18002	12666
-306	15732	23791	17620	12711
-305	16121	24375	17891	12758
-304	15705	24311	17851	12855
-303	15999	24637	18047	13015
-302	16483	25213	18528	13364
-301	16040	24949	18113	13175
-300	16199	24440	17951	13010
-299	16384	25173	18194	12874
-298	16096	24572	17936	13028
-297	16369	25467	18262	13290
-296	16685	25316	18522	13110
-295	16215	24331	18072	12868
-294	16647	25090	18533	13312
-293	16328	25163	18306	13031
-292	16120	25272	18172	12921
-291	16435	25475	18468	13217
-290	16455	25050	18572	13097
-289	16524	25177	18106	13324
-288	16447	24767	18702	13154
-287	16326	25048	18238	12981
-286	16795	25508	18657	13538
-285	16716	25364	18813	13613
-284	16917	26254	18910	13752
-283	17027	26220	19194	13528
-282	16764	25118	18238	12892
-281	16841	25525	18726	13407
-280	16928	25623	18770	13278
-279	16824	25649	18560	13254
-278	16628	25189	18248	13176
-277	16902	25811	19128	13526
-276	17492	26620	19734	14218
-275	17425	26876	19202	13970
-274	17201	26574	19278	13868
-273	17523	26494	19436	13780
-272	17278	26301	19182	13642
-271	17627	27174	19811	14146
-270	18066	27480	20027	14303
-269	17605	26863	19766	14022
-268	17205	26605	19261	13752
-267	17243	27038	19530	14091
-266	17201	25673	19093	13544
-265	17244	26746	19224	14031
-264	17743	27342	19589	14313
-263	17813	27246	19722	14284
-262	17775	27247	19690	13964
-261	18049	27609	19994	14259
-260	17908	27357	19615	14218
-259	17820	27398	20339	14279
-258	17502	27253	19966	14176
-257	17650	26795	19770	13958
-256	18079	27575	20001	14378
-255	17886	27235	20170	14275
-254	17938	27592	19884	14339
-253	17925	27245	19814	14326
-252	17851	27209	19764	14247
-251	17985	27291	20145	14326
-250	17819	28024	19937	14520
-249	18451	28787	20523	14770
-248	18737	28160	20289	14443
-247	18258	28067	20113	14586
-246	18435	28373	20981	15037
-245	18652	28718	20536	14953
-244	19159	28868	21384	14974
-243	18991	29203	20974	14910
-242	18898	28512	20763	14924
-241	18628	28278	20638	14619
-240	18869	28363	20473	14857
-239	18862	28836	20717	14886
-238	19386	29605	21231	15385
-237	19768	30065	21983	15651
-236	19121	29131	21140	15368
-235	19095	29126	21087	15164
-234	19124	29108	21181	15041
-233	18702	28449	20949	14679
-232	19086	28829	21183	14994
-231	19770	29374	21373	15406
-230	19358	29498	21334	15069
-229	19242	29368	21468	15334
-228	19148	28769	20979	15274
-227	19855	30291	21857	15745
-226	20197	30646	22024	15898
-225	19931	30195	21811	15768
-224	19910	29887	21798	15624
-223	19745	29984	21739	15786
-222	19520	29907	21810	15943
-221	19965	30626	22230	15889
-220	20410	31202	22602	15995
-219	20041	30270	21803	15705
-218	20141	30197	22322	16037
-217	20315	30679	22103	16293
-216	20794	31998	23285	16525
-215	21211	32156	23174	16464
-214	20382	30437	22340	15971
-213	20834	31238	22681	16374
-212	20809	31523	22706	16372
-211	20917	31260	22945	16533
-210	21403	32387	23254	16513
-209	21388	32472	23605	16881
-208	21471	32541	23637	16628
-207	21532	32652	23601	16925
-206	21601	33035	24200	17129
-205	21845	33125	24140	17116
-204	21852	32833	24142	16814
-203	21152	32751	23362	16930
-202	21331	32461	23855	16956
-201	22005	33478	24548	17398
-200	22085	33150	24011	17019
-199	21881	32946	23993	17278
-198	21869	33316	24048	17228
-197	22250	33257	24610	17342
-196	22404	33951	24923	17567
-195	22698	33935	24763	17698
-194	23051	34791	25333	17975
-193	22909	34744	25133	17682
-192	23167	34689	25435	17759
-191	23274	34681	25525	17892
-190	22636	34452	24987	17649
-189	22859	34315	25231	17842
-188	22940	34607	25352	17801
-187	23476	34734	25332	18187
-186	23901	35934	25997	18342
-185	23511	35695	25781	18274
-184	24003	35987	26093	18346
-183	24124	36598	26462	18556
-182	24061	36167	26164	18618
-181	24933	37579	27079	18941
-180	24907	37801	27625	19157
-179	24304	36568	26821	18757
-178	24405	36465	26583	18441
-177	24047	36565	26633	18572
-176	24198	36483	26680	18860
-175	24286	37304	26912	18914
-174	25063	37546	27643	19293
-173	25413	38349	27646	19524
-172	25592	38372	27945	19553
-171	26556	39346	28743	19795
-170	26129	39389	28638	19907
-169	25666	38574	28248	19679
-168	25859	39140	28142	19743
-167	26603	40295	28883	20325
-166	26227	39565	28806	19924
-165	26460	39585	29257	20452
-164	26893	40404	29455	20401
-163	27156	40964	29590	20864
-162	27177	41255	29830	20989
-161	27988	41821	30507	21165
-160	28038	42074	30165	21420
-159	28156	42311	30703	21379
-158	28293	42427	30856	21405
-157	28054	42283	30612	21340
-156	29348	43913	31748	22173
-155	29155	44423	32176	22279
-154	28399	42409	31281	21821
-153	28888	43962	31948	22214
-152	29100	44176	32132	22164
-151	29364	43810	31871	22172
-150	29448	44392	31894	22210
-149	29603	44524	32379	22368
-148	29883	44645	32309	22467
-147	29825	44603	33089	22426
-146	30653	46665	33557	23188
-145	31271	47541	34096	23989
-144	31254	47037	34549	23526
-143	30933	46860	33630	23141
-142	30548	45825	33064	23149
-141	31644	47451	34386	23678
-140	31825	48676	35229	24321
-139	31676	48199	34507	23885
-138	31422	47417	34492	23760
-137	30976	46687	33991	23548
-136	31814	48154	34444	24052
-135	32753	49049	35587	24234
-134	32647	48963	35124	24816
-133	32812	49378	35819	24747
-132	32716	49651	35950	24416
-131	33343	50541	36331	24915
-130	33234	50169	35955	24925
-129	33024	50004	36263	25098
-128	33486	50499	36600	24956
-127	33083	49662	36328	24895
-126	33917	51117	37253	25393
-125	34531	52219	37739	25737
-124	35165	52521	37987	26190
-123	35342	53603	39286	26420
-122	36037	54111	38752	26773
-121	35727	54327	39138	26598
-120	36196	54354	39361	26667
-119	35492	52750	38260	26500
-118	35384	52762	38065	26166
-117	35066	53166	38256	26219
-116	35581	53439	39067	26859
-115	36765	55174	39890	26919
-114	37467	56161	40719	27357
-113	37091	56360	40293	27710
-112	37536	56387	40813	27721
-111	37929	56779	41328	28399
-110	37885	56971	41063	28120
-109	37300	55577	39923	27861
-108	37036	55880	40189	27426
-107	37246	56394	40971	27741
-106	37246	56077	40343	27472
-105	38004	56967	41103	28031
-104	37867	57023	41357	27627
-103	37739	57536	41713	27971
-102	38878	58237	41965	28705
-101	38921	58542	42295	28607
-100	40012	60272	43224	29482
-99	39891	60058	43436	29198
-98	39800	59222	43208	29297
-97	39329	59131	42773	28653
-96	38606	57032	41504	28151
-95	39100	58290	42469	28795
-94	39861	59517	43210	29308
-93	40506	60299	43804	29512
-92	39480	59333	43070	29383
-91	40329	60315	43301	29642
-90	41882	63193	45272	30549
-89	41647	62637	44716	30173
-88	41084	62133	44313	30248
-87	40713	60993	44325	29851
-86	40651	61252	44403	29743
-85	42135	62906	45479	30299
-84	41906	62989	45105	30351
-83	41684	63370	45232	30125
-82	41931	62827	45126	30285
-81	42124	63474	46177	30576
-80	42804	64369	46667	30703
-79	42684	64287	45968	31276
-78	42198	63713	46224	30593
-77	42373	63517	46148	30866
-76	42607	63750	46013	30316
-75	42317	62791	45788	30425
-74	41596	61957	45148	29745
-73	41833	62779	45382	29877
-72	42793	64201	46691	30811
-71	43006	63691	46261	30787
-70	43120	64616	46977	30854
-69	42968	64180	46685	30429
-68	43207	64609	46407	30443
-67	43974	65112	46990	31093
-66	43979	65158	47120	30754
-65	43239	64216	46763	30523
-64	42298	62836	45580	29640
-63	42071	62625	45167	29242
-62	41866	62047	44156	28896
-61	42646	63481	45863	29648
-60	43142	64496	46639	30178
-59	42484	63732	45807	29872
-58	42191	63268	45771	29517
-57	41952	62329	45148	29883
-56	42951	63865	46524	29964
-55	43452	64851	46290	30044
-54	42943	63361	45355	29708
-53	43006	63362	45753	29543
-52	43517	64886	47536	30477
-51	44546	66573	47889	31139
-50	44856	67053	48643	31343
-49	44672	66872	48846	31487
-48	44934	66701	48419	31079
-47	44436	66848	48241	31243
-46	44241	66683	47848	30927
-45	43965	66652	47803	31024
-44	43503	64985	46884	30343
-43	41939	62493	45432	28951
-42	42144	62628	46207	28921
-41	41818	62565	45325	28768
-40	41356	61225	44987	28822
-39	41906	62134	45712	29241
-38	41586	61471	44918	28777
-37	42589	63306	46166	29578
-36	42498	63122	46262	29667
-35	41508	62052	45063	28857
-34	39195	58127	42464	27338
-33	37381	55530	40934	25681
-32	39064	58123	42831	27250
-31	41003	60621	44304	28241
-30	42940	63362	46241	29843
-29	44589	65406	48218	30840
-28	46288	68391	49846	32383
-27	49912	72774	53437	34768
-26	49809	73685	54104	34708
-25	48083	70319	51599	33514
-24	43576	65038	46981	30797
-23	40241	59563	43933	28278
-22	40061	59215	43149	28339
-21	40096	59150	43521	28112
-20	39091	56833	41869	26992
-19	37193	54235	40237	25825
-18	36279	54206	39349	25502
-17	37793	56167	41613	26567
-16	40021	59206	43479	27856
-15	40089	59771	43860	28272
-14	39828	58741	43106	27656
-13	38533	56775	42032	26490
-12	37954	55445	40837	26062
-11	41870	61411	44804	28939
-10	42447	63246	46163	29526
-9	39598	58925	42658	27673
-8	36273	54585	39664	25452
-7	36219	53758	38846	25255
-6	41417	61734	45004	28957
-5	38736	57305	42230	26701
-4	32432	48535	36095	22880
-3	32386	48386	35605	23069
-2	37758	57055	42129	26813
-1	49759	75504	54947	35325
0	50987	75294	55704	36047
1	41773	62090	46618	29476
2	34601	51430	38465	24434
3	32139	47741	35746	22929
4	39798	60364	44268	28659
5	43307	64884	48600	31742
6	38642	57590	43288	27927
7	35600	52789	39625	25706
8	34798	52553	38498	25564
9	34825	52886	39386	26070
10	33813	51043	38014	25024
11	33052	50336	37111	24613
12	32255	48090	35791	24090
13	30500	46828	33979	22908
14	30813	46457	34137	23351
15	32147	49202	36140	24660
16	34187	51758	38549	25963
17	33806	51253	37614	25700
18	33439	50808	36948	25461
19	33607	50602	36882	25703
20	33377	50835	37227	25579
21	34386	52022	38173	26621
22	34976	52691	38530	26746
23	33970	51688	37452	26437
24	32655	50356	36260	25410
25	32134	48548	35289	25109
26	32361	49625	36062	25531
27	31291	48243	35660	24986
28	29921	45802	33717	23898
29	28616	43516	31915	22665
30	27709	43054	30804	21893
31	28465	43391	31724	22673
32	28529	43664	31843	22927
33	29781	44980	33127	23886
34	29428	44804	32858	23760
35	28947	44120	32829	24071
36	28978	44523	32794	23972
37	29045	44164	32323	23664
38	29065	44287	32453	23764
39	28484	43071	31812	23486
40	28197	42194	31206	23238
41	27629	41086	30797	22772
42	26454	40173	29593	21619
43	25803	39159	28931	21731
44	25666	38246	28919	21506
45	24661	36927	27642	20333
46	24176	36343	27054	20006
47	23952	36129	26487	20121
48	24615	36451	26742	20639
49	25130	37121	27878	21112
50	24976	36482	27452	20842
51	24717	36829	27697	20847
52	24224	35928	27141	20298
53	23937	35418	26629	20108
54	23714	35402	26597	19649
55	23193	33897	25685	18946
56	22645	33343	24934	18598
57	22186	32507	24834	18680
58	21558	32050	24203	17982
59	21276	31701	23845	17821
60	20648	30552	23527	17567
61	21067	30776	24123	17934
62	21822	31761	24411	18229
63	21429	31767	23853	18290
64	21303	31170	24016	17741
65	20464	29496	22708	17068
66	19934	28967	22786	16828
67	19543	28355	22215	16585
68	19453	28559	22385	16427
69	19111	27198	21586	16235
70	18579	26503	21071	15830
71	17865	25840	20668	15317
72	18091	25641	20830	15152
73	17935	26342	20667	15318
74	18065	26235	20742	15300
75	17641	25596	20278	15063
76	17420	25226	20292	14983
77	16868	24178	19301	14427
78	16274	23857	18937	14109
79	16541	23164	18844	13792
80	16136	22911	18583	13737
81	15689	22188	18057	13418
82	15299	22000	17737	13350
83	15102	22052	17271	13144
84	15178	21492	17039	12705
85	15234	21848	17143	12956
86	14873	21264	17131	12857
87	14331	20798	16669	12607
88	14496	20417	16699	12260
89	14147	20092	16470	12021
90	13640	19675	15890	12081
91	13767	19424	15713	11983
92	13443	18977	15497	11648
93	13666	19148	15242	11493
94	13345	18943	15227	11277
95	13661	18846	15249	11533
96	13523	18822	15666	11513
97	13045	17931	14726	11232
98	12786	18089	14749	11089
99	13012	18342	15196	11143
100	12731	17953	14529	10823
101	12372	17322	14244	10821
102	11988	16588	13664	10214
103	12004	16715	13556	10408
104	11989	16752	13734	10433
105	12124	16846	13766	10298
106	11912	16583	13803	10207
107	11706	16556	13525	10255
108	11918	16558	13360	10240
109	11764	16497	13402	9974
110	11730	16418	13331	10045
111	11904	16302	13455	10012
112	11048	15678	12470	9620
113	11369	16075	12849	9737
114	11376	16103	12956	9653
115	11286	16038	13030	9751
116	11379	15897	12842	9723
117	10992	15128	12097	9284
118	10701	14802	12228	9268
119	10918	15160	12385	9229
120	10636	15022	12039	9241
121	10412	14704	11782	8906
122	10614	14708	11692	8875
123	10546	14814	11597	8965
124	10606	14970	11896	8853
125	10680	14974	11860	9031
126	10654	14892	12076	9096
127	10635	14820	12206	9161
128	10427	14756	11658	9045
129	10218	14273	11681	8786
130	10120	14341	11530	8736
131	10224	14679	11454	8773
132	10322	14687	11600	8966
133	10468	14703	11883	8982
134	10752	14733	11825	9053
135	10141	14709	11781	8981
136	10166	14288	11499	8652
137	10325	14418	11352	8536
138	9931	14420	11385	8888
139	10551	14602	11568	9043
140	10377	14777	11566	8811
141	10164	14470	11494	8739
142	10122	14618	11464	8720
143	10054	14205	11162	8751
144	10480	14820	11645	8884
145	10276	14601	11484	8773
146	10241	14761	11351	8827
147	10048	14584	11434	8688
148	10249	14415	11060	8745
149	10047	14532	11271	8740
150	10295	14667	11460	8826
151	10396	15048	11512	8964
152	10367	14996	11831	8975
153	10188	14624	11458	8734
154	10691	15279	11819	9086
155	10315	14842	11703	9067
156	10429	15430	11848	8916
157	10578	14984	11603	8907
158	10439	15251	11669	9048
159	10676	15620	11888	9319
160	10820	15746	12095	9474
161	10737	15974	12267	9389
162	10935	16409	12535	9459
163	11005	16441	12274	9509
164	11011	16388	12373	9477
165	11029	16124	12352	9686
166	11228	16415	12546	9782
167	11142	16448	12378	9604
168	11559	16831	13085	10018
169	11696	17299	13189	9917
170	11910	17452	13304	10230
171	11977	17588	13348	10158
172	11641	17291	13029	10026
173	11901	17572	13123	10114
174	12023	17543	13203	10447
175	11928	18137	13418	10275
176	12162	18248	13452	10473
177	12238	17948	13678	10549
178	12489	18561	13820	10652
179	12749	18958	14420	10899
180	13312	19706	15025	11315
181	13295	19792	14868	11342
182	12859	19778	14975	11262
183	12975	19435	14580	11172
184	12845	19455	14777	10950
185	13215	19473	14776	11070
186	13001	19506	14681	10855
187	12930	19868	14943	11042
188	13514	20223	15388	11215
189	13900	20636	15929	11658
190	14041	21172	15970	12035
191	14318	21466	16307	11787
192	14579	21913	16546	12204
193	14356	21913	16752	12158
194	14311	21843	16559	12122
195	14080	21785	16473	12193
196	13979	21503	16075	11813
197	14209	21119	16094	11774
198	13715	20459	15822	11668
199	14259	21568	16666	11904
200	14629	22085	16768	12134
201	14802	22453	17172	12698
202	15000	22822	17360	12568
203	14993	22576	17213	12589
204	14882	22810	17555	12518
205	14549	22218	16887	12229
206	14937	22588	17115	12636
207	14944	22593	17397	12522
208	14784	22031	17005	12463
209	14050	21463	16497	12098
210	14679	22297	17592	12450
211	14878	22562	17678	12646
212	14964	22488	17569	12591
213	14752	22682	17647	12665
214	14880	22646	17515	12351
215	14902	22798	17687	12486
216	14707	22597	17496	12570
217	14807	22318	17523	12387
218	14767	22653	17599	12284
219	14832	23075	17736	12332
220	14631	22521	17266	12237
221	14800	22242	17287	12376
222	14792	22736	17770	12543
223	14937	22940	17987	12784
224	14499	22188	17623	12311
225	14200	22140	17164	11887
226	14180	21439	17091	12042
227	14324	21914	17378	12072
228	14633	21791	17425	12264
229	14581	21980	17235	12042
230	14136	21534	17286	11836
231	13827	21392	16728	11682
232	14216	21785	17119	12073
233	14591	21993	17315	12147
234	14328	21513	16984	12050
235	13733	20609	16531	11329
236	13773	21067	16751	11788
237	13800	20917	16453	11768
238	13600	20330	16307	11332
239	13682	20675	16239	11702
240	13391	20308	16285	11315
241	13427	20713	16317	11248
242	13541	20185	16202	11519
243	13261	19789	15995	10991
244	13370	19734	15809	11005
245	13150	20158	16042	11169
246	13121	19497	15899	10982
247	12955	19717	15738	10895
248	13034	19613	15529	10996
249	12927	19220	15632	11200
250	12726	19149	15408	10757
251	12598	18912	15184	10726
252	12414	19057	15138	10620
253	12491	18878	14960	10566
254	12533	18746	15224	10604
255	11961	17804	14603	10177
256	12041	18107	14472	10114
257	11986	18260	14743	10213
258	11954	17767	14429	10272
259	11852	17712	14206	10155
260	11743	17453	14123	9939
261	12061	17732	14235	10134
262	12183	17885	14484	9997
263	11675	17339	14103	10024
264	11778	17449	13710	9861
265	11571	17138	13736	9627
266	11406	16965	13487	9681
267	11508	17167	13776	9686
268	11551	16998	13756	9584
269	11404	17241	13841	9757
270	11429	17010	13376	9628
271	11158	16858	13535	9550
272	11487	17153	13447	9650
273	11357	16709	13528	9538
274	11307	16812	13445	9529
275	11028	16351	13403	9457
276	11068	16322	13167	9573
277	10884	16144	12883	9156
278	10522	15535	12695	8871
279	10556	15602	12629	9119
280	10670	16126	12488	9169
281	10695	15802	12799	9038
282	10554	15631	12550	8951
283	10545	15809	12749	9079
284	10705	15870	12551	8918
285	10499	15619	12566	8989
286	10578	15282	12419	8827
287	10167	15099	12328	8741
288	10268	15106	11956	8665
289	10294	14905	11854	8776
290	10260	15304	12343	8647
291	10369	15272	12112	8716
292	10239	14955	11833	8548
293	9965	15084	11922	8386
294	9727	14491	11504	8396
295	10195	14789	11704	8430
296	10014	14937	11664	8396
297	9928	14326	11532	8382
298	9982	14478	11359	8206
299	9975	14430	11502	8466
300	9777	14569	11617	8430
301	9987	14918	11813	8575
302	10103	14820	11578	8456
303	9834	14440	11467	8186
304	9580	14424	11182	8182
305	9480	13925	10934	8198
306	9768	14218	11209	8149
307	9773	14177	11116	8194
308	9801	14226	11217	8177
309	9836	14370	11392	8266
310	9472	13765	10852	7978
311	9427	13814	10920	7985
312	9648	14234	11223	8090
313	9374	13936	10751	8076
314	9432	13944	10988	8003
315	9521	14283	11121	8081
316	9694	14331	10974	8262
317	9822	14396	11216	8118
318	9662	14112	11101	8266
319	9486	13928	10891	8151
320	9826	14196	11066	8157
321	9765	14301	10962	8159
322	9587	14156	11177	7998
323	9563	14149	10970	8100
324	9581	13899	10911	8092
325	9558	14176	10847	7949
326	9426	14063	10745	7926
327	9428	14098	10740	7874
328	9686	14068	10943	8056
329	9664	13748	10703	7914
330	9544	14137	10867	7948
331	9682	14041	10771	8129
332	9768	14226	10921	8191
333	10089	14656	11146	8321
334	9850	14116	10964	8044
335	9616	13644	10823	8132
336	9402	14079	10628	8047
337	9706	13906	10862	8014
338	9981	14395	11245	8308
339	9793	13993	10767	8094
340	9488	13979	10587	8268
341	9554	14032	10862	8088
342	9853	14519	11011	8222
343	10037	14459	11238	8410
344	9986	14346	11092	8491
345	9814	14385	10963	8320
346	9660	14261	11009	8292
347	9586	14424	11143	8292
348	9975	14293	11309	8283
349	9876	14238	10980	8115
350	9938	14528	11152	8378
351	10279	14663	11186	8493
352	10167	14401	11216	8515
353	9978	14333	11009	8510
354	9787	14553	10973	8198
355	9973	14280	11300	8190
356	10214	14074	10950	8406
357	9998	14293	10957	8369
358	9974	14408	11265	8388
359	10046	14207	11166	8261
360	10025	14553	11307	8232
361	9871	14198	11083	8319
362	9967	14390	11111	8370
363	9906	14300	11364	8395
364	10374	14938	11565	8494
365	10376	15099	11637	8595
366	10198	15085	11563	8719
367	10413	15171	11785	8686
368	9979	14855	11380	8338
369	10272	14969	11629	8500
370	10308	15235	11822	8816
371	10161	14849	11670	8655
372	9875	14462	11316	8493
373	9871	14346	11155	8599
374	10407	15026	11494	8698
375	10426	15299	11970	8882
376	10063	14521	11364	8564
377	9925	14458	11398	8390
378	10296	14825	11389	8339
379	10194	14531	11648	8554
380	10432	14673	11548	8781
381	10165	14658	11409	8728
382	10537	15028	11916	8720
383	10205	14959	11693	8723
384	9815	14490	11360	8527
385	10210	14687	11439	8615
386	10019	14430	11534	8449
387	10290	14903	11771	8563
388	10311	14592	11586	8785
389	9995	14200	11404	8481
390	10078	14674	11589	8697
391	10123	14413	11606	8414
392	10035	14446	11533	8402
393	10178	14659	11529	8653
394	9881	14486	11522	8478
395	9792	14321	11448	8461
396	9782	13964	11257	8278
397	9704	14090	11301	8370
398	10002	14522	11619	8607
399	10061	14083	11483	8351
400	9871	14181	11308	8368
401	9557	13811	11259	8247
402	9459	13805	10914	8090
403	9775	14184	11125	8164
404	9952	14247	11410	8415
405	9647	13962	11218	8127
406	9846	13878	11240	8370
407	9653	13703	11130	8183
408	9668	13803	11147	8151
409	9610	13840	11202	8111
410	9535	13709	11195	8208
411	9668	13962	11126	8286
412	9494	13858	11355	8103
413	9442	13340	11150	7972
414	9346	13028	10859	7738
415	9353	13605	10871	8122
416	9498	13362	11040	8069
417	9167	13358	10778	8165
418	9338	13133	11058	7941
419	9353	13463	10878	7984
420	9233	13498	10862	8004
421	9057	13194	10823	8002
422	9084	13262	10904	7860
423	9098	13546	10886	7977
424	9293	13446	10812	7941
425	9058	13387	10669	8076
426	8885	12777	10447	7727
427	8968	12970	10439	7741
428	9201	13139	10806	8010
429	9188	13181	10843	7879
430	9054	13011	10422	7713
431	8910	12989	10428	7618
432	8981	12642	10426	7404
433	8808	12547	10491	7459
434	9062	12784	10435	7642
435	8970	12994	10520	7619
436	8785	12509	10318	7503
437	8698	12628	10155	7405
438	8803	12495	10377	7533
439	8828	12736	10398	7435
440	8912	13047	10517	7805
441	8807	12654	10150	7454
442	8423	11940	9726	7141
443	8061	11510	9514	6989
444	8122	11637	9598	7135
445	8391	11970	9840	7186
446	8523	12304	9957	7378
447	8553	12246	9899	7157
448	8234	11978	9657	7126
449	8074	11682	9540	7045
450	8164	11476	9433	6988
451	8528	12047	9682	7239
452	8316	12001	9845	7011
453	8044	11656	9313	7176
454	7899	11318	9276	6915
455	7748	11305	9261	6704
456	8299	11874	9396	7106
457	8270	11829	9718	7146
458	8059	11522	9297	7019
459	7970	11453	9532	6885
460	7855	11415	9202	6602
461	8007	11614	9371	6710
462	7895	11268	9244	6756
463	7994	11315	9236	6738
464	7765	11268	9240	6695
465	7800	11361	9167	6607
466	7875	11004	8934	6650
467	7913	11138	9084	6855
468	7703	10963	9018	6778
469	7493	10840	9096	6523
470	7468	10833	8786	6600
471	7835	10925	9007	6762
472	7919	11542	9286	6883
473	7875	11459	9172	6734
474	7929	11156	8941	6727
475	7673	11105	8853	6463
476	7578	10845	8751	6519
477	7534	10730	8881	6441
478	7499	10939	8701	6429
479	7793	11237	8875	6547
480	7657	10968	8795	6555
481	7655	10999	8691	6667
482	7563	10931	8658	6366
483	7643	11406	8987	6809
484	7572	10831	8593	6322
485	7310	10356	8279	6274
486	7453	10698	8587	6435
487	7586	10689	8611	6506
488	7476	10749	8550	6445
489	7448	10814	8752	6545
490	7329	10372	8580	6228
491	7244	10386	8251	6223
492	7710	10807	8765	6558
493	7487	10605	8596	6494
494	7482	10711	8692	6380
495	7364	10623	8449	6262
496	7284	10344	8223	6159
497	7228	10382	8378	6130
498	7142	10273	8054	6053
499	7350	10551	8215	6202
500	7277	10569	8474	6222
501	7469	10696	8292	6388
502	7363	10688	8529	6422
503	7189	10576	8461	6122
504	7521	10586	8538	6345
505	7266	10355	8127	6260
506	7401	10795	8231	6075
507	7296	10598	8224	6194
508	7075	10244	8230	5982
509	7095	10299	8075	6218
510	7281	10144	8030	5987
511	7036	10174	7878	6053
512	7379	10577	8260	6196
513	7294	10548	8303	6161
514	7159	10642	8241	6117
515	7363	10303	8178	6159
516	7402	10362	8253	6182
517	7147	10371	8023	6112
518	7086	10331	7967	6018
519	7181	10394	8033	6080
520	7106	10234	7987	6035
521	7070	10190	8066	6179
522	7315	10272	8275	6190
523	7248	10292	8043	6116
524	7175	10392	8261	6099
525	7268	10315	8133	6076
526	7184	10543	8160	6177
527	7438	10685	8352	6036
528	7645	10524	8368	6262
529	7457	10334	8201	6193
530	7059	10228	8008	5808
531	7124	10398	8109	5942
532	7020	10304	7896	6090
533	7073	10155	7986	6066
534	7252	10222	8074	6076
535	6839	10123	7996	6204
536	7347	10276	8103	6080
537	7133	10231	8109	5898
538	7217	10080	7820	6052
539	7065	10163	7929	6152
540	7055	10120	8186	6054
541	7244	10526	7901	6173
542	7051	10228	7814	5981
543	6970	10066	7701	5852
544	7072	9925	7806	6051
545	6747	9810	7627	5690
546	7111	9987	7917	5996
547	6974	10139	8051	5974
548	7113	10155	8010	6156
549	7063	9887	7703	5873
550	6899	9870	7695	5824
551	6822	9855	7731	5882
552	7079	9929	7883	6080
553	7201	10265	7998	6060
554	6889	9707	7707	5964
555	6846	9768	7907	5865
556	6983	10097	8064	6043
557	7091	10204	8007	5952
558	7284	10045	7978	6137
559	7172	10158	7978	6070
560	7086	10115	7934	5860
561	6972	10123	7855	6027
562	6898	9616	7681	5745
563	6928	9951	7749	5727
564	7384	10464	8131	6064
565	7270	10420	7955	5972
566	6961	9614	7944	5947
567	7060	10028	7990	5994
568	6938	10012	7817	5811
569	6915	10021	7913	5958
570	6917	9812	7835	5973
571	6718	9711	7773	5487
572	6876	9864	7674	5723
573	7062	10161	7894	5854
574	6891	9747	7674	5830
575	7004	9614	7529	5779
576	6639	9492	7501	5608
577	6834	9914	7731	5665
578	7038	9876	7637	5982
579	6664	9675	7814	5726
580	6824	9850	7643	5721
581	6838	9771	7685	5795
582	6702	9750	7584	5816
583	6760	9616	7644	5819
584	6719	9447	7806	5762
585	7066	10191	8020	5974
586	7080	9976	8022	5978
587	6842	9803	7659	5655
588	6610	9437	7581	5627
589	6549	9122	7150	5553
590	6797	9534	7565	5712
591	6802	9616	7832	5741
592	6598	9453	7658	5553
593	6510	9376	7626	5368
594	6654	9743	7572	5760
595	6754	9780	7673	5901
596	6606	9509	7488	5606
597	6635	9589	7471	5447
598	6728	9623	7573	5564
599	6645	9505	7436	5559
600	6467	9401	7467	5518
601	6488	9090	7522	5418
602	6513	9211	7479	5475
603	6477	9257	7432	5472
604	6504	9283	7391	5584
605	6703	9762	7620	5422
606	6509	9058	7325	5382
607	6491	9216	7246	5507
608	6637	9458	7448	5609
609	6329	9279	7234	5498
610	6409	9297	7417	5490
611	6430	9462	7375	5607
612	6515	9348	7412	5452
613	6544	9431	7443	5420
614	6465	9443	7210	5583
615	6446	9263	7306	5436
616	6228	8998	7226	5444
617	6332	9057	7178	5486
618	6237	8798	7219	5385
619	6376	9026	7102	5353
620	6204	8677	7077	5239
621	6097	8598	6816	5226
622	6166	8760	7070	5251
623	6195	8659	6882	5238
624	6133	8683	6984	5192
625	6116	8844	6896	5192
626	6162	8798	7043	5185
627	6125	8409	6865	5104
628	6106	8675	6945	5165
629	6198	8616	7090	5228
630	6286	8906	7053	5373
631	6134	8740	7036	5184
632	6181	8939	7178	5203
633	6201	8975	7164	5273
634	6130	8663	6870	5216
635	6247	8723	6987	5154
636	6032	8592	6925	5058
637	5814	8484	6624	5034
638	6054	8724	6891	5225
639	6004	8648	6943	5135
640	6069	8731	6983	5167
641	5983	8435	6696	5063
642	5687	8004	6502	4770
643	6029	8485	6700	5133
644	6009	8575	6998	5168
645	5841	8366	6641	4971
646	5881	8456	6631	5154
647	5875	8125	6488	4848
648	6055	8474	6716	4999
649	5855	8493	6799	5029
650	6042	8276	6796	5159
651	5944	8403	6631	5012
652	5694	8063	6478	4908
653	5566	8027	6453	4813
654	5707	8139	6537	4945
655	5633	8039	6538	4980
656	5692	8154	6475	4803
657	5761	8369	6672	5002
658	5757	8199	6528	4868
659	5597	7933	6340	4656
660	5645	8101	6293	4719
661	5485	7741	6227	4573
662	5506	8034	6280	4769
663	5787	8129	6373	4890
664	5685	8192	6480	4738
665	5703	7987	6467	4906
666	5567	8183	6357	4816
667	5575	7856	6071	4685
668	5556	7888	6270	4570
669	5355	7690	6220	4670
670	5520	7738	6233	4849
671	5627	7817	6135	4675
672	5612	7748	6162	4511
673	5618	7845	6106	4760
674	5584	7958	6487	4698
675	5610	8191	6346	4796
676	5524	7939	6255	4725
677	5403	7741	6065	4780
678	5568	7941	6304	4719
679	5690	7803	6217	4583
680	5577	7853	6108	4737
681	5659	7904	6282	4795
682	5277	7595	5969	4428
683	5550	7653	6135	4602
684	5363	7771	6291	4683
685	5425	7899	6284	4620
686	5504	7804	6266	4642
687	5372	7935	6063	4751
688	5628	7663	6120	4588
689	5379	7845	5993	4517
690	5419	7867	6109	4697
691	5483	7847	6341	4837
692	5522	7746	5984	4617
693	5706	7916	6176	4748
694	5557	7683	6070	4673
695	5392	7699	6017	4696
696	5519	7801	6014	4690
697	5468	7725	6025	4522
698	5397	7841	6159	4651
699	5463	7733	6149	4560
700	5378	7388	5994	4513
701	5343	7664	6111	4626
702	5459	7696	6002	4600
703	5430	7762	6204	4631
704	5529	7842	5977	4624
705	5137	7679	5922	4504
706	5233	7503	5803	4472
707	5188	7691	5938	4560
708	5379	7815	6077	4666
709	5330	7639	5900	4440
710	5047	7333	5697	4201
711	5329	7431	5896	4576
712	5382	7768	6126	4502
713	5381	7656	5902	4459
714	4989	7299	5577	4162
715	5181	7220	5685	4350
716	5275	7315	5684	4439
717	5110	7333	5818	4410
718	5222	7157	5718	4386
719	5296	7441	5841	4510
720	5067	7047	5571	4371
721	5278	7675	5960	4523
722	5515	7773	5916	4423
723	5160	7185	5707	4328
724	5057	7231	5612	4286
725	5195	7266	5656	4350
726	5218	7395	5739	4470
727	5173	7502	5806	4384
728	5032	7323	5643	4373
729	4949	7031	5618	4245
730	5126	7035	5612	4257
731	5172	7405	5701	4373
732	5295	7452	5671	4472
733	5207	7308	5774	4325
734	5098	7054	5582	4295
735	5101	7266	5740	4336
736	5229	7268	5701	4350
737	5259	7488	5816	4401
738	5074	7227	5801	4329
739	5001	7055	5493	4199
740	5206	7244	5779	4396
741	4958	6985	5471	4264
742	5082	7055	5677	4220
743	4899	6996	5514	4207
744	5054	7248	5727	4231
745	5141	7357	5664	4248
746	5136	7397	5816	4335
747	5004	7118	5866	4212
748	5108	7191	5700	4435
749	5123	7174	5750	4119
750	5012	7210	5681	4141
751	5076	7372	5667	4097
752	5062	7204	5616	4344
753	5263	7251	5551	4350
754	5074	7261	5715	4305
755	5132	7169	5621	4248
756	4954	6967	5414	4067
757	4966	7048	5422	4156
758	5095	7166	5334	4278
759	4881	6892	5458	4009
760	5110	7116	5493	4194
761	5008	6981	5530	4148
762	4900	6984	5405	4151
763	4882	6955	5490	4153
764	4810	6647	5408	3901
765	4992	6899	5523	4119
766	4806	6763	5254	4047
767	4809	6881	5333	4125
768	4799	6973	5344	4089
769	4871	6989	5377	4221
770	4949	6801	5475	4095
771	5028	7087	5604	4145
772	4866	7028	5488	4152
773	5033	7017	5422	4300
774	4734	6685	5354	4049
775	5111	6950	5523	4243
776	4807	7010	5420	4110
777	4855	6612	5383	4012
778	4903	6727	5511	4169
779	4796	6810	5335	4073
780	4613	6809	5224	4078
781	4962	7017	5657	4266
782	4879	6991	5403	4021
783	4766	6811	5207	4131
784	4848	7003	5366	4078
785	4912	6840	5375	4185
786	4716	6558	5306	4024
787	4667	6440	5243	3976
788	4716	6693	5315	3972
789	4735	6784	5250	4032
790	4886	6741	5413	4061
791	4624	6716	5265	4044
792	4662	6707	5177	3881
793	4676	6698	5328	3970
794	4674	6683	5290	3969
795	4779	6801	5362	4022
796	4700	6568	5097	3994
797	4648	6623	5312	4020
798	4598	6406	5127	3861
799	4850	6755	5407	4062
800	4708	6693	5363	3882
801	4656	6607	5160	3681
802	4576	6319	4992	3761
803	4506	6255	5009	3698
804	4615	6624	5222	3875
805	4763	6822	5265	3880
806	4948	6748	5214	3963
807	4782	6755	5217	3814
808	4604	6441	5110	3825
809	4538	6208	4899	3591
810	4434	6236	5031	3830
811	4401	6137	4957	3788
812	4479	6109	5053	3714
813	4417	6316	4830	3666
814	4439	6377	5069	3893
815	4369	6293	5033	3658
816	4524	6405	5015	3831
817	4550	6495	5120	3815
818	4545	6290	4950	3746
819	4553	6537	5097	3937
820	4495	6208	4922	3761
821	4588	6407	4983	3783
822	4498	6409	5143	3839
823	4222	6172	4813	3640
824	4516	6319	5039	3795
825	4392	6347	4972	3785
826	4463	6393	4788	3716
827	4492	6233	4900	3850
828	4419	6078	4654	3764
829	4402	6060	4978	3822
830	4387	6087	4854	3486
831	4246	6054	4776	3570
832	4276	6182	4676	3624
833	4416	6227	4879	3767
834	4436	6086	4938	3731
835	4531	6210	4940	3684
836	4312	6024	4945	3710
837	4372	6398	4962	3772
838	4479	6329	4924	3834
839	4264	6173	4810	3695
840	4371	6162	4699	3663
841	4428	6199	4914	3672
842	4542	6469	4923	3827
843	4455	6394	4927	3753
844	4311	6045	4781	3516
845	4359	6064	4716	3505
846	4057	6104	4782	3638
847	4342	6226	4873	3685
848	4290	6269	4702	3684
849	4214	6034	4543	3579
850	4222	5934	4535	3400
851	4029	5858	4729	3548
852	4188	6014	4635	3461
853	4405	6382	4892	3717
854	4394	6333	4761	3703
855	4421	6254	4869	3722
856	4223	5915	4586	3637
857	4317	6024	4590	3525
858	4326	6121	4642	3460
859	4189	6233	4673	3563
860	4213	5914	4744	3590
861	4171	5971	4627	3655
862	4376	6204	4703	3774
863	4213	6252	4757	3602
864	4143	5936	4628	3375
865	4150	6175	4576	3526
866	4032	5633	4552	3396
867	3981	5700	4538	3399
868	4151	5865	4588	3374
869	4163	5800	4624	3430
870	4394	6011	4580	3529
871	4174	6013	4443	3501
872	4076	5647	4531	3494
873	4102	5775	4465	3411
874	4101	5787	4534	3510
875	4184	5845	4535	3485
876	4233	5976	4465	3520
877	4161	5938	4579	3540
878	4264	5978	4563	3494
879	4184	5979	4554	3449
880	4317	6074	4663	3498
881	4321	6070	4602	3483
882	4131	5868	4546	3344
883	3897	5563	4251	3200
884	4049	5865	4338	3286
885	4160	5968	4674	3418
886	4252	5830	4496	3429
887	4250	5974	4622	3403
888	4025	5607	4440	3455
889	3977	5613	4429	3416
890	4083	5785	4543	3382
891	4219	5934	4517	3389
892	4220	5740	4443	3376
893	4148	5756	4557	3465
894	4044	5678	4430	3276
895	4036	5824	4423	3370
896	4077	5663	4415	3310
897	4038	5627	4382	3329
898	4160	5747	4496	3402
899	4007	5530	4353	3206
900	4118	5757	4404	3432
901	4185	5835	4448	3301
902	4220	5863	4721	3430
903	4166	5924	4597	3394
904	3938	5524	4295	3270
905	3996	5638	4302	3359
906	4031	5572	4269	3421
907	4197	5671	4473	3332
908	4193	5657	4440	3440
909	3944	5643	4283	3350
910	3909	5513	4300	3147
911	4004	5661	4235	3321
912	4128	5865	4334	3394
913	4129	5626	4499	3245
914	4097	5677	4573	3281
915	4121	5820	4426	3450
916	4183	5958	4421	3501
917	4045	5779	4339	3435
918	3977	5697	4419	3291
919	3918	5611	4140	3268
920	3883	5669	4374	3311
921	4156	5657	4329	3315
922	4041	5596	4374	3305
923	4029	5463	4377	3280
924	3960	5620	4438	3172
925	4092	6025	4551	3396
926	4011	5806	4293	3356
927	4046	5664	4456	3351
928	3942	5617	4318	3288
929	3925	5596	4268	3088
930	4060	5633	4497	3415
931	3979	5415	4331	3324
932	4013	5653	4315	3284
933	4189	5872	4439	3392
934	3989	5706	4312	3346
935	3937	5558	4437	3285
936	3797	5420	4139	3151
937	3871	5631	4185	3198
938	4081	5748	4300	3280
939	3787	5550	4316	3340
940	4053	5757	4414	3331
941	3805	5250	4135	3103
942	3851	5474	4390	3152
943	3879	5431	4162	3177
944	3810	5441	4253	3207
945	3982	5528	4291	3243
946	4024	5597	4101	3262
947	3880	5359	4071	3171
948	4109	5640	4328	3406
949	3843	5564	4315	3382
950	3673	5140	3928	3156
951	3806	5465	4189	3128
952	3864	5469	4091	3139
953	3694	5307	3955	3101
954	3838	5108	4174	3098
955	3791	5162	4021	3153
956	3764	5481	4145	3136
957	3849	5469	4209	3252
958	3756	5332	3944	3216
959	3784	5466	4161	3230
960	4020	5515	4174	3304
961	3972	5395	4288	3281
962	3854	5410	4244	3262
963	3938	5586	4289	3285
964	3916	5319	4137	3254
965	3598	5187	3969	3117
966	3689	5158	4005	3163
967	3592	5247	4141	3150
968	3840	5312	4058	3171
969	3793	5359	4223	3212
970	3745	5250	4076	3128
971	3726	5287	4093	3070
972	3657	5203	4009	3055
973	3870	5488	4163	3307
974	3914	5383	4296	3210
975	3832	5239	4024	3169
976	3926	5393	4165	3205
977	3720	5296	4150	3091
978	3642	5052	3980	3000
979	3664	4974	3827	2977
980	3628	5288	3967	3096
981	3642	5314	4121	3018
982	3611	5104	3898	2991
983	3608	5152	3941	3015
984	3609	5159	4033	3091
985	3766	5238	4021	3022
986	3815	5352	4146	3184
987	3837	5361	4186	3101
988	3649	5117	4112	3042
989	3381	4886	3728	2849
990	3573	4923	3846	3018
991	3738	5146	3882	3027
992	3643	5178	3982	3100
993	3718	5184	4023	3086
994	3776	5194	4029	3075
995	3542	5073	3996	3068
996	3651	5143	3933	3033
997	3615	5215	3991	2953
998	3739	5237	3897	3070
999	3731	5164	3954	3097
1000	3605	5126	3901	3095
1001	3697	5159	3796	2982
1002	3590	5106	3834	2960
1003	3605	5192	3911	3009
1004	3641	5006	3929	3015
1005	3557	4921	3896	2926
1006	3456	4965	3785	2956
1007	3660	5248	3936	2954
1008	3657	5196	3853	2978
1009	3632	4913	3941	2924
1010	3464	4885	3758	2960
1011	3504	4904	3660	2968
1012	3586	5139	3884	3057
1013	3593	5237	3972	2996
1014	3491	4977	3907	2903
1015	3573	4912	3917	2916
1016	3616	5043	3884	2984
1017	3598	4946	3722	2999
1018	3564	4909	3904	2934
1019	3535	5030	3856	2913
1020	3455	4976	3755	2963
1021	3452	4979	3685	2832
1022	3473	4972	3757	2845
1023	3551	4895	3757	2841
1024	3412	5035	3806	2925
1025	3353	4755	3689	2852
1026	3421	4779	3712	2790
1027	3344	4805	3701	2769
1028	3598	4978	3875	2962
1029	3636	5200	4080	3068
1030	3501	5090	3955	3046
1031	3351	4990	3688	2846
1032	3490	4858	3791	2890
1033	3695	5078	3896	2992
1034	3520	5008	3845	2894
1035	3272	4760	3743	2816
1036	3291	4795	3591	2822
1037	3564	4992	3690	2938
1038	3540	4999	3797	2833
1039	3526	5000	3828	2813
1040	3456	4746	3840	2942
1041	3318	4606	3553	2655
1042	3327	4636	3653	2821
1043	3458	4895	3810	2925
1044	3561	5038	3853	2815
1045	3585	4735	3831	2909
1046	3346	4758	3558	2731
1047	3246	4537	3583	2775
1048	3405	4461	3490	2676
1049	3370	4521	3526	2763
1050	3335	4574	3577	2724
1051	3401	4718	3569	2813
1052	3424	4654	3598	2766
1053	3333	4842	3647	2811
1054	3406	4615	3533	2818
1055	3244	4685	3607	2778
1056	3343	4898	3623	2777
1057	3309	4807	3609	2803
1058	3447	4722	3569	2762
1059	3379	4907	3811	2819
1060	3469	4847	3805	2758
1061	3485	4675	3660	2741
1062	3269	4731	3787	2902
1063	3406	4883	3700	2753
1064	3344	4728	3567	2800
1065	3327	4604	3524	2853
1066	3312	4576	3595	2806
1067	3164	4477	3549	2635
1068	3230	4645	3574	2854
1069	3413	4758	3556	2817
1070	3389	4907	3646	2754
1071	3444	4690	3660	2780
1072	3393	4733	3700	2854
1073	3308	4751	3524	2877
1074	3386	4748	3618	2791
1075	3417	4757	3512	2761
1076	3137	4464	3367	2655
1077	3154	4593	3382	2710
1078	3328	4589	3515	2821
1079	3180	4505	3440	2765
1080	3339	4397	3476	2623
1081	3277	4599	3388	2678
1082	3378	4645	3522	2640
1083	3282	4618	3623	2843
1084	3411	4701	3532	2790
1085	3253	4876	3684	2795
1086	3240	4467	3393	2668
1087	3161	4451	3298	2741
1088	3175	4400	3392	2594
1089	3289	4424	3352	2656
1090	3184	4506	3497	2719
1091	3250	4443	3431	2660
1092	3360	4506	3411	2701
1093	3397	4739	3568	2785
1094	3268	4798	3578	2682
1095	3368	4976	3704	2706
1096	3199	4476	3383	2627
1097	3045	4320	3390	2590
1098	3169	4357	3410	2558
1099	3241	4648	3434	2711
1100	3266	4698	3453	2713
1101	3186	4339	3219	2488
1102	3053	4330	3361	2536
1103	2998	4307	3303	2485
1104	3104	4394	3361	2621
1105	3173	4416	3405	2651
1106	3055	4373	3269	2599
1107	3091	4392	3440	2562
1108	3072	4377	3298	2639
1109	3198	4545	3365	2631
1110	3183	4540	3551	2721
1111	3060	4282	3373	2547
1112	3224	4343	3339	2529
1113	3058	4249	3257	2446
1114	3086	4318	3349	2574
1115	3257	4444	3549	2661
1116	3096	4275	3346	2548
1117	3049	4202	3202	2585
1118	3108	4325	3287	2566
1119	3248	4468	3409	2575
1120	3119	4336	3460	2533
1121	3147	4364	3213	2516
1122	3261	4320	3257	2632
1123	3143	4345	3377	2554
1124	3111	4320	3263	2528
1125	3180	4590	3494	2759
1126	3174	4461	3450	2609
1127	3185	4501	3287	2622
1128	3162	4419	3443	2595
1129	3062	4421	3380	2564
1130	3241	4352	3244	2590
1131	3173	4515	3428	2552
1132	3135	4341	3353	2605
1133	3074	4244	3277	2513
1134	3100	4299	3298	2549
1135	3289	4551	3430	2558
1136	3237	4209	3235	2654
1137	3075	4311	3134	2643
1138	2955	4195	3210	2550
1139	3031	4158	3120	2528
1140	3172	4301	3458	2516
1141	3314	4393	3516	2534
1142	3028	4382	3346	2522
1143	2956	4146	3119	2361
1144	2950	4123	3144	2410
1145	2932	4276	3303	2424
1146	2896	4092	3157	2426
1147	2972	4047	3093	2421
1148	2981	4210	3208	2534
1149	3043	4272	3139	2429
1150	3047	4186	3167	2445
1151	3058	4228	3294	2580
1152	2996	4194	3194	2409
1153	2934	4040	3212	2453
1154	2952	4246	3170	2491
1155	2895	4021	3072	2479
1156	3047	4248	3201	2505
1157	3010	4134	3075	2352
1158	2991	4139	3266	2439
1159	3055	4363	3398	2466
1160	2910	4002	3206	2397
1161	3001	4267	3159	2500
1162	2939	3992	3079	2488
1163	2977	4035	3146	2402
1164	2929	3922	3030	2346
1165	2808	4067	3233	2364
1166	3023	4142	3238	2453
1167	3051	4188	3101	2498
1168	2861	4054	3165	2478
1169	2947	4225	3122	2415
1170	3109	4256	3214	2455
1171	2858	4227	3103	2473
1172	2872	4185	3168	2460
1173	2833	4102	3137	2456
1174	2924	4030	3000	2445
1175	2926	4118	3166	2425
1176	2857	4146	3089	2333
1177	3057	4098	3210	2569
1178	3021	4255	3234	2503
1179	2948	4180	3281	2441
1180	2842	4004	3044	2257
1181	2911	4053	3068	2449
1182	3045	4359	3135	2604
1183	3137	4339	3179	2453
1184	2950	4257	3257	2520
1185	2812	4004	3040	2385
1186	2790	4036	3132	2375
1187	2904	3973	3203	2319
1188	3078	4097	3109	2411
1189	2853	4051	3118	2298
1190	2714	3805	2908	2298
1191	2887	3872	2950	2359
1192	2839	4209	3089	2367
1193	3061	4209	3183	2632
1194	3016	4029	3090	2500
1195	2820	3873	2950	2242
1196	2849	3901	2972	2282
1197	2759	3823	2991	2191
1198	2812	3958	3073	2436
1199	2781	3916	3037	2361
1200	2825	3918	3057	2382
1201	2778	4035	3057	2356
1202	2794	3976	2952	2294
1203	2799	3943	2926	2289
1204	2868	3997	2930	2324
1205	2884	3931	3003	2230
1206	2928	4133	3075	2355
1207	2949	4211	3251	2393
1208	2901	3818	2979	2355
1209	2684	3718	2997	2207
1210	2773	3977	3077	2337
1211	2853	3892	3032	2279
1212	2858	3937	3045	2319
1213	2887	4042	3001	2384
1214	2835	3953	3062	2339
1215	2854	4014	3089	2329
1216	2851	3954	2979	2266
1217	2807	3945	2988	2249
1218	2748	3955	2944	2356
1219	2759	3803	2885	2258
1220	2744	4058	3011	2351
1221	2823	3834	2850	2276
1222	2805	3899	2945	2281
1223	2798	3883	2999	2304
1224	2792	3939	2979	2338
1225	2827	3953	2933	2297
1226	2722	3934	3006	2255
1227	2867	3994	2947	2354
1228	2737	3808	2913	2322
1229	2669	3704	2859	2156
1230	2774	3809	2942	2194
1231	2706	3851	2898	2281
1232	2775	3895	2889	2344
1233	2725	3802	2909	2330
1234	2665	3685	2762	2218
1235	2805	3879	2884	2249
1236	2804	3840	2928	2184
1237	2850	3760	2764	2282
1238	2776	3711	2803	2256
1239	2734	3734	2782	2201
1240	2662	3802	2881	2251
1241	2805	3845	2954	2235
1242	2857	3979	2908	2263
1243	2803	3795	3012	2329
1244	2750	3886	2821	2246
1245	2661	3642	2813	2204
1246	2672	3718	2905	2234
1247	2771	3873	2868	2290
1248	2799	3880	2919	2199
1249	2713	3982	2876	2356
1250	2774	3916	3021	2347
1251	2753	3815	2958	2287
1252	2772	3956	3026	2272
1253	2773	3951	2971	2358
1254	2606	3859	2928	2279
1255	2721	3622	2775	2277
1256	2757	3848	2892	2222
1257	2617	3718	2727	2150
1258	2557	3651	2751	2171
1259	2833	3802	2875	2275
1260	2681	3771	2847	2090
1261	2638	3631	2817	2212
1262	2639	3609	2797	2122
1263	2712	3636	2786	2244
1264	2777	3764	2900	2229
1265	2756	3778	2879	2296
1266	2713	3669	2863	2200
1267	2643	3749	2820	2241
1268	2668	3742	2887	2218
1269	2605	3703	2884	2198
1270	2684	3645	2782	2162
1271	2628	3540	2737	2124
1272	2631	3761	2880	2216
1273	2606	3644	2782	2228
1274	2748	3777	2907	2218
1275	2757	3801	2850	2161
1276	2711	3643	2726	2204
1277	2584	3623	2702	2210
1278	2599	3615	2692	2155
1279	2585	3645	2749	2083
1280	2704	3750	2806	2109
1281	2616	3672	2726	2222
1282	2632	3672	2789	2226
1283	2601	3680	2756	2199
1284	2591	3627	2618	2156
1285	2636	3607	2709	2084
1286	2692	3553	2713	2087
1287	2586	3680	2857	2124
1288	2735	3680	2827	2105
1289	2642	3841	2807	2247
1290	2657	3719	2834	2248
1291	2523	3595	2664	2102
1292	2594	3579	2792	2069
1293	2566	3518	2593	2136
1294	2517	3551	2573	1993
1295	2588	3521	2718	2134
1296	2593	3598	2820	2162
1297	2682	3543	2796	2209
1298	2606	3638	2665	2135
1299	2627	3617	2760	2108
1300	2698	3611	2763	2125
1301	2640	3605	2731	2080
1302	2675	3748	2712	2048
1303	2639	3653	2754	2104
1304	2619	3617	2729	2126
1305	2567	3576	2689	2100
1306	2577	3447	2686	2065
1307	2499	3420	2721	1942
1308	2438	3515	2671	2035
1309	2513	3599	2726	2126
1310	2627	3710	2895	2158
1311	2536	3636	2788	2065
1312	2530	3569	2636	2118
1313	2478	3513	2600	2098
1314	2530	3434	2647	2107
1315	2451	3463	2742	1998
1316	2445	3432	2519	2033
1317	2618	3594	2800	2100
1318	2552	3762	2769	2134
1319	2534	3627	2658	2104
1320	2610	3572	2699	2111
1321	2488	3570	2731	2060
1322	2395	3399	2646	2026
1323	2507	3396	2620	2021
1324	2561	3363	2596	2068
1325	2447	3459	2572	2020
1326	2550	3478	2633	2001
1327	2566	3572	2691	1990
1328	2496	3414	2616	2052
1329	2389	3298	2512	1948
1330	2394	3144	2554	1964
1331	2550	3459	2597	2074
1332	2632	3670	2845	2170
1333	2657	3764	2868	2222
1334	2493	3401	2610	2078
1335	2394	3297	2515	2048
1336	2405	3280	2508	2081
1337	2603	3596	2667	2158
1338	2587	3588	2796	2175
1339	2522	3555	2614	2097
1340	2452	3355	2653	2061
1341	2499	3405	2634	2051
1342	2441	3409	2608	2007
1343	2529	3437	2621	2086
1344	2408	3256	2453	2081
1345	2480	3602	2556	1985
1346	2418	3527	2683	2033
1347	2419	3396	2608	2007
1348	2552	3471	2666	2041
1349	2431	3338	2580	1946
1350	2398	3529	2688	2086
1351	2636	3596	2742	2130
1352	2431	3351	2598	2077
1353	2464	3478	2625	2070
1354	2492	3389	2517	2022
1355	2455	3403	2667	2077
1356	2527	3487	2730	2150
1357	2450	3428	2738	2081
1358	2524	3444	2626	2130
1359	2489	3323	2668	1997
1360	2440	3462	2615	1992
1361	2446	3543	2561	2061
1362	2409	3383	2519	2020
1363	2423	3588	2671	2033
1364	2461	3386	2559	2031
1365	2441	3410	2559	1978
1366	2453	3478	2623	1975
1367	2550	3674	2647	2145
1368	2499	3458	2737	2014
1369	2372	3159	2505	1940
1370	2373	3409	2592	1932
1371	2500	3438	2579	1992
1372	2543	3608	2610	2033
1373	2502	3613	2659	2067
1374	2419	3379	2484	1955
1375	2358	3232	2452	1946
1376	2427	3274	2484	1954
1377	2330	3054	2338	1957
1378	2321	3163	2436	2020
1379	2488	3328	2505	1961
1380	2408	3385	2605	1985
1381	2442	3490	2671	2019
1382	2344	3230	2534	1910
1383	2349	3149	2467	1894
1384	2257	3150	2378	1854
1385	2412	3299	2536	1954
1386	2385	3272	2560	1934
1387	2187	3101	2330	1805
1388	2204	3070	2407	1889
1389	2374	3117	2450	1885
1390	2332	3242	2441	1894
1391	2342	3143	2397	1950
1392	2127	3150	2342	1841
1393	2234	3089	2360	1869
1394	2277	3129	2417	1935
1395	2346	3178	2416	1871
1396	2348	3388	2449	1935
1397	2303	3251	2482	1820
1398	2447	3326	2449	1966
1399	2378	3151	2520	1927
1400	2411	3362	2479	2003
1401	2445	3302	2414	1943
1402	2330	3239	2486	1958
1403	2358	3262	2430	1977
1404	2358	3281	2515	1919
1405	2379	3198	2375	1948
1406	2356	3206	2458	1911
1407	2330	3227	2405	1906
1408	2199	3041	2438	1878
1409	2195	3113	2320	1812
1410	2145	3124	2361	1781
1411	2203	3091	2430	1929
1412	2272	3206	2378	1844
1413	2221	3191	2309	1803
1414	2258	3281	2415	1955
1415	2423	3304	2446	1953
1416	2224	3226	2396	1869
1417	2217	3109	2290	1893
1418	2291	3183	2425	1986
1419	2318	2967	2437	1826
1420	2409	3323	2605	1951
1421	2386	3349	2445	1958
1422	2240	3198	2405	1894
1423	2149	2998	2342	1883
1424	2242	3154	2385	1826
1425	2231	3188	2430	1827
1426	2231	3072	2347	1852
1427	2305	3216	2351	1900
1428	2194	3037	2299	1817
1429	2332	3184	2417	1865
1430	2251	3099	2374	1874
1431	2350	3191	2418	1883
1432	2313	3156	2423	1871
1433	2223	3168	2292	1938
1434	2281	3204	2404	1943
1435	2347	3188	2378	1878
1436	2274	3070	2435	1814
1437	2235	3087	2311	1774
1438	2156	3055	2277	1854
1439	2154	3112	2328	1834
1440	2459	3400	2514	1898
1441	2471	3229	2445	2001
1442	2392	3207	2535	2001
1443	2286	3237	2502	1838
1444	2222	3093	2280	1839
1445	2247	3227	2376	1943
1446	2226	3077	2291	1833
1447	2350	3095	2269	1876
1448	2252	3150	2370	1815
1449	2174	3119	2341	1817
1450	2181	3118	2283	1839
1451	2198	3077	2317	1852
1452	2304	3111	2317	1855
1453	2188	2990	2270	1820
1454	2200	3051	2308	1878
1455	2268	3154	2433	1823
1456	2269	3164	2409	1931
1457	2301	3159	2360	1871
1458	2315	3120	2366	1846
1459	2088	3119	2334	1798
1460	2184	3006	2432	1817
1461	2228	2963	2184	1804
1462	2182	3033	2344	1843
1463	2171	3041	2241	1816
1464	2154	3034	2191	1723
1465	2217	2948	2187	1785
1466	2185	3020	2190	1735
1467	2272	3220	2446	1865
1468	2171	2974	2294	1828
1469	2191	2994	2197	1714
1470	2219	2988	2224	1767
1471	2145	3094	2296	1744
1472	2217	3099	2317	1781
1473	2245	3050	2446	1822
1474	2187	2900	2254	1749
1475	2250	3071	2339	1817
1476	2184	3058	2349	1720
1477	2096	3042	2267	1741
1478	2192	3021	2339	1819
1479	2130	2996	2441	1830
1480	2073	2979	2231	1688
1481	2254	3152	2300	1873
1482	2246	3330	2362	1804
1483	2269	3271	2421	1855
1484	2135	2927	2132	1692
1485	2127	2936	2218	1756
1486	2147	3033	2396	1704
1487	2131	3235	2318	1832
1488	2058	3001	2207	1795
1489	2199	3061	2267	1748
1490	2313	3140	2322	1819
1491	2164	3048	2241	1788
1492	2104	2930	2192	1711
1493	2124	2783	2180	1736
1494	2150	2955	2367	1704
1495	2207	3136	2335	1841
1496	2168	3058	2250	1820
1497	2117	3014	2162	1766
1498	2096	3137	2242	1758
1499	2142	2957	2243	1757
1500	2253	3023	2305	1798
1501	2142	3135	2321	1770
1502	2257	3056	2232	1830
1503	2121	3042	2131	1701
1504	2089	2806	2166	1768
1505	2136	2978	2173	1740
1506	2048	2824	2131	1646
1507	2038	2721	2089	1628
1508	2114	2814	2133	1712
1509	2143	2823	2209	1737
1510	2118	2873	2115	1751
1511	2011	2889	2089	1626
1512	2141	2797	2100	1645
1513	2098	3055	2207	1774
1514	2092	2987	2204	1818
1515	2105	2894	2213	1671
1516	2061	2863	2212	1686
1517	2114	2974	2200	1670
1518	2068	2913	2310	1758
1519	2091	2891	2114	1755
1520	2092	2905	2141	1669
1521	2020	2916	2209	1658
1522	2194	3073	2364	1822
1523	2211	3071	2231	1884
1524	2212	3104	2209	1750
1525	2047	2896	2146	1723
1526	2064	2862	2236	1710
1527	2000	2810	2259	1727
1528	2064	2900	2206	1679
1529	2080	2845	2116	1631
1530	1881	2821	2059	1616
1531	1992	2703	2045	1595
1532	2034	2812	2133	1585
1533	2068	2945	2102	1715
1534	2030	2894	2154	1693
1535	2094	2854	2194	1697
1536	1989	2914	2196	1691
1537	2131	2999	2190	1697
1538	2122	2981	2085	1794
1539	1962	2911	2035	1673
1540	1988	2954	2083	1654
1541	2072	2859	2125	1703
1542	1995	2771	2118	1664
1543	2142	2888	2116	1691
1544	2074	2848	2135	1694
1545	2151	2846	2195	1733
1546	2048	2873	2240	1731
1547	2122	2849	2199	1657
1548	1988	2897	2044	1687
1549	2035	2911	2042	1701
1550	2113	2960	2142	1682
1551	2076	2913	2154	1707
1552	2038	2891	2029	1593
1553	1970	2849	2093	1629
1554	1892	2711	2002	1592
1555	1973	2767	2009	1671
1556	1905	2721	2015	1628
1557	2061	2852	2024	1641
1558	2076	2714	2079	1549
1559	2021	2744	2070	1625
1560	1988	2716	2007	1618
1561	1972	2589	2027	1626
1562	1962	2548	1961	1521
1563	1980	2792	2115	1690
1564	2005	2821	2020	1711
1565	1952	2694	2031	1647
1566	1908	2599	2028	1609
1567	1939	2706	1989	1609
1568	2022	2773	2029	1540
1569	1937	2858	2091	1623
1570	1883	2790	2086	1530
1571	2014	2732	1980	1621
1572	1933	2680	2073	1596
1573	2146	2846	2095	1667
1574	1953	2698	2176	1563
1575	1992	2831	2124	1721
1576	2050	2803	2181	1610
1577	1941	2743	2061	1607
1578	2051	2818	2025	1648
1579	2051	2828	2125	1687
1580	1930	2801	2084	1678
1581	2112	2845	2067	1643
1582	1964	2921	2036	1645
1583	1972	2778	2044	1564
1584	1917	2567	1952	1568
1585	1986	2837	2008	1617
1586	1981	2680	1994	1523
1587	2050	2819	2096	1591
1588	1949	2715	2023	1630
1589	1985	2863	2027	1591
1590	1948	2788	2020	1580
1591	1962	2774	2074	1688
1592	2029	2848	2120	1655
1593	2000	2684	2110	1714
1594	1989	2818	2061	1520
1595	1875	2607	1933	1628
1596	1861	2634	1889	1522
1597	2121	2684	2026	1581
1598	2011	2758	2126	1559
1599	2062	2812	2059	1677
1600	1980	2816	2047	1607
1601	1862	2647	1975	1563
1602	2028	2810	2011	1596
1603	1985	2663	2180	1680
1604	2077	2994	2161	1653
1605	1933	2844	2044	1671
1606	2011	2768	2045	1659
1607	1961	2725	2081	1575
1608	2032	2830	2160	1646
1609	1975	2790	2089	1682
1610	1850	2665	1914	1545
1611	1898	2586	1920	1623
1612	1900	2742	2131	1580
1613	1932	2744	2075	1625
1614	1957	2695	2116	1537
1615	1784	2579	1868	1514
1616	1862	2635	1904	1525
1617	1928	2793	1996	1606
1618	1901	2671	2007	1538
1619	2041	2773	2042	1609
1620	1908	2659	1941	1566
1621	1954	2614	1948	1579
1622	1884	2720	2019	1470
1623	1832	2523	1881	1478
1624	1820	2567	1884	1479
1625	1914	2683	1898	1620
1626	2000	2734	2064	1545
1627	2040	2810	2116	1609
1628	1840	2563	1993	1553
1629	1855	2510	1912	1553
1630	1866	2534	1785	1420
1631	1913	2428	1965	1496
1632	1888	2691	1920	1621
1633	1886	2735	2082	1610
1634	1965	2684	2053	1539
1635	1910	2554	1884	1486
1636	1902	2521	1785	1517
1637	1911	2609	2003	1520
1638	1940	2698	2004	1619
1639	1958	2672	1985	1584
1640	1885	2640	1938	1607
1641	1831	2605	1932	1483
1642	1884	2592	2006	1582
1643	2063	2709	2046	1623
1644	1955	2643	2008	1570
1645	2006	2639	1855	1516
1646	1736	2383	1778	1471
1647	1794	2355	1867	1521
1648	1881	2546	1961	1507
1649	1865	2649	2009	1563
1650	1922	2695	2005	1514
1651	1922	2671	1904	1523
1652	1820	2658	1984	1585
1653	1901	2574	1938	1514
1654	1973	2638	1975	1608
1655	1979	2713	1974	1523
1656	2021	2790	2109	1621
1657	1888	2669	2041	1532
1658	1993	2729	2067	1546
1659	1922	2714	1959	1548
1660	1822	2645	2028	1555
1661	1956	2709	2171	1507
1662	1924	2672	1985	1574
1663	1900	2636	1886	1502
1664	1844	2673	2049	1641
1665	1886	2796	1981	1633
1666	1908	2744	2061	1545
1667	1958	2857	2051	1684
1668	1994	2572	2030	1571
1669	1846	2653	1988	1481
1670	1836	2681	2004	1474
1671	1904	2667	1945	1625
1672	1862	2640	2029	1427
1673	1842	2556	1984	1526
1674	1807	2656	1882	1535
1675	1900	2639	2020	1512
1676	1951	2691	2017	1617
1677	1914	2832	2020	1507
1678	1941	2632	2069	1571
1679	1902	2693	2000	1584
1680	1952	2669	1905	1510
1681	2013	2624	2002	1517
1682	1838	2542	1882	1492
1683	1774	2518	1832	1432
1684	1804	2576	1911	1504
1685	1818	2498	1926	1538
1686	2005	2602	1968	1534
1687	1912	2631	1922	1523
1688	1852	2505	1916	1515
1689	1760	2620	1921	1540
1690	1852	2565	1917	1491
1691	1936	2683	1990	1550
1692	1899	2708	2029	1606
1693	1901	2563	1882	1546
1694	1845	2576	1928	1551
1695	1793	2567	1924	1469
1696	1920	2665	1891	1492
1697	1857	2474	1988	1538
1698	1878	2638	2075	1507
1699	1914	2667	2072	1492
1700	1930	2447	1881	1447
1701	1778	2448	1888	1492
1702	1929	2616	1988	1438
1703	2001	2699	2069	1508
1704	1981	2705	2040	1580
1705	1875	2551	1908	1517
1706	1856	2562	1923	1420
1707	1685	2290	1868	1379
1708	1813	2516	1930	1468
1709	1905	2628	2066	1615
1710	2048	2800	2130	1620
1711	1886	2662	2027	1483
1712	1843	2693	1989	1503
1713	2042	2702	1839	1524
1714	2014	2726	1972	1490
1715	1889	2670	1955	1522
1716	1831	2613	1909	1445
1717	1736	2548	1926	1464
1718	1735	2538	1887	1468
1719	1760	2528	1856	1412
1720	1836	2452	1866	1444
1721	1838	2620	1976	1616
1722	1925	2455	1892	1453
1723	1788	2348	1792	1496
1724	1811	2563	1880	1523
1725	1916	2712	1963	1497
1726	1838	2493	1886	1499
1727	1763	2355	1828	1439
1728	1737	2425	1848	1443
1729	1798	2539	1984	1522
1730	1803	2599	1868	1439
1731	1821	2427	1897	1475
1732	1824	2474	1845	1503
1733	1850	2590	1821	1473
1734	1749	2428	1830	1469
1735	1965	2579	1940	1497
1736	1915	2502	2056	1603
1737	1811	2464	1924	1433
1738	1713	2395	1804	1439
1739	1758	2453	1863	1330
1740	1796	2491	1900	1553
1741	1858	2495	1884	1384
1742	1679	2524	1883	1427
1743	1783	2518	1853	1444
1744	1826	2519	1847	1411
1745	1882	2544	1873	1437
1746	1884	2585	1902	1441
1747	1881	2622	2012	1525
1748	1887	2603	1979	1400
1749	1836	2472	1866	1393
1750	1803	2576	1900	1499
1751	1768	2571	1808	1445
1752	1869	2506	1867	1444
1753	1804	2574	1937	1478
1754	1953	2651	2056	1587
1755	1923	2614	1950	1525
1756	1825	2439	1795	1447
1757	1791	2274	1758	1384
1758	1861	2488	1868	1367
1759	1878	2670	1953	1494
1760	1863	2550	1935	1519
1761	1883	2480	1901	1431
1762	1824	2506	1819	1397
1763	1837	2542	1839	1506
1764	1914	2634	1929	1515
1765	1815	2512	1835	1463
1766	1805	2492	1804	1465
1767	1697	2423	1782	1403
1768	1805	2565	1768	1461
1769	1873	2605	1871	1382
1770	1848	2584	1964	1484
1771	1735	2449	1669	1424
1772	1728	2386	1744	1350
1773	1797	2492	1890	1433
1774	1837	2570	1901	1504
1775	1738	2443	1826	1434
1776	1704	2457	1773	1394
1777	1707	2286	1739	1444
1778	1756	2382	1798	1353
1779	1821	2460	1863	1424
1780	1701	2435	1807	1393
1781	1807	2476	1742	1472
1782	1755	2437	1880	1450
1783	1841	2498	1868	1444
1784	1659	2370	1794	1367
1785	1807	2386	1739	1381
1786	1889	2480	1778	1520
1787	1742	2517	1829	1362
1788	1862	2501	1927	1489
1789	1807	2406	1894	1442
1790	1706	2353	1740	1335
1791	1803	2465	1807	1393
1792	1715	2486	1811	1453
1793	1878	2572	1904	1480
1794	1780	2386	1842	1454
1795	1820	2461	1844	1432
1796	1886	2580	1984	1530
1797	1742	2397	1732	1305
1798	1734	2418	1783	1353
1799	1803	2487	1846	1479
1800	1823	2424	1825	1459
1801	1771	2461	1808	1448
1802	1821	2601	1855	1441
1803	1844	2689	1832	1447
1804	1725	2398	1774	1391
1805	1790	2433	1819	1411
1806	1819	2338	1708	1347
1807	1718	2480	1655	1383
1808	1671	2415	1852	1292
1809	1800	2631	1738	1460
1810	1791	2633	1845	1423
1811	1806	2578	1888	1437
1812	1754	2557	1876	1382
1813	1816	2261	1806	1422
1814	1732	2466	1858	1380
1815	1754	2366	1722	1342
1816	1690	2494	1703	1312
1817	1715	2418	1759	1439
1818	1683	2480	1718	1387
1819	1738	2309	1760	1375
1820	1677	2344	1657	1364
1821	1641	2382	1694	1326
1822	1776	2553	1823	1391
1823	1834	2463	1782	1387
1824	1848	2544	1925	1386
1825	1770	2431	1769	1364
1826	1796	2348	1738	1376
1827	1706	2422	1771	1429
1828	1828	2436	1731	1406
1829	1759	2533	1858	1401
1830	1836	2591	1866	1489
1831	1731	2378	1786	1388
1832	1791	2467	1795	1512
1833	1697	2310	1760	1413
1834	1706	2324	1668	1333
1835	1661	2407	1755	1434
1836	1679	2302	1731	1339
1837	1718	2386	1811	1454
1838	1681	2403	1792	1448
1839	1719	2381	1721	1333
1840	1698	2350	1676	1415
1841	1630	2297	1700	1359
1842	1712	2507	1796	1383
1843	1670	2388	1739	1430
1844	1753	2333	1755	1381
1845	1698	2395	1769	1406
1846	1735	2362	1765	1377
1847	1741	2357	1819	1330
1848	1700	2330	1781	1306
1849	1645	2337	1816	1347
1850	1767	2468	1823	1416
1851	1731	2475	1759	1437
1852	1748	2481	1880	1476
1853	1751	2427	1889	1408
1854	1645	2372	1824	1356
1855	1696	2482	1865	1371
1856	1709	2333	1666	1289
1857	1599	2197	1719	1321
1858	1631	2314	1747	1357
1859	1787	2448	1884	1403
1860	1800	2575	1811	1468
1861	1684	2362	1746	1345
1862	1590	2295	1684	1264
1863	1658	2249	1620	1236
1864	1736	2351	1758	1344
1865	1798	2485	1745	1367
1866	1620	2396	1763	1380
1867	1725	2341	1732	1326
1868	1769	2430	1818	1364
1869	1712	2428	1828	1371
1870	1724	2271	1670	1372
1871	1687	2356	1746	1375
1872	1687	2360	1774	1421
1873	1654	2366	1664	1312
1874	1613	2244	1721	1338
1875	1641	2323	1664	1311
1876	1722	2317	1760	1364
1877	1741	2335	1744	1463
1878	1705	2227	1709	1370
1879	1704	2325	1729	1349
1880	1642	2109	1691	1322
1881	1587	2334	1732	1359
1882	1630	2180	1623	1329
1883	1708	2381	1831	1417
1884	1644	2424	1719	1317
1885	1658	2463	1704	1369
1886	1698	2337	1769	1374
1887	1642	2238	1731	1358
1888	1547	2159	1665	1268
1889	1627	2363	1752	1358
1890	1687	2323	1697	1287
1891	1642	2260	1732	1335
1892	1635	2321	1666	1339
1893	1659	2208	1651	1225
1894	1604	2219	1613	1197
1895	1659	2305	1671	1278
1896	1615	2243	1637	1347
1897	1646	2331	1706	1293
1898	1632	2307	1722	1359
1899	1742	2303	1736	1373
1900	1729	2410	1712	1356
1901	1614	2193	1648	1209
1902	1572	2177	1657	1306
1903	1606	2268	1672	1267
1904	1659	2200	1602	1320
1905	1590	2290	1642	1267
1906	1555	2199	1609	1266
1907	1668	2134	1624	1314
1908	1671	2288	1666	1313
1909	1597	2240	1670	1287
1910	1627	2252	1716	1247
1911	1583	2263	1565	1236
1912	1695	2352	1732	1327
1913	1713	2379	1725	1353
1914	1697	2292	1696	1228
1915	1638	2183	1664	1360
1916	1509	2204	1653	1254
1917	1615	2277	1676	1307
1918	1563	2115	1636	1282
1919	1514	2122	1563	1245
1920	1569	2116	1626	1274
1921	1653	2126	1728	1293
1922	1685	2410	1676	1290
1923	1645	2467	1774	1298
1924	1685	2240	1740	1247
1925	1577	2083	1627	1224
1926	1620	2097	1614	1282
1927	1580	2121	1605	1206
1928	1603	2217	1652	1272
1929	1641	2269	1632	1322
1930	1584	2114	1574	1240
1931	1501	2142	1526	1249
1932	1543	2114	1529	1239
1933	1548	2222	1581	1313
1934	1644	2249	1663	1292
1935	1632	2244	1654	1318
1936	1556	2175	1572	1324
1937	1548	2090	1554	1276
1938	1538	2072	1574	1211
1939	1462	2056	1526	1205
1940	1432	2115	1598	1256
1941	1572	2126	1599	1217
1942	1635	2231	1650	1275
1943	1611	2129	1578	1286
1944	1646	2061	1624	1233
1945	1543	2252	1690	1299
1946	1568	2222	1645	1279
1947	1528	2161	1643	1265
1948	1667	2321	1708	1288
1949	1569	2179	1601	1234
1950	1530	2197	1642	1285
1951	1576	2238	1602	1293
1952	1457	2098	1502	1205
1953	1604	2213	1592	1234
1954	1593	2154	1647	1347
1955	1663	2280	1649	1288
1956	1534	2086	1673	1300
1957	1608	2154	1594	1277
1958	1478	2018	1543	1220
1959	1506	2106	1628	1273
1960	1571	2145	1621	1244
1961	1646	2217	1694	1276
1962	1524	2188	1633	1221
1963	1638	2161	1590	1324
1964	1648	2306	1630	1284
1965	1555	2207	1556	1283
1966	1556	2219	1657	1234
1967	1589	2272	1595	1273
1968	1490	2151	1607	1244
1969	1600	2141	1568	1326
1970	1578	2027	1610	1319
1971	1501	2036	1572	1203
1972	1604	2061	1615	1257
1973	1521	2154	1551	1176
1974	1535	2203	1673	1259
1975	1606	2283	1717	1193
1976	1459	2141	1653	1212
1977	1463	2095	1423	1189
1978	1431	1992	1509	1165
1979	1542	2193	1561	1206
1980	1562	2248	1691	1355
1981	1566	2108	1573	1235
1982	1507	2103	1523	1229
1983	1571	2067	1489	1180
1984	1566	2005	1490	1153
1985	1497	2142	1614	1272
1986	1587	2147	1611	1323
1987	1542	2109	1552	1252
1988	1457	2121	1522	1160
1989	1512	2119	1554	1245
1990	1546	2202	1622	1332
1991	1574	2169	1642	1186
1992	1480	2053	1603	1217
1993	1503	2089	1600	1160
1994	1549	2089	1501	1199
1995	1492	2016	1532	1219
1996	1632	2126	1579	1287
1997	1644	2266	1604	1309
1998	1636	2164	1564	1240
1999	1577	2280	1624	1240
2000	1553	2219	1596	1271
